key,chain,dex,pair,fee_pct,tvl,mode,width_pct,usd_w1,usd_w2,usd_w3,usd_90d,usd_min,fee_apr_90d,funding_apr_90d,price_pnl_apr_90d,cost_apr_90d
8453:0xb07d7eece8866e549601af5c7622d8cdbedc914e,Base,Aerodrome Slipstream,EURC/CBBTC,0.05,360550.369394,Авто-ребаланс,10.0,31.235570936710737,15.030744839181773,22.728878977454134,23.078114850303304,15.030744839181773,45.51228908126514,3.143905661924213,-23.79620561622822,1.781874276657806
8453:0xe070797535b13431808f8fc81fdbe7b41362960ed0b55bc2b6117c49c51b7eb9,Base,Uniswap v4,ETH/USDC,0.3499,4569506.258214,Авто-ребаланс,10.0,31.298181506335375,9.634291231675,16.07628205219118,17.389676262949617,9.634291231675,58.13490581888312,3.09794115241579,-39.20740216202072,4.63576854632862
8453:0xb07d7eece8866e549601af5c7622d8cdbedc914e,Base,Aerodrome Slipstream,EURC/CBBTC,0.05,360550.369394,Авто-ребаланс,20.0,20.175350945483185,8.778454175640585,12.93598100220602,13.880955422608313,8.778454175640585,25.734194140639705,3.006970585117864,-14.1780277144226,0.6821815887266509
8453:0xb07d7eece8866e549601af5c7622d8cdbedc914e,Base,Aerodrome Slipstream,EURC/CBBTC,0.05,360550.369394,"Стейк AERO, авто-ребаланс",10.0,23.15298100563613,5.593156918454451,14.18034711720208,14.418335251150674,5.593156918454451,36.8525094821125,3.143905661924213,-23.79620561622822,1.781874276657806
8453:0xb07d7eece8866e549601af5c7622d8cdbedc914e,Base,Aerodrome Slipstream,EURC/CBBTC,0.05,360550.369394,Пассивно,20.0,20.175350945483185,5.3887309226072375,12.93598100220602,7.782399851887825,5.3887309226072375,14.573598240854812,1.4911741655004338,-8.024631225166319,0.25774132930108695
8453:0xb07d7eece8866e549601af5c7622d8cdbedc914e,Base,Aerodrome Slipstream,EURC/CBBTC,0.05,360550.369394,"Стейк AERO, пассивно",10.0,23.15298100563613,5.324153838296495,12.530486004332463,10.613028952685385,5.324153838296495,18.981222595421105,1.306189571972089,-9.18866572612676,0.4857174885810096
8453:0xe070797535b13431808f8fc81fdbe7b41362960ed0b55bc2b6117c49c51b7eb9,Base,Uniswap v4,ETH/USDC,0.3499,4569506.258214,Пассивно,30.0,15.955973490319963,4.395952604638501,7.182627623020201,2.6655406558352737,4.395952604638501,11.883200055694672,1.4510362736688056,-10.439286129415343,0.2294095441128473
8453:0xb07d7eece8866e549601af5c7622d8cdbedc914e,Base,Aerodrome Slipstream,EURC/CBBTC,0.05,360550.369394,"Стейк AERO, авто-ребаланс",20.0,15.649412557717762,3.547295981254554,7.9593356532628095,8.955985653144209,3.547295981254554,20.8092243711756,3.006970585117864,-14.1780277144226,0.6821815887266509
8453:0xb07d7eece8866e549601af5c7622d8cdbedc914e,Base,Aerodrome Slipstream,EURC/CBBTC,0.05,360550.369394,Пассивно,30.0,16.30214634091486,3.346485240395906,10.044463445721643,7.88647789603998,3.346485240395906,16.72428000090819,1.831343746078783,-10.382541586474453,0.2866042644725985
8453:0xb07d7eece8866e549601af5c7622d8cdbedc914e,Base,Aerodrome Slipstream,EURC/CBBTC,0.05,360550.369394,Авто-ребаланс,30.0,16.30214634091486,3.346485240395906,10.044463445721643,9.405091658420389,3.346485240395906,19.399241062429777,2.4038273139977044,-11.822592172957247,0.5753845450498647
8453:0xb07d7eece8866e549601af5c7622d8cdbedc914e,Base,Aerodrome Slipstream,EURC/CBBTC,0.05,360550.369394,Пассивно,10.0,31.235570936710737,2.0276463939520277,21.008560131173915,11.840167001560618,2.0276463939520277,20.20836064429634,1.306189571972089,-9.18866572612676,0.4857174885810096
42161:0x864abca0a6202dba5b8868772308da953ff125b0f95015adbf89aaf579e903a8,Arbitrum,Uniswap v4,ETH/USDC,0.0625,7143372.960387,Пассивно,,4.124037203764669,1.6265603479784518,4.178164872589233,1.3745472227626954,1.6265603479784518,2.113535465149553,4.146323390577279,-4.749934296346106,0.13537733661800377
8453:0xb07d7eece8866e549601af5c7622d8cdbedc914e,Base,Aerodrome Slipstream,EURC/CBBTC,0.05,360550.369394,"Стейк AERO, пассивно",20.0,15.649412557717762,1.581791592653141,7.9593356532628095,5.340147142282397,1.581791592653141,12.131345531249362,1.4911741655004338,-8.024631225166319,0.25774132930108695
8453:0xe070797535b13431808f8fc81fdbe7b41362960ed0b55bc2b6117c49c51b7eb9,Base,Uniswap v4,ETH/USDC,0.3499,4569506.258214,Пассивно,,6.163823094296895,1.254455633477974,5.115755467726059,3.216666365053217,1.254455633477974,3.1400334323315975,4.180514262988714,-3.968133559200731,0.13574777106637592
42161:0xf3eb87c1f6020982173c908e7eb31aa66c1f0296,Arbitrum,Sushi v3,WETH/USDC,0.05,368038.72732,Пассивно,,5.579633663887895,0.9732614881253228,4.676462066226881,2.425970140281904,0.9732614881253228,2.8034825630684295,3.9149168246768262,-4.156882683064439,0.1355465643989084
8453:0xb07d7eece8866e549601af5c7622d8cdbedc914e,Base,Aerodrome Slipstream,EURC/CBBTC,0.05,360550.369394,Пассивно,,5.565822565847045,0.910864966328418,4.001593971124329,3.4929854390274477,0.910864966328418,2.437983119901887,3.6707506216543035,-2.4841215605374765,0.13162674199133306
42161:0x03df2300e83353309c1069ae3ea89c31b361a009f9c36a1de5c8f0afcc45bde8,Arbitrum,Uniswap v4,ETH/USDC,0.3499,3237764.513506,Пассивно,,7.4166448180929185,0.8676964168095128,4.810553237428429,2.586432472238279,0.8676964168095128,3.4635742946806927,4.056117200855344,-4.7978244739262506,0.13543454937152463
42161:0xf3eb87c1f6020982173c908e7eb31aa66c1f0296,Arbitrum,Sushi v3,WETH/USDC,0.05,368038.72732,Авто-ребаланс,20.0,15.2572537229744,0.4145603828005474,2.0965296590480413,6.929582170092437,0.4145603828005474,28.062752765515413,2.5560093849121386,-22.52440988163637,1.1647700986988143
8453:0xb07d7eece8866e549601af5c7622d8cdbedc914e,Base,Aerodrome Slipstream,EURC/CBBTC,0.05,360550.369394,"Стейк AERO, пассивно",,5.151265246899799,0.396644591732518,3.541632577921504,3.0182638248959406,0.396644591732518,1.963261505770435,3.6707506216543035,-2.4841215605374765,0.13162674199133306
8453:0x3e66e55e97ce60096f74b7c475e8249f2d31a9fb,Base,Aerodrome Slipstream,USDC/CBBTC,0.0346,7355675.077588,"Стейк AERO, пассивно",20.0,4.966587074980602,0.2895108845635661,3.2044074403445677,0.23697422189628536,0.2895108845635661,6.59453125195898,1.5550019702394933,-7.65343805569426,0.2591209446079577
8453:0xb775272e537cc670c65dc852908ad47015244eaf,Base,Pancake v3,WETH/USDC,0.05,1219742.77141,"Комиссии + фарм наград, пассивно",,4.978382863935849,0.03372325777940735,4.542948657582082,2.214908073873698,0.03372325777940735,2.1047926740318696,4.192567789089268,-3.946771608587849,0.13568078065961794
8453:0x12d76c5c8ec8edffd3c143995b0aa43fe44a6d71eb9113796272909e54b8e078,Base,Uniswap v4,USDC/CBBTC,0.0625,3371381.514772,Авто-ребаланс,20.0,7.022359767244395,-0.10345884982277316,2.365648679714845,3.1617625193427,-0.10345884982277316,14.677807219694689,2.9225500725683937,-13.63457722932752,0.8040175435928584
8453:0x9785ef59e2b499fb741674ecf6faf912df7b3c1b,Base,Aerodrome Slipstream,WETH/USDT,0.0445,2460467.75359,Пассивно,,4.820373152408736,-0.17385766363093966,3.42470140569757,1.7018742849495894,-0.17385766363093966,1.5568136465547084,4.205098626736521,-3.9243407215705246,0.13569726677110894
8453:0x3e66e55e97ce60096f74b7c475e8249f2d31a9fb,Base,Aerodrome Slipstream,USDC/CBBTC,0.0346,7355675.077588,Авто-ребаланс,20.0,2.461775345506443,-0.2362464699846029,2.878044905541294,1.0189626950691963,-0.2362464699846029,12.134087844176197,2.9065573991058087,-13.342143843840931,0.6795387043718889
8453:0x6c561b446416e1a00e8e93e221854d6ea4171372,Base,Uniswap v3,WETH/USDC,0.3,163067768.867821,Пассивно,,4.312805678765951,-0.2894377416414716,4.150524411634254,1.7568933189430278,-0.2894377416414716,1.6418822302113223,4.2067768334085756,-3.956059218232013,0.13570652644485418
8453:0x3e66e55e97ce60096f74b7c475e8249f2d31a9fb,Base,Aerodrome Slipstream,USDC/CBBTC,0.0346,7355675.077588,Пассивно,20.0,2.461775345506443,-0.44365609492017477,2.878044905541294,-1.2019847135792128,-0.44365609492017477,5.155572316483468,1.5550019702394933,-7.65343805569426,0.2591209446079577
8453:0x72ab388e2e2f6facef59e3c3fa2c4e29011c2d38,Base,Pancake v3,WETH/USDC,0.01,4969308.957636,"Комиссии + фарм наград, пассивно",,4.196164581486683,-0.4878906725360779,4.106159242951253,1.6088764779709595,-0.4878906725360779,1.4971156161698675,4.207445110640255,-3.960016658514832,0.13566759032432782
42161:0x7fcdc35463e3770c2fb992716cd070b63540b947,Arbitrum,Pancake v3,WETH/USDC,0.01,473051.619529,"Комиссии + фарм наград, пассивно",,4.4986368876033564,-0.5749899269340047,4.120517526549341,0.7277738851744572,-0.5749899269340047,1.6434505450954275,3.969792503479529,-4.750086303186611,0.13538286021385612
42161:0xc31e54c7a869b9fcbecc14363cf510d1c41fa443,Arbitrum,Uniswap v3,WETH/USDC,0.05,1118511.713936,Пассивно,,4.5477244528956,-0.6113206425147832,4.13634581833162,0.7344283933949626,-0.6113206425147832,1.7020066343544065,3.924360202263355,-4.756579341084153,0.13535910213864238
8453:0xe070797535b13431808f8fc81fdbe7b41362960ed0b55bc2b6117c49c51b7eb9,Base,Uniswap v4,ETH/USDC,0.3499,4569506.258214,Авто-ребаланс,30.0,15.955973490319963,-0.6229955535160823,7.182627623020201,6.446273031756587,-0.6229955535160823,25.166377041219317,2.8963616261556115,-20.250231094129038,1.3662345414892556
8453:0x12d76c5c8ec8edffd3c143995b0aa43fe44a6d71eb9113796272909e54b8e078,Base,Uniswap v4,USDC/CBBTC,0.0625,3371381.514772,Пассивно,,4.4443383203177795,-0.6365570985457655,3.5915752397083605,2.361554486107862,-0.6365570985457655,1.3181288882573832,3.713494870233676,-2.5399973455248053,0.1300719268584389
8453:0xb4cb800910b228ed3d0834cf79d697127bbb00e5,Base,Uniswap v3,WETH/USDC,0.01,698189.675847,Пассивно,,3.4847485244150205,-0.7416953833846953,3.5976194864209248,1.1072256789747692,-0.7416953833846953,0.997195970089874,4.205060575302681,-3.9593626782123943,0.13566818820535506
42161:0xd9e2a1a61b6e61b275cec326465d417e52c1b95c,Arbitrum,Pancake v3,WETH/USDC,0.05,787147.903277,"Комиссии + фарм наград, пассивно",,4.455285181970309,-0.7544664153663174,4.326447806007333,1.363479999435106,-0.7544664153663174,1.7345013895222094,3.918790771135444,-4.15424105192601,0.1355711092965559
8453:0xaa5fe7dcc07dcb8b7afcd1b93874e7cb1e0ab50b,Base,Aerodrome Slipstream,WETH/EURC,0.05,892023.559055,"Стейк AERO, пассивно",,4.160949944008918,-0.7633341402813948,2.716505945873272,1.6163647541132906,-0.7633341402813948,1.1592365862856076,4.187358245454349,-3.593019610503763,0.1372104671229041
8453:0xd0b53d9277642d899df5c87a3966a349a798f224,Base,Uniswap v3,WETH/USDC,0.05,10060511.434283,Пассивно,,3.806480581782232,-0.7690143496976797,4.067922998525318,1.392644491867403,-0.7690143496976797,1.2700621566736643,4.204658464866869,-3.9464008859444206,0.13567524372867795
8453:0xb07d7eece8866e549601af5c7622d8cdbedc914e,Base,Aerodrome Slipstream,EURC/CBBTC,0.05,360550.369394,"Стейк AERO, пассивно",30.0,13.040912911490532,-0.7752104519167167,6.448250897172233,4.488370333603293,-0.7752104519167167,13.326172438471549,1.831343746078783,-10.382541586474453,0.2866042644725985
8453:0xb07d7eece8866e549601af5c7622d8cdbedc914e,Base,Aerodrome Slipstream,EURC/CBBTC,0.05,360550.369394,"Стейк AERO, авто-ребаланс",30.0,13.040912911490532,-0.7752104519167167,6.448250897172233,5.623614497770128,-0.7752104519167167,15.617763901779536,2.4038273139977044,-11.822592172957247,0.5753845450498647
42161:0x80c735c5a0222241f211b3edb8df2ccefad94553ec18f1c29143f0399c78f500,Arbitrum,Uniswap v4,WBTC/USDC,0.0625,3536486.871302,Пассивно,,3.4949279650972263,-0.8079231408307935,3.377829569238519,1.9410345339301895,-0.8079231408307935,0.6925975869423469,3.73241173482243,-2.3536847580625984,0.13029002977201276
8453:0x3e66e55e97ce60096f74b7c475e8249f2d31a9fb,Base,Aerodrome Slipstream,USDC/CBBTC,0.0346,7355675.077588,"Стейк AERO, пассивно",10.0,7.017420409564583,2.2419739831814374,-0.8260645130417218,1.0972242728178911,-0.8260645130417218,11.570161944552696,1.4654656584689407,-11.434471357699035,0.5039319725046899
42161:0x70bf44c3a9b6b047bf60e5a05968225dbf3d6a5b9e8a95a73727e48921e889c1,Arbitrum,Uniswap v4,WBTC/USDC,0.3499,328691.173448,Пассивно,,3.225073350030958,-0.855638650907912,3.0531335290777686,1.7036317784135824,-0.855638650907912,0.6496151091937928,3.565649849756246,-2.38103259858178,0.13060058195463975
8453:0xb2cc224c1c9fee385f8ad6a55b4d94e92359dc59,Base,Aerodrome Slipstream,WETH/USDC,0.0728,8562745.065349,"Стейк AERO, пассивно",,4.006919060548294,-0.8617975459873233,3.750125966459324,1.3017447642423527,-0.8617975459873233,1.1787796733707931,4.20887491087486,-3.950233109293718,0.1356767107095319
8453:0x3e66e55e97ce60096f74b7c475e8249f2d31a9fb,Base,Aerodrome Slipstream,USDC/CBBTC,0.0346,7355675.077588,Пассивно,,4.029081264457769,-0.8928704882713775,3.524795640802629,2.1094421572720923,-0.8928704882713775,1.0920462458690292,3.6982128067235704,-2.5507196577732247,0.130097237547224
42161:0xf3eb87c1f6020982173c908e7eb31aa66c1f0296,Arbitrum,Sushi v3,WETH/USDC,0.05,368038.72732,Пассивно,30.0,11.179804255229916,-0.5141627670140005,-0.9000820007157649,0.9539148057698508,-0.9000820007157649,9.49988239563716,1.3084064833037001,-9.633743317504333,0.22063075566663495
42161:0xf3eb87c1f6020982173c908e7eb31aa66c1f0296,Arbitrum,Sushi v3,WETH/USDC,0.05,368038.72732,Авто-ребаланс,30.0,11.179804255229916,-0.0070847465274921735,-0.9000820007157649,2.53199697815773,-0.9000820007157649,21.049211656689888,2.6748382388295284,-20.479041965657515,0.7130109517042352
42161:0xc6962004f452be9203591991d15f6b388e09e8d0,Arbitrum,Uniswap v3,WETH/USDC,0.05,37096104.750623,Пассивно,,3.8751464662127373,-0.9466134621130184,4.008785642798304,0.36213636437992625,-0.9466134621130184,1.3177424052002453,3.9311337300690954,-4.751348013793484,0.13539175709593862
42161:0x641c00a822e8b671738d32a431a4fb6074e5c79d,Arbitrum,Uniswap v3,WETH/USD₮0,0.05,6444291.054483,Пассивно,,3.761456064063922,-0.9505078634383161,3.894964189504731,0.9244072705846882,-0.9505078634383161,1.2412885852722129,3.9595418928185535,-4.140901454234604,0.13552175327153185
8453:0x9785ef59e2b499fb741674ecf6faf912df7b3c1b,Base,Aerodrome Slipstream,WETH/USDT,0.0445,2460467.75359,"Стейк AERO, пассивно",,3.880472253517025,-0.9591354663063956,3.5896526655624763,1.199518963184263,-0.9591354663063956,1.0544583247894022,4.205098626736521,-3.9243407215705246,0.13569726677110894
8453:0xb775272e537cc670c65dc852908ad47015244eaf,Base,Pancake v3,WETH/USDC,0.05,1219742.77141,Пассивно,,3.9179746741421084,-0.9602784347796359,3.639559076290614,1.2033072335364396,-0.9602784347796359,1.0931918336946387,4.192567789089268,-3.946771608587849,0.13568078065961794
8453:0xb94b22332abf5f89877a14cc88f2abc48c34b3df,Base,Pancake v3,USDC/CBBTC,0.01,1762252.850586,"Комиссии + фарм наград, пассивно",,4.034589040866689,-0.9635833048582929,3.43477192834633,2.0485751026912644,-0.9635833048582929,1.0082904319135306,3.714255422971495,-2.543868021039084,0.13010273115464926
8453:0x3fe04a59ebd38cf06080a6f60a98d124eb59392a,Base,Aerodrome Slipstream,WETH/USDC,0.0625,12279890.854137,Пассивно,,4.2285975263291835,-0.9853891228862625,3.3678311132878838,1.1957430968046638,-0.9853891228862625,1.0673036903860962,4.206796535386015,-3.9426895609607078,0.13566756800671162
8453:0xe070797535b13431808f8fc81fdbe7b41362960ed0b55bc2b6117c49c51b7eb9,Base,Uniswap v4,ETH/USDC,0.3499,4569506.258214,Пассивно,10.0,35.3549596249938,-1.0032383528419109,16.65106494196378,14.55955387474466,-1.0032383528419109,27.106662940447034,0.7514938736296044,-12.658713040146944,0.6398898991850767
8453:0x3e66e55e97ce60096f74b7c475e8249f2d31a9fb,Base,Aerodrome Slipstream,USDC/CBBTC,0.0346,7355675.077588,"Стейк AERO, пассивно",,4.252016139679212,-1.0157929089658073,3.554750054545807,2.1516449388870935,-1.0157929089658073,1.1342490274840336,3.6982128067235704,-2.5507196577732247,0.130097237547224
8453:0xf97db19953c4309b3af2ceb9cce172939e8868321a24656667d44cccb31c9ddc,Base,Uniswap v4,USDC/CBBTC,0.1762,1318687.924526,Пассивно,,3.9158696872442182,-1.023637198882801,3.1273648586879954,1.8623375625539909,-1.023637198882801,0.8913140331153038,3.6825120658408457,-2.5813119629040906,0.13017657349815578
42161:0xe88bba0ec2fc9091d68344b32b504abcc59f0aa9e1ae2ef048b69bc7ec3f4df8,Arbitrum,Uniswap v4,ETH/USD₮0,0.0625,926636.364251,Пассивно,,3.103849833158955,-1.045742422437274,3.7792725435165333,0.00961006699491427,-1.045742422437274,0.7357094517775965,4.145522294770785,-4.736309838141619,0.13531184141179375
8453:0x72ab388e2e2f6facef59e3c3fa2c4e29011c2d38,Base,Pancake v3,WETH/USDC,0.01,4969308.957636,Пассивно,,3.6002460735648563,-1.051198202364203,3.599876213774706,1.0393236536110844,-1.051198202364203,0.9275627918099664,4.207445110640255,-3.960016658514832,0.13566759032432782
8453:0xb2cc224c1c9fee385f8ad6a55b4d94e92359dc59,Base,Aerodrome Slipstream,WETH/USDC,0.0728,8562745.065349,Пассивно,,3.6525844634748323,-1.145416455634341,4.31586166202696,1.3054339203555145,-1.145416455634341,1.1824688294839192,4.20887491087486,-3.950233109293718,0.1356767107095319
42161:0x5969efdde3cf5c0d9a88ae51e47d721096a97203,Arbitrum,Uniswap v3,WBTC/USD₮0,0.05,4164592.373085,Пассивно,,3.870427868368858,-1.1665334298379915,3.171198910328314,1.8421927241713332,-1.1665334298379915,0.8577299628707482,3.4850466936831936,-2.3701462301143468,0.13043770226831305
8453:0xfbb6eed8e7aa03b138556eedaf5d271a5e1e43ef,Base,Uniswap v3,USDC/CBBTC,0.05,8506440.807863,Пассивно,,3.858076040132774,-1.1990483952512299,3.3596355617861096,1.8943375351206448,-1.1990483952512299,0.8499482477404101,3.7150826612302805,-2.5406105564331813,0.13008281741687364
8453:0xaa5fe7dcc07dcb8b7afcd1b93874e7cb1e0ab50b,Base,Aerodrome Slipstream,WETH/EURC,0.05,892023.559055,Пассивно,,3.482281382791001,-1.257225833706803,2.1896555245510387,1.036881967478013,-1.257225833706803,0.5797537996502945,4.187358245454349,-3.593019610503763,0.1372104671229041
42161:0xd9e2a1a61b6e61b275cec326465d417e52c1b95c,Arbitrum,Pancake v3,WETH/USDC,0.05,787147.903277,Пассивно,,3.775558007629334,-1.3182249194511457,3.736889573650083,0.7370025829059516,-1.3182249194511457,1.108023972993051,3.918790771135444,-4.15424105192601,0.1355711092965559
8453:0x3e66e55e97ce60096f74b7c475e8249f2d31a9fb,Base,Aerodrome Slipstream,USDC/CBBTC,0.0346,7355675.077588,"Стейк AERO, авто-ребаланс",20.0,4.966587074980602,-1.3897067816335593,3.2044074403445677,1.5636222874028816,-1.3897067816335593,12.678747436509921,2.9065573991058087,-13.342143843840931,0.6795387043718889
42161:0x0e4831319a50228b9e450861297ab92dee15b44f,Arbitrum,Uniswap v3,WBTC/USDC,0.05,8037861.079307,Пассивно,,3.6411128949775184,-1.4064644509919173,3.2552059905094013,1.7287041831621053,-1.4064644509919173,0.7186263717897182,3.495867783950158,-2.355493804546799,0.13029616803103486
8453:0x3fe04a59ebd38cf06080a6f60a98d124eb59392a,Base,Aerodrome Slipstream,WETH/USDC,0.0625,12279890.854137,"Стейк AERO, пассивно",,3.424927197698137,-1.4271451392988255,3.2475852399297724,0.7457310030456649,-1.4271451392988255,0.6172915966270714,4.206796535386015,-3.9426895609607078,0.13566756800671162
8453:0xb94b22332abf5f89877a14cc88f2abc48c34b3df,Base,Pancake v3,USDC/CBBTC,0.01,1762252.850586,Пассивно,,3.5071717223578984,-1.4736310769734353,2.9648452659316242,1.5336386080200672,-1.4736310769734353,0.49335393724231486,3.714255422971495,-2.543868021039084,0.13010273115464926
42161:0x7fcdc35463e3770c2fb992716cd070b63540b947,Arbitrum,Pancake v3,WETH/USDC,0.01,473051.619529,Пассивно,,3.424335335404481,-1.5137457469043898,3.189709949398025,-0.27495933695164626,-1.5137457469043898,0.6407173229693096,3.969792503479529,-4.750086303186611,0.13538286021385612
8453:0x160d7e9d948b16c163332a277b393c288408eb12,Base,Aerodrome Slipstream,USDC/CBBTC,0.0218,5221477.505015,"Стейк AERO, пассивно",,3.6697355278285126,-1.5293554618548875,3.0180933297592127,1.5895153881365727,-1.5293554618548875,0.5540258681462353,3.7157771093041614,-2.55017665175266,0.1301109375611672
8453:0x160d7e9d948b16c163332a277b393c288408eb12,Base,Aerodrome Slipstream,USDC/CBBTC,0.0218,5221477.505015,Пассивно,,3.6025000041933715,-1.5513769570024456,2.9819032453495358,1.5469962739197045,-1.5513769570024456,0.51150675392933,3.7157771093041614,-2.55017665175266,0.1301109375611672
8453:0x4e962bb3889bf030368f56810a9c96b83cb3e778,Base,Aerodrome Slipstream,USDC/CBBTC,0.0532,6040393.319163,"Стейк AERO, пассивно",,3.63547005091879,-1.5612757380342461,2.992578284862888,1.5563764897990926,-1.5612757380342461,0.5207204378790482,3.7159754034750683,-2.550216528786998,0.1301028227680212
42161:0x843ac8dc6d34aeb07a56812b8b36429ee46bdd07,Arbitrum,Pancake v3,WBTC/USDC,0.05,406657.816518,"Комиссии + фарм наград, пассивно",,3.7697882023072866,-1.5839859882787812,2.9955201708851424,1.6071008691062059,-1.5839859882787812,0.677938103984681,3.4391205623840673,-2.3794815320805176,0.1304762651820408
8453:0x4e962bb3889bf030368f56810a9c96b83cb3e778,Base,Aerodrome Slipstream,USDC/CBBTC,0.0532,6040393.319163,Пассивно,,3.582974434332934,-1.5898175291129037,2.999623120903195,1.5322629768987917,-1.5898175291129037,0.49660692497874453,3.7159754034750683,-2.550216528786998,0.1301028227680212
42161:0x843ac8dc6d34aeb07a56812b8b36429ee46bdd07,Arbitrum,Pancake v3,WBTC/USDC,0.05,406657.816518,Пассивно,,3.548776645089191,-1.7691648114511132,2.7937554387345487,1.3988907809796902,-1.7691648114511132,0.46972801585817153,3.4391205623840673,-2.3794815320805176,0.1304762651820408
42161:0x03df2300e83353309c1069ae3ea89c31b361a009f9c36a1de5c8f0afcc45bde8,Arbitrum,Uniswap v4,ETH/USDC,0.3499,3237764.513506,Пассивно,10.0,66.56173767887229,-1.911739421650604,9.942562642723265,24.402857687891593,-1.911739421650604,38.37808014236669,0.7675420277699528,-14.095154255861742,0.6476102263833224
8453:0x12d76c5c8ec8edffd3c143995b0aa43fe44a6d71eb9113796272909e54b8e078,Base,Uniswap v4,USDC/CBBTC,0.0625,3371381.514772,Авто-ребаланс,10.0,9.31247881257213,-1.950490715607292,1.2211260162414572,3.228873394408147,-1.950490715607292,24.624558277947415,3.218888051860443,-22.583077629915874,2.0314953054838347
8453:0x12d76c5c8ec8edffd3c143995b0aa43fe44a6d71eb9113796272909e54b8e078,Base,Uniswap v4,USDC/CBBTC,0.0625,3371381.514772,Пассивно,20.0,7.022359767244395,-2.1255505064801317,2.365648679714845,0.38870819309028637,-2.1255505064801317,6.789922854853304,1.5728594870693846,-7.714991003041881,0.2590831457905633
42161:0xc473e2aee3441bf9240be85eb122abb059a3b57c,Arbitrum,Uniswap v3,WETH/USDC,0.3,5705323.513293,Пассивно,,2.5441727188376437,-2.13968571005128,4.292033051610752,-0.4129686243606813,-2.13968571005128,1.542303534419756,2.9831224594236536,-4.802980184530824,0.13541443367330505
8453:0x12d76c5c8ec8edffd3c143995b0aa43fe44a6d71eb9113796272909e54b8e078,Base,Uniswap v4,USDC/CBBTC,0.0625,3371381.514772,Пассивно,10.0,9.31247881257213,-2.2364240753494786,1.2211260162414572,0.2655826573540073,-2.2364240753494786,11.174954131159136,1.476722136383114,-11.867017555319908,0.5190760548683201
8453:0xb24f7fcd75c3a001b74be4c60f181c024154c4d7c33097777e3950979042b073,Base,Uniswap v4,TBTC/USDC,0.3499,726649.624081,Пассивно,,2.2449316056836954,-2.2678845691906524,2.805632046846265,0.7891884200640851,-2.2678845691906524,0.22056750262650507,3.2583437355239844,-2.5594206305639973,0.13030218752237485
8453:0xb775272e537cc670c65dc852908ad47015244eaf,Base,Pancake v3,WETH/USDC,0.05,1219742.77141,"Комиссии + фарм наград, пассивно",10.0,12.28428824441771,-1.533707354954031,-2.3461158448719677,7.767117969710584,-2.3461158448719677,20.064656239981282,0.7722493771437641,-12.398841093580105,0.6709465538344351
8453:0xb775272e537cc670c65dc852908ad47015244eaf,Base,Pancake v3,WETH/USDC,0.05,1219742.77141,"Комиссии + фарм наград, пассивно",30.0,5.627442059593086,-2.520583521697027,-0.7717604206606274,-0.5403222305264643,-2.520583521697027,8.21435329587469,1.4709912523067432,-9.99442537332875,0.23124140537908303
8453:0xec558e484cc9f2210714e345298fdc53b253c27d,Base,Uniswap v3,USDC/CBBTC,0.3,1791948.233748,Пассивно,,2.4269903128960864,-2.5682474614059876,3.0913867811467504,1.2037269797493484,-2.5682474614059876,0.6915779914454819,2.8963744938818636,-2.2535157751640433,0.13070973041401185
42161:0x864abca0a6202dba5b8868772308da953ff125b0f95015adbf89aaf579e903a8,Arbitrum,Uniswap v4,ETH/USDC,0.0625,7143372.960387,Авто-ребаланс,20.0,0.8022319290121548,0.5527382115183853,-2.634278584588513,1.6269031916877026,-2.634278584588513,22.519776632139315,2.8502543786993835,-22.414136678914726,1.3289911402363015
8453:0xe070797535b13431808f8fc81fdbe7b41362960ed0b55bc2b6117c49c51b7eb9,Base,Uniswap v4,ETH/USDC,0.3499,4569506.258214,Авто-ребаланс,20.0,23.199868076847842,-2.763126879511806,10.127049055741542,9.913476654259767,-2.763126879511806,34.283278920954096,2.551205430276625,-24.493358734034498,2.4276489629364426
42161:0xc82819f72a9e77e2c0c3a69b3196478f44303cf4,Arbitrum,Uniswap v3,WETH/USD₮0,0.3,367911.495425,Пассивно,,1.9125291543437828,-3.0232639853595127,4.247241898489316,-0.10072257763490339,-3.0232639853595127,1.4551122423343092,2.8005698711181455,-4.220819142215649,0.13558554887167432
8453:0x3e66e55e97ce60096f74b7c475e8249f2d31a9fb,Base,Aerodrome Slipstream,USDC/CBBTC,0.0346,7355675.077588,Пассивно,10.0,2.424517945455435,-3.1430261390318783,-1.4065046452822234,-2.3528125554273003,-3.1430261390318783,8.120125116307483,1.4654656584689407,-11.434471357699035,0.5039319725046899
42161:0x4d1576158518dd61924218446c1057cf03138d57,Arbitrum,Sushi v3,WETH/USDC,0.3,497694.662033,Пассивно,,2.159860799824074,-3.491943430957428,3.8682472090207596,-0.32537085737204513,-3.491943430957428,1.2994008603939229,2.747976908668007,-4.237098681050539,0.1356499453834193
8453:0xb94b22332abf5f89877a14cc88f2abc48c34b3df,Base,Pancake v3,USDC/CBBTC,0.01,1762252.850586,"Комиссии + фарм наград, пассивно",20.0,1.7498866191837468,-3.4920678406864414,-0.9991120058584022,-1.3412372959879986,-3.4920678406864414,5.196474878956479,1.5602214776135293,-7.834811098745184,0.26312255381282024
42161:0x03df2300e83353309c1069ae3ea89c31b361a009f9c36a1de5c8f0afcc45bde8,Arbitrum,Uniswap v4,ETH/USDC,0.3499,3237764.513506,Пассивно,30.0,28.414553197233015,-3.6013638352244572,3.0178267159004775,7.298790349288489,-3.6013638352244572,16.82204407212666,1.3791426965958535,-10.675942045192462,0.22645437424161427
8453:0x12d76c5c8ec8edffd3c143995b0aa43fe44a6d71eb9113796272909e54b8e078,Base,Uniswap v4,USDC/CBBTC,0.0625,3371381.514772,Пассивно,30.0,6.845685742612508,-3.694675457434112,-0.8369005811084361,1.9530112206718302,-3.694675457434112,9.27750310438935,1.7955852314064946,-8.877140065672485,0.24293704945158542
8453:0x12d76c5c8ec8edffd3c143995b0aa43fe44a6d71eb9113796272909e54b8e078,Base,Uniswap v4,USDC/CBBTC,0.0625,3371381.514772,Авто-ребаланс,30.0,6.845685742612508,-3.694675457434112,-0.8369005811084361,2.2892269603403705,-3.694675457434112,10.667303477227529,2.3618932217877373,-10.110069273614469,0.6299004650604737
8453:0xb94b22332abf5f89877a14cc88f2abc48c34b3df,Base,Pancake v3,USDC/CBBTC,0.01,1762252.850586,"Комиссии + фарм наград, пассивно",10.0,1.5330956337673465,-1.0309227196315183,-3.849186661603969,-1.5783173100450922,-3.849186661603969,8.963729758359744,1.4611227234425668,-11.493894629132297,0.5092751627151314
8453:0x160d7e9d948b16c163332a277b393c288408eb12,Base,Aerodrome Slipstream,USDC/CBBTC,0.0218,5221477.505015,"Стейк AERO, пассивно",20.0,-2.5787546153554053,-3.8012047086977088,-3.8746439612676222,-3.3969641324619193,-3.8746439612676222,3.243210133153202,1.5664719789777053,-7.939185310439282,0.2674609341535585
42161:0x03df2300e83353309c1069ae3ea89c31b361a009f9c36a1de5c8f0afcc45bde8,Arbitrum,Uniswap v4,ETH/USDC,0.3499,3237764.513506,Пассивно,20.0,41.04619495857544,-3.9844432683309665,8.086707459413757,13.156563495211513,-3.9844432683309665,21.719062302799223,1.2102278695401212,-9.49840135602709,0.27432532110070074
8453:0x4e962bb3889bf030368f56810a9c96b83cb3e778,Base,Aerodrome Slipstream,USDC/CBBTC,0.0532,6040393.319163,"Стейк AERO, пассивно",20.0,-2.5547350424316533,-4.048051563523759,-3.8059569892374676,-3.462193341572007,-4.048051563523759,3.0404093408184694,1.5636099467136721,-7.80393918481589,0.26227344428820093
8453:0xfbb6eed8e7aa03b138556eedaf5d271a5e1e43ef,Base,Uniswap v3,USDC/CBBTC,0.05,8506440.807863,Пассивно,10.0,-3.496056137771697,-4.107915852684632,-3.249410479579821,-4.609925461924794,-4.107915852684632,6.558049934265675,1.479737367589546,-12.11452808647597,0.5331846773041143
8453:0xe070797535b13431808f8fc81fdbe7b41362960ed0b55bc2b6117c49c51b7eb9,Base,Uniswap v4,ETH/USDC,0.3499,4569506.258214,Пассивно,20.0,23.199868076847842,-4.204941052286337,10.127049055741542,6.509906215698404,-4.204941052286337,15.432897955570388,1.1927510763783664,-9.813080220056543,0.30266259619377156
42161:0x70bf44c3a9b6b047bf60e5a05968225dbf3d6a5b9e8a95a73727e48921e889c1,Arbitrum,Uniswap v4,WBTC/USDC,0.3499,328691.173448,Пассивно,30.0,1.7519672718694201,-4.242036189737878,-2.836976878440604,-1.8200667015061598,-4.242036189737878,4.11507939472278,1.646712033583382,-7.380228252939758,0.2016298768725599
42161:0x70bf44c3a9b6b047bf60e5a05968225dbf3d6a5b9e8a95a73727e48921e889c1,Arbitrum,Uniswap v4,WBTC/USDC,0.3499,328691.173448,Авто-ребаланс,30.0,1.7519672718694201,-4.242036189737878,-2.836976878440604,-1.9984492840018429,-4.242036189737878,5.16393415086944,2.1935227492525247,-8.211038874577685,1.1448673095460848
42161:0x864abca0a6202dba5b8868772308da953ff125b0f95015adbf89aaf579e903a8,Arbitrum,Uniswap v4,ETH/USDC,0.0625,7143372.960387,Пассивно,30.0,0.40374031925363657,-3.743893798208898,-4.283456450759422,-4.289011935238559,-4.283456450759422,4.728025813430927,1.4569836968189742,-10.253873358565642,0.22014808692280746
42161:0x864abca0a6202dba5b8868772308da953ff125b0f95015adbf89aaf579e903a8,Arbitrum,Uniswap v4,ETH/USDC,0.0625,7143372.960387,Авто-ребаланс,30.0,0.40374031925363657,-3.104276264706666,-4.283456450759422,-0.3741581945711365,-4.283456450759422,16.892116956808955,2.8453184542331296,-19.333778100864745,0.7778155047485359
8453:0x160d7e9d948b16c163332a277b393c288408eb12,Base,Aerodrome Slipstream,USDC/CBBTC,0.0218,5221477.505015,Пассивно,20.0,-3.335531568148089,-4.504244262225965,-4.26962094914747,-3.964389680700639,-4.504244262225965,2.675784584914476,1.5664719789777053,-7.939185310439282,0.2674609341535585
8453:0x72ab388e2e2f6facef59e3c3fa2c4e29011c2d38,Base,Pancake v3,WETH/USDC,0.01,4969308.957636,"Комиссии + фарм наград, пассивно",30.0,0.37619604226332704,-3.056813491314977,-4.523216643039524,-2.828649715370577,-4.523216643039524,5.466631891032389,1.428542978755956,-9.489122549273246,0.23470203588570443
8453:0x4e962bb3889bf030368f56810a9c96b83cb3e778,Base,Aerodrome Slipstream,USDC/CBBTC,0.0532,6040393.319163,Пассивно,20.0,-3.1457756987661227,-4.987697694391587,-3.728970400616858,-4.110841843297448,-4.987697694391587,2.3917608390929845,1.5636099467136721,-7.80393918481589,0.26227344428820093
42161:0xf3eb87c1f6020982173c908e7eb31aa66c1f0296,Arbitrum,Sushi v3,WETH/USDC,0.05,368038.72732,Пассивно,20.0,15.2572537229744,-5.120720029724957,2.0965296590480413,2.97788505055836,-5.120720029724957,11.59828118686149,1.2139284133717636,-9.550642579874802,0.2836819698000624
42161:0x5969efdde3cf5c0d9a88ae51e47d721096a97203,Arbitrum,Uniswap v3,WBTC/USD₮0,0.05,4164592.373085,Пассивно,20.0,2.2793538253981285,-5.369682502771803,-3.20696182101914,-1.887639411168083,-5.369682502771803,4.58552960094453,1.4711037528779118,-7.703036420750324,0.24123634424024093
8453:0x3e66e55e97ce60096f74b7c475e8249f2d31a9fb,Base,Aerodrome Slipstream,USDC/CBBTC,0.0346,7355675.077588,Авто-ребаланс,10.0,2.424517945455435,-5.39105092449976,-1.4065046452822234,-0.7989474346883176,-5.39105092449976,20.312026580257598,3.208290010397752,-22.604021522305256,1.7152425030383722
8453:0x3e66e55e97ce60096f74b7c475e8249f2d31a9fb,Base,Aerodrome Slipstream,USDC/CBBTC,0.0346,7355675.077588,Пассивно,30.0,3.6574356519523206,-5.522086697796765,-1.240442098170341,-0.17199740504471284,-5.522086697796765,7.434044175716563,1.7720885660257146,-9.124539341755694,0.25359080503129844
8453:0x3e66e55e97ce60096f74b7c475e8249f2d31a9fb,Base,Aerodrome Slipstream,USDC/CBBTC,0.0346,7355675.077588,Авто-ребаланс,30.0,3.6574356519523206,-5.522086697796765,-1.240442098170341,0.29124716242205007,-5.522086697796765,8.82424345885541,2.3394251310794814,-10.347738787929982,0.5246826395828874
8453:0x6c561b446416e1a00e8e93e221854d6ea4171372,Base,Uniswap v3,WETH/USDC,0.3,163067768.867821,Пассивно,30.0,0.6130666333636925,-5.533807174899484,-2.4084240078682875,-3.375833226826602,-5.533807174899484,5.175577132557272,1.4806932350962734,-9.802669914653391,0.22943367982675728
42161:0x03df2300e83353309c1069ae3ea89c31b361a009f9c36a1de5c8f0afcc45bde8,Arbitrum,Uniswap v4,ETH/USDC,0.3499,3237764.513506,Авто-ребаланс,20.0,41.04619495857544,-5.548876498275845,8.086707459413757,16.075610524899748,-5.548876498275845,37.418102497746666,2.7846397709887127,-21.745115444363133,2.382016299472484
42161:0x0e4831319a50228b9e450861297ab92dee15b44f,Arbitrum,Uniswap v3,WBTC/USDC,0.05,8037861.079307,Пассивно,10.0,-2.441093779853391,-5.561055576840097,-5.14873846154529,-5.026608220302788,-5.561055576840097,5.528212853812621,1.392577754240734,-11.47615022728143,0.4712486010747059
8453:0xfbb6eed8e7aa03b138556eedaf5d271a5e1e43ef,Base,Uniswap v3,USDC/CBBTC,0.05,8506440.807863,Пассивно,20.0,0.2912378229335844,-5.571458704620565,1.0879941350543847,-2.364139240430199,-5.571458704620565,4.063501237571075,1.5734753402864126,-7.741326764720571,0.25978905356710924
42161:0x5969efdde3cf5c0d9a88ae51e47d721096a97203,Arbitrum,Uniswap v3,WBTC/USD₮0,0.05,4164592.373085,Авто-ребаланс,20.0,2.2793538253981285,-5.581640019255827,-3.20696182101914,-1.787599075037732,-5.581640019255827,9.57717416206144,2.7048776581370415,-13.384892375197541,0.6847585200386829
8453:0xd0b53d9277642d899df5c87a3966a349a798f224,Base,Uniswap v3,WETH/USDC,0.05,10060511.434283,Пассивно,30.0,-3.8283572379628206,-5.5920446766550445,-3.165362271752951,-5.133168472203914,-5.5920446766550445,3.575368025141943,1.4747306483585847,-9.951780937947484,0.23148620775693016
8453:0xfbb6eed8e7aa03b138556eedaf5d271a5e1e43ef,Base,Uniswap v3,USDC/CBBTC,0.05,8506440.807863,Авто-ребаланс,20.0,0.2912378229335844,-5.845260026593712,1.0879941350543847,-2.0774732493872183,-5.845260026593712,9.46147157211183,2.9174540698535227,-13.738149781655107,0.7182491096974682
42161:0x5969efdde3cf5c0d9a88ae51e47d721096a97203,Arbitrum,Uniswap v3,WBTC/USD₮0,0.05,4164592.373085,Пассивно,10.0,2.2446639321459667,-6.07097002742997,-5.816079618068035,-1.2205827114994379,-6.07097002742997,7.42325082600368,1.2447140292483378,-9.405066524809829,0.483481041941582
8453:0xb775272e537cc670c65dc852908ad47015244eaf,Base,Pancake v3,WETH/USDC,0.05,1219742.77141,"Комиссии + фарм наград, пассивно",20.0,6.536802501835664,-6.103435242876439,0.35994905428194673,1.598207810637305,-6.103435242876439,11.170346986805828,1.200476861291434,-10.440224775083436,0.33239126237652233
8453:0xf97db19953c4309b3af2ceb9cce172939e8868321a24656667d44cccb31c9ddc,Base,Uniswap v4,USDC/CBBTC,0.1762,1318687.924526,Пассивно,20.0,3.0382895186122405,-5.921239675954786,-6.240763090742141,-0.8744960055090006,-6.240763090742141,4.909663255497594,1.5114678970992808,-7.052913660234303,0.242713497871605
42161:0x5969efdde3cf5c0d9a88ae51e47d721096a97203,Arbitrum,Uniswap v3,WBTC/USD₮0,0.05,4164592.373085,Пассивно,30.0,2.6459869213008265,-6.514010002948919,-2.1309121265957023,-2.9604015022892205,-6.514010002948919,5.781506732948671,1.6938829600459016,-10.137456876604265,0.2983343186795381
42161:0x5969efdde3cf5c0d9a88ae51e47d721096a97203,Arbitrum,Uniswap v3,WBTC/USD₮0,0.05,4164592.373085,Авто-ребаланс,30.0,2.6459869213008265,-6.514010002948919,-2.1309121265957023,-2.9496141517742966,-6.514010002948919,6.914976485111262,2.2894207974089436,-11.552070003532872,0.6019414307616315
8453:0x3e66e55e97ce60096f74b7c475e8249f2d31a9fb,Base,Aerodrome Slipstream,USDC/CBBTC,0.0346,7355675.077588,"Стейк AERO, пассивно",30.0,5.438868273915614,-6.525742278902764,-1.0026168936724045,0.21552712845872174,-6.525742278902764,7.821568709220015,1.7720885660257146,-9.124539341755694,0.25359080503129844
8453:0x3e66e55e97ce60096f74b7c475e8249f2d31a9fb,Base,Aerodrome Slipstream,USDC/CBBTC,0.0346,7355675.077588,"Стейк AERO, авто-ребаланс",30.0,5.438868273915614,-6.525742278902764,-1.0026168936724045,0.640132554791773,-6.525742278902764,9.173128851225144,2.3394251310794814,-10.347738787929982,0.5246826395828874
8453:0xb94b22332abf5f89877a14cc88f2abc48c34b3df,Base,Pancake v3,USDC/CBBTC,0.01,1762252.850586,"Комиссии + фарм наград, пассивно",30.0,3.6217303082963266,-6.56963314888146,-1.725116224740631,-1.114721577990101,-6.56963314888146,6.9352611587175925,1.762802997823291,-9.54578904207827,0.2669966924527004
8453:0xf97db19953c4309b3af2ceb9cce172939e8868321a24656667d44cccb31c9ddc,Base,Uniswap v4,USDC/CBBTC,0.1762,1318687.924526,Пассивно,30.0,3.0159894026649017,-6.730175858483742,-3.0704588130151036,-1.870631832053787,-6.730175858483742,6.008870012216947,1.7359883094134012,-9.355572857038478,0.25991729664563257
8453:0xf97db19953c4309b3af2ceb9cce172939e8868321a24656667d44cccb31c9ddc,Base,Uniswap v4,USDC/CBBTC,0.1762,1318687.924526,Авто-ребаланс,30.0,3.0159894026649017,-6.730175858483742,-3.0704588130151036,-2.564478856177681,-6.730175858483742,6.631984296537062,2.346122142403414,-10.708161064261496,0.8344242308566461
42161:0x70bf44c3a9b6b047bf60e5a05968225dbf3d6a5b9e8a95a73727e48921e889c1,Arbitrum,Uniswap v4,WBTC/USDC,0.3499,328691.173448,Пассивно,20.0,0.5064019899362232,-6.856793936400026,-0.8797630687212389,-2.4849436340504703,-6.856793936400026,2.83641331357049,1.3458214261772266,-6.453616116615734,0.21356225718248326
8453:0xb2cc224c1c9fee385f8ad6a55b4d94e92359dc59,Base,Aerodrome Slipstream,WETH/USDC,0.0728,8562745.065349,"Стейк AERO, пассивно",30.0,-1.348156104324262,-5.44457046696518,-6.8586033220395874,-3.9116099488040526,-6.8586033220395874,4.843707230941828,1.474797605314857,-9.994673201362613,0.23544158369816992
42161:0x843ac8dc6d34aeb07a56812b8b36429ee46bdd07,Arbitrum,Pancake v3,WBTC/USDC,0.05,406657.816518,"Комиссии + фарм наград, пассивно",20.0,1.4856229919542172,-6.912186846798046,-5.21248519551053,-2.25472349221389,-6.912186846798046,4.125393007898573,1.4334571850347668,-7.5730853891041425,0.24048829604312083
8453:0xb94b22332abf5f89877a14cc88f2abc48c34b3df,Base,Pancake v3,USDC/CBBTC,0.01,1762252.850586,Пассивно,20.0,-4.171910503318435,-7.188895819258578,-6.115222611544864,-4.34609569658265,-7.188895819258578,2.1916164783618544,1.5602214776135293,-7.834811098745184,0.26312255381282024
42161:0x03df2300e83353309c1069ae3ea89c31b361a009f9c36a1de5c8f0afcc45bde8,Arbitrum,Uniswap v4,ETH/USDC,0.3499,3237764.513506,Авто-ребаланс,30.0,28.414553197233015,-7.2486337555318,3.0178267159004775,11.20840319094256,-7.2486337555318,27.95848419218129,2.893756331942501,-18.332661324941256,1.3111760082399404
8453:0xf97db19953c4309b3af2ceb9cce172939e8868321a24656667d44cccb31c9ddc,Base,Uniswap v4,USDC/CBBTC,0.1762,1318687.924526,Авто-ребаланс,20.0,3.0382895186122405,-7.25861871650134,-6.240763090742141,-3.3874205082168896,-7.25861871650134,8.858594976721507,2.879627653959986,-14.131153119248191,0.9944900196501855
8453:0x9785ef59e2b499fb741674ecf6faf912df7b3c1b,Base,Aerodrome Slipstream,WETH/USDT,0.0445,2460467.75359,Пассивно,30.0,4.151793672727286,-4.683775900470369,-7.290573497623236,-1.674783124216397,-7.290573497623236,7.128969345693677,1.485039456793975,-10.057140389344488,0.23165153735960287
42161:0x80c735c5a0222241f211b3edb8df2ccefad94553ec18f1c29143f0399c78f500,Arbitrum,Uniswap v4,WBTC/USDC,0.0625,3536486.871302,Пассивно,30.0,-1.1745798972930634,-7.348295950667041,-1.51190003193404,-4.394081164858951,-7.348295950667041,4.307670361242942,1.7867623579396221,-10.18924292207306,0.2992709619684695
42161:0x80c735c5a0222241f211b3edb8df2ccefad94553ec18f1c29143f0399c78f500,Arbitrum,Uniswap v4,WBTC/USDC,0.0625,3536486.871302,Авто-ребаланс,30.0,-1.1745798972930634,-7.348295950667041,-1.51190003193404,-4.388865703092653,-7.348295950667041,5.554945407302543,2.3845370012037104,-11.635542051880861,0.6928060597180534
42161:0xd9e2a1a61b6e61b275cec326465d417e52c1b95c,Arbitrum,Pancake v3,WETH/USDC,0.05,787147.903277,"Комиссии + фарм наград, пассивно",20.0,5.253200595017577,-7.356605748255735,-0.8007856824646062,-0.3721390033705917,-7.356605748255735,8.412379333874197,1.2132459079390168,-9.705751632895462,0.2920126122883436
8453:0x3e66e55e97ce60096f74b7c475e8249f2d31a9fb,Base,Aerodrome Slipstream,USDC/CBBTC,0.0346,7355675.077588,"Стейк AERO, авто-ребаланс",10.0,7.017420409564583,-7.3737183087689395,-0.8260645130417218,0.18508880444128503,-7.3737183087689395,21.296062819387178,3.208290010397752,-22.604021522305256,1.7152425030383722
42161:0x0e4831319a50228b9e450861297ab92dee15b44f,Arbitrum,Uniswap v3,WBTC/USDC,0.05,8037861.079307,Пассивно,20.0,0.029198236492489676,-7.421703610549368,-3.3259635966207672,-2.499175189756209,-7.421703610549368,3.431544367178902,1.4765886277470284,-7.1684695485187895,0.2388386361633688
8453:0x4e962bb3889bf030368f56810a9c96b83cb3e778,Base,Aerodrome Slipstream,USDC/CBBTC,0.0532,6040393.319163,"Стейк AERO, авто-ребаланс",20.0,-2.5547350424316533,-7.462979281851136,-3.8059569892374676,-5.616643204783545,-7.462979281851136,5.830716926899086,2.915728368867871,-13.573600754844737,0.7894877457057666
8453:0x160d7e9d948b16c163332a277b393c288408eb12,Base,Aerodrome Slipstream,USDC/CBBTC,0.0218,5221477.505015,"Стейк AERO, авто-ребаланс",20.0,-2.5787546153554053,-7.505759382763292,-3.8746439612676222,-5.860879570794275,-7.505759382763292,6.202576304501912,2.908895175226171,-14.280435445037408,0.6919156054848833
42161:0x80c735c5a0222241f211b3edb8df2ccefad94553ec18f1c29143f0399c78f500,Arbitrum,Uniswap v4,WBTC/USDC,0.0625,3536486.871302,Пассивно,20.0,-3.110559789698371,-7.548764673325695,-2.627131702036596,-3.656726725414118,-7.548764673325695,2.1688287986584562,1.5482902312233164,-7.123649810829392,0.2501959444664932
8453:0x9785ef59e2b499fb741674ecf6faf912df7b3c1b,Base,Aerodrome Slipstream,WETH/USDT,0.0445,2460467.75359,Авто-ребаланс,30.0,4.151793672727286,-7.7769667536039995,-7.290573497623236,-4.3653934327607145,-7.7769667536039995,12.59185015559714,2.8847717140071323,-19.149144231769906,0.6928710705950382
8453:0x160d7e9d948b16c163332a277b393c288408eb12,Base,Aerodrome Slipstream,USDC/CBBTC,0.0218,5221477.505015,Авто-ребаланс,20.0,-3.335531568148089,-7.806074690183798,-4.26962094914747,-6.358576384085381,-7.806074690183798,5.704879491210779,2.908895175226171,-14.280435445037408,0.6919156054848833
8453:0x4e962bb3889bf030368f56810a9c96b83cb3e778,Base,Aerodrome Slipstream,USDC/CBBTC,0.0532,6040393.319163,Авто-ребаланс,20.0,-3.1457756987661227,-7.850769210065151,-3.728970400616858,-5.9162256068959325,-7.850769210065151,5.531134524786733,2.915728368867871,-13.573600754844737,0.7894877457057666
8453:0xb2cc224c1c9fee385f8ad6a55b4d94e92359dc59,Base,Aerodrome Slipstream,WETH/USDC,0.0728,8562745.065349,Пассивно,30.0,-4.180994713438286,-7.862603858162193,-2.3402408423264025,-5.737024828710418,-7.862603858162193,3.0182923510354693,1.474797605314857,-9.994673201362613,0.23544158369816992
8453:0xec558e484cc9f2210714e345298fdc53b253c27d,Base,Uniswap v3,USDC/CBBTC,0.3,1791948.233748,Пассивно,10.0,-6.743445239458159,-8.08449695417402,-5.0597788640623635,-5.330825337119567,-8.08449695417402,3.807728031896793,0.918581585932432,-9.621465630013581,0.4356693249351712
42161:0xd9e2a1a61b6e61b275cec326465d417e52c1b95c,Arbitrum,Pancake v3,WETH/USDC,0.05,787147.903277,"Комиссии + фарм наград, пассивно",10.0,2.2233706534498854,-8.09347052460185,-2.8744271693912524,1.5567624458431093,-8.09347052460185,14.927701465252547,0.7523656111284341,-13.432931484826963,0.6903731457109142
8453:0xfbb6eed8e7aa03b138556eedaf5d271a5e1e43ef,Base,Uniswap v3,USDC/CBBTC,0.05,8506440.807863,Пассивно,30.0,2.15014488597462,-8.143652335942992,-2.6009273155431374,-1.3443674493624902,-8.143652335942992,5.859158741968124,1.7954352670734697,-8.7572271925652,0.24173426583888616
8453:0xfbb6eed8e7aa03b138556eedaf5d271a5e1e43ef,Base,Uniswap v3,USDC/CBBTC,0.05,8506440.807863,Авто-ребаланс,30.0,2.15014488597462,-8.143652335942992,-2.6009273155431374,-1.28266723524415,-8.143652335942992,6.876816296977034,2.362120664353701,-9.982603587665762,0.5390006089091111
8453:0x3fe04a59ebd38cf06080a6f60a98d124eb59392a,Base,Aerodrome Slipstream,WETH/USDC,0.0625,12279890.854137,Пассивно,30.0,-0.23654710568097237,-6.763652074257465,-8.207379390517461,-3.5456388957858893,-8.207379390517461,4.7541819287275775,1.4414617868440445,-9.51056939508769,0.2307132162698484
42161:0x80c735c5a0222241f211b3edb8df2ccefad94553ec18f1c29143f0399c78f500,Arbitrum,Uniswap v4,WBTC/USDC,0.0625,3536486.871302,Авто-ребаланс,20.0,-3.110559789698371,-8.215721605330897,-2.627131702036596,-3.7203560859592795,-8.215721605330897,7.664005739417474,2.9038312717106805,-13.490232588110526,0.7979605089768412
42161:0x0e4831319a50228b9e450861297ab92dee15b44f,Arbitrum,Uniswap v3,WBTC/USDC,0.05,8037861.079307,Пассивно,30.0,0.732783888936954,-8.22174416617503,-1.6189121783271254,-4.240304303592874,-8.22174416617503,4.547287495523006,1.698385198196723,-10.18674125676208,0.2992357405504352
42161:0x0e4831319a50228b9e450861297ab92dee15b44f,Arbitrum,Uniswap v3,WBTC/USDC,0.05,8037861.079307,Авто-ребаланс,30.0,0.732783888936954,-8.22174416617503,-1.6189121783271254,-4.161280863148117,-8.22174416617503,5.7763406438265825,2.2956132334764927,-11.630199144466536,0.6030355959847211
42161:0x843ac8dc6d34aeb07a56812b8b36429ee46bdd07,Arbitrum,Pancake v3,WBTC/USDC,0.05,406657.816518,Пассивно,20.0,-0.9853164882838865,-8.318171133880838,-7.405085325953619,-3.4756482259818444,-8.318171133880838,2.9044682741306316,1.4334571850347668,-7.5730853891041425,0.24048829604312083
42161:0xf3eb87c1f6020982173c908e7eb31aa66c1f0296,Arbitrum,Sushi v3,WETH/USDC,0.05,368038.72732,Пассивно,10.0,17.183905306282234,-8.551752629125888,1.2761970107853673,6.177338526834246,-8.551752629125888,19.070243195680646,0.7543140179426744,-12.96779929191889,0.6794193948702226
8453:0x72ab388e2e2f6facef59e3c3fa2c4e29011c2d38,Base,Pancake v3,WETH/USDC,0.01,4969308.957636,Пассивно,30.0,-4.384845637419678,-7.0579430441586055,-8.581553717672213,-5.167315897363561,-8.581553717672213,3.1279657090394326,1.428542978755956,-9.489122549273246,0.23470203588570443
8453:0xb4cb800910b228ed3d0834cf79d697127bbb00e5,Base,Uniswap v3,WETH/USDC,0.01,698189.675847,Пассивно,30.0,-5.463063242545854,-5.299902808774534,-8.664931052079979,-5.717064759165354,-8.664931052079979,2.981166892488821,1.4671166042982409,-9.930279425538346,0.23506883041405258
42161:0x843ac8dc6d34aeb07a56812b8b36429ee46bdd07,Arbitrum,Pancake v3,WBTC/USDC,0.05,406657.816518,"Комиссии + фарм наград, пассивно",30.0,1.9711042191607255,-8.709343228068368,-3.6461352861969396,-4.121374170619639,-8.709343228068368,4.674097461291185,1.6546887321309447,-10.151483246793923,0.2986771172478048
42161:0x80c735c5a0222241f211b3edb8df2ccefad94553ec18f1c29143f0399c78f500,Arbitrum,Uniswap v4,WBTC/USDC,0.0625,3536486.871302,Пассивно,10.0,-7.631114088177214,-8.763089633175625,-3.5921483063822515,-5.105912765219096,-8.763089633175625,3.4086072306189084,1.3052477283919597,-9.336314513022034,0.4834532112079502
8453:0xb94b22332abf5f89877a14cc88f2abc48c34b3df,Base,Pancake v3,USDC/CBBTC,0.01,1762252.850586,Авто-ребаланс,20.0,-4.171910503318435,-8.782899768140002,-6.115222611544864,-6.5024928216206295,-8.782899768140002,5.4726868552085,2.9027886898522404,-14.20968905834277,0.668279308338563
42161:0x843ac8dc6d34aeb07a56812b8b36429ee46bdd07,Arbitrum,Pancake v3,WBTC/USDC,0.05,406657.816518,"Комиссии + фарм наград, пассивно",10.0,0.6575346643640969,-4.599763439498506,-8.944219091025726,-3.7472087019381024,-8.944219091025726,6.886256538208805,1.356438981830456,-11.518839827329492,0.4710643946478527
8453:0x72ab388e2e2f6facef59e3c3fa2c4e29011c2d38,Base,Pancake v3,WETH/USDC,0.01,4969308.957636,"Комиссии + фарм наград, пассивно",20.0,-1.906843737143701,-8.962170248809018,-2.7783970680310417,-2.1009371368118535,-8.962170248809018,7.378546769189635,1.201045942211587,-10.36546601266157,0.31506383555154094
8453:0xec558e484cc9f2210714e345298fdc53b253c27d,Base,Uniswap v3,USDC/CBBTC,0.3,1791948.233748,Пассивно,30.0,-0.11874849342769819,-9.222728775650914,-2.158544918322222,-3.7277055027197976,-9.222728775650914,4.379109249528724,1.2031770898813012,-9.051039391032813,0.258952451097005
8453:0xec558e484cc9f2210714e345298fdc53b253c27d,Base,Uniswap v3,USDC/CBBTC,0.3,1791948.233748,Авто-ребаланс,30.0,-0.11874849342769819,-9.222728775650914,-2.158544918322222,-4.211801357195647,-9.222728775650914,5.54243005566574,1.8069412268597713,-10.514555030941539,1.0466176087795824
42161:0x0e4831319a50228b9e450861297ab92dee15b44f,Arbitrum,Uniswap v3,WBTC/USDC,0.05,8037861.079307,Авто-ребаланс,20.0,0.029198236492489676,-9.418572718784821,-3.3259635966207672,-3.307727652562139,-9.418572718784821,7.834210865397298,2.843446938244766,-13.297460869221482,0.68792458698274
8453:0x9785ef59e2b499fb741674ecf6faf912df7b3c1b,Base,Aerodrome Slipstream,WETH/USDT,0.0445,2460467.75359,"Стейк AERO, пассивно",30.0,-3.3372066747162448,-9.45726197236013,-5.972641236177313,-4.482171897392517,-9.45726197236013,4.321580572517552,1.485039456793975,-10.057140389344488,0.23165153735960287
8453:0x3fe04a59ebd38cf06080a6f60a98d124eb59392a,Base,Aerodrome Slipstream,WETH/USDC,0.0625,12279890.854137,"Стейк AERO, пассивно",30.0,-6.662075306947717,-9.517753889815676,-9.166958164405624,-5.762295716188212,-9.517753889815676,2.537525108325273,1.4414617868440445,-9.51056939508769,0.2307132162698484
8453:0xb775272e537cc670c65dc852908ad47015244eaf,Base,Pancake v3,WETH/USDC,0.05,1219742.77141,Пассивно,30.0,-2.83304027739154,-9.553615810977044,-7.995224240334048,-4.671846864132663,-9.553615810977044,4.082828662268432,1.4709912523067432,-9.99442537332875,0.23124140537908303
8453:0xaa5fe7dcc07dcb8b7afcd1b93874e7cb1e0ab50b,Base,Aerodrome Slipstream,WETH/EURC,0.05,892023.559055,"Стейк AERO, пассивно",20.0,-1.173563551025234,-9.563293102517695,-8.779383237665378,-2.0812278291822173,-9.563293102517695,6.517168442784999,1.2168127846670587,-9.523559958706077,0.29164909792821403
8453:0xb2cc224c1c9fee385f8ad6a55b4d94e92359dc59,Base,Aerodrome Slipstream,WETH/USDC,0.0728,8562745.065349,"Стейк AERO, пассивно",20.0,-3.5942901671544125,-8.898998489116211,-9.66049540046911,-2.612297003025583,-9.66049540046911,6.674655458821466,1.2061679827259495,-10.180565625483922,0.31255481908907473
8453:0x9785ef59e2b499fb741674ecf6faf912df7b3c1b,Base,Aerodrome Slipstream,WETH/USDT,0.0445,2460467.75359,"Стейк AERO, пассивно",20.0,-3.6366965763274437,-9.679933718838441,-9.39746262997931,-2.833254155554857,-9.679933718838441,5.948862786614058,1.2087106458240455,-9.68430328054354,0.30652430744938813
42161:0x641c00a822e8b671738d32a431a4fb6074e5c79d,Arbitrum,Uniswap v3,WETH/USD₮0,0.05,6444291.054483,Пассивно,20.0,-2.3604829469108557,-9.683680497270718,-5.130622034009827,-3.9464751556039728,-9.683680497270718,4.882486600231786,1.2484204274586206,-9.785764617636818,0.29161756565759567
42161:0x7fcdc35463e3770c2fb992716cd070b63540b947,Arbitrum,Pancake v3,WETH/USDC,0.01,473051.619529,"Комиссии + фарм наград, пассивно",20.0,5.2388237822655475,-9.759402198611106,-2.9593377258393465,-0.5646360082507228,-9.759402198611106,9.01055760474852,1.2471708738697744,-10.538977853622567,0.2833866332464291
8453:0x4e962bb3889bf030368f56810a9c96b83cb3e778,Base,Aerodrome Slipstream,USDC/CBBTC,0.0532,6040393.319163,"Стейк AERO, пассивно",30.0,0.4384728490481845,-9.889084390909252,-5.484483937333847,-3.2144380337262057,-9.889084390909252,3.5991748352627515,1.7983587640407999,-8.382219106066351,0.22975252696341464
8453:0x4e962bb3889bf030368f56810a9c96b83cb3e778,Base,Aerodrome Slipstream,USDC/CBBTC,0.0532,6040393.319163,"Стейк AERO, авто-ребаланс",30.0,0.4384728490481845,-9.889084390909252,-5.484483937333847,-3.644494183620808,-9.889084390909252,4.216697298685572,2.3660607031221934,-9.625985451450013,0.6012667339785884
42161:0xc31e54c7a869b9fcbecc14363cf510d1c41fa443,Arbitrum,Uniswap v3,WETH/USDC,0.05,1118511.713936,Пассивно,10.0,2.563373481008097,-9.940550778107287,-9.03304157433649,0.9758116911402434,-9.940550778107287,13.867283745965677,0.7659343115047937,-12.980772465905494,0.6766339004247488
42161:0x864abca0a6202dba5b8868772308da953ff125b0f95015adbf89aaf579e903a8,Arbitrum,Uniswap v4,ETH/USDC,0.0625,7143372.960387,Авто-ребаланс,10.0,-3.051539182096625,-6.177719909601164,-9.944233742840487,-1.752121673327898,-9.944233742840487,38.08887235603787,3.479924958208467,-40.48140942410125,2.839509563473047
8453:0x6c561b446416e1a00e8e93e221854d6ea4171372,Base,Uniswap v3,WETH/USDC,0.3,163067768.867821,Пассивно,10.0,-4.46072860308801,-9.999017702698023,-3.8280692720438334,-1.12180393305506,-9.999017702698023,12.201022410666546,0.7775143593583278,-13.441926006373158,0.6584146967068032
8453:0xec558e484cc9f2210714e345298fdc53b253c27d,Base,Uniswap v3,USDC/CBBTC,0.3,1791948.233748,Пассивно,20.0,-1.1045634215897622,-10.09432725280904,0.5153000141289783,-3.5856493981569675,-10.09432725280904,2.5893653517347697,1.001022942726865,-6.959567240950593,0.21647045166799517
42161:0x7fcdc35463e3770c2fb992716cd070b63540b947,Arbitrum,Pancake v3,WETH/USDC,0.01,473051.619529,"Комиссии + фарм наград, пассивно",10.0,1.9213403552112305,-3.911459319090793,-10.113026361787773,2.4509635241960472,-10.113026361787773,15.536983612672925,0.7738338724549997,-13.172698248230889,0.6871557127010125
8453:0x4e962bb3889bf030368f56810a9c96b83cb3e778,Base,Aerodrome Slipstream,USDC/CBBTC,0.0532,6040393.319163,Пассивно,30.0,0.018335312228881906,-10.122392603681858,-5.428438466780019,-3.4526100489811578,-10.122392603681858,3.3610028200078057,1.7983587640407999,-8.382219106066351,0.22975252696341464
8453:0x4e962bb3889bf030368f56810a9c96b83cb3e778,Base,Aerodrome Slipstream,USDC/CBBTC,0.0532,6040393.319163,Авто-ребаланс,30.0,0.018335312228881906,-10.122392603681858,-5.428438466780019,-3.8448072446508696,-10.122392603681858,4.0163842376555,2.3660607031221934,-9.625985451450013,0.6012667339785884
42161:0x843ac8dc6d34aeb07a56812b8b36429ee46bdd07,Arbitrum,Pancake v3,WBTC/USDC,0.05,406657.816518,Пассивно,30.0,0.21087627204954126,-10.211111462001478,-5.2405405445106155,-5.5281662148587225,-10.211111462001478,3.267305417052127,1.6546887321309447,-10.151483246793923,0.2986771172478048
42161:0x843ac8dc6d34aeb07a56812b8b36429ee46bdd07,Arbitrum,Pancake v3,WBTC/USDC,0.05,406657.816518,Авто-ребаланс,30.0,0.21087627204954126,-10.211111462001478,-5.2405405445106155,-6.151955497202152,-10.211111462001478,3.7772494149671307,2.253039761981529,-11.579536003191267,0.6027086709594734
42161:0x864abca0a6202dba5b8868772308da953ff125b0f95015adbf89aaf579e903a8,Arbitrum,Uniswap v4,ETH/USDC,0.0625,7143372.960387,Пассивно,10.0,-2.6681744422683074,-10.264506615817238,-7.292629580667069,-0.9564185711859513,-10.264506615817238,10.892584065224458,0.7928222134227423,-12.016732771263353,0.6250920785698442
8453:0x6c561b446416e1a00e8e93e221854d6ea4171372,Base,Uniswap v3,WETH/USDC,0.3,163067768.867821,Пассивно,20.0,1.5874776778347564,-10.383362450184931,-3.132590776427856,-1.6976548913232148,-10.383362450184931,6.900522930885337,1.2114611196034522,-9.507023293594186,0.3026156482178149
42161:0xd9e2a1a61b6e61b275cec326465d417e52c1b95c,Arbitrum,Pancake v3,WETH/USDC,0.05,787147.903277,Пассивно,20.0,-2.2394098254158634,-10.433284240566884,-7.354968364670748,-3.8771043809840844,-10.433284240566884,4.907413956260713,1.2132459079390168,-9.705751632895462,0.2920126122883436
8453:0xb24f7fcd75c3a001b74be4c60f181c024154c4d7c33097777e3950979042b073,Base,Uniswap v4,TBTC/USDC,0.3499,726649.624081,Пассивно,20.0,-5.386089228552686,-10.602116972087153,-2.773365373406063,-5.595382669971272,-10.602116972087153,0.029059479270665278,1.223502693127272,-6.641798952975737,0.20614588939348988
8453:0xb94b22332abf5f89877a14cc88f2abc48c34b3df,Base,Pancake v3,USDC/CBBTC,0.01,1762252.850586,Пассивно,30.0,-0.5911498922927418,-10.729852777127892,-5.4551801911456375,-4.666350294260965,-10.729852777127892,3.383632442446729,1.762802997823291,-9.54578904207827,0.2669966924527004
8453:0xb94b22332abf5f89877a14cc88f2abc48c34b3df,Base,Pancake v3,USDC/CBBTC,0.01,1762252.850586,Авто-ребаланс,30.0,-0.5911498922927418,-10.729852777127892,-5.4551801911456375,-5.085223739584743,-10.729852777127892,3.9872686505556567,2.365380971991305,-10.935994964081116,0.501878398050683
8453:0x160d7e9d948b16c163332a277b393c288408eb12,Base,Aerodrome Slipstream,USDC/CBBTC,0.0218,5221477.505015,"Стейк AERO, пассивно",10.0,-6.656005727428252,-3.4165387952348385,-10.80460140957097,-5.159128553770732,-10.80460140957097,5.703009811062768,1.4625905088643,-11.804930034835479,0.5197988388623779
42161:0x70bf44c3a9b6b047bf60e5a05968225dbf3d6a5b9e8a95a73727e48921e889c1,Arbitrum,Uniswap v4,WBTC/USDC,0.3499,328691.173448,Пассивно,10.0,-2.171041104385926,-10.849328929756021,-6.297217970726073,-3.5758794048744416,-10.849328929756021,4.3718376881693315,1.1385069556216476,-8.671383273752374,0.4148407749129979
8453:0xaa5fe7dcc07dcb8b7afcd1b93874e7cb1e0ab50b,Base,Aerodrome Slipstream,WETH/EURC,0.05,892023.559055,"Стейк AERO, пассивно",30.0,-1.2705325137057617,-10.993558282875933,-2.8750162896821463,-4.1023962897400175,-10.993558282875933,4.795926329230511,1.430455504342602,-10.09131047971567,0.23746764359742759
8453:0xb4cb800910b228ed3d0834cf79d697127bbb00e5,Base,Uniswap v3,WETH/USDC,0.01,698189.675847,Пассивно,20.0,-10.188472994307954,-11.148721788834735,-7.82841155064448,-5.633019290665615,-11.148721788834735,3.90915512485862,1.2007017755343894,-10.42719562933588,0.31568056172269654
8453:0x160d7e9d948b16c163332a277b393c288408eb12,Base,Aerodrome Slipstream,USDC/CBBTC,0.0218,5221477.505015,"Стейк AERO, пассивно",30.0,1.8985420129927937,-11.19832397705173,-4.806391065663417,-3.776126508395982,-11.19832397705173,3.8291017553795594,1.7875182221931727,-9.138475820351296,0.25427066561742984
8453:0x160d7e9d948b16c163332a277b393c288408eb12,Base,Aerodrome Slipstream,USDC/CBBTC,0.0218,5221477.505015,"Стейк AERO, авто-ребаланс",30.0,1.8985420129927937,-11.19832397705173,-4.806391065663417,-3.959561408193144,-11.19832397705173,4.487025368227523,2.3571266690852757,-10.300765404578817,0.5029480409271571
8453:0xaa5fe7dcc07dcb8b7afcd1b93874e7cb1e0ab50b,Base,Aerodrome Slipstream,WETH/EURC,0.05,892023.559055,"Стейк AERO, авто-ребаланс",30.0,-1.2705325137057617,-11.23385524780113,-2.8750162896821463,-6.766415755957683,-11.23385524780113,9.365606562847947,2.882513383874855,-18.326944201475136,0.6875915012053537
42161:0x5969efdde3cf5c0d9a88ae51e47d721096a97203,Arbitrum,Uniswap v3,WBTC/USD₮0,0.05,4164592.373085,Авто-ребаланс,10.0,2.2446639321459667,-11.242408755803043,-5.816079618068035,-5.518433568143481,-11.242408755803043,16.61239148816861,2.9263627692638736,-23.287168396398393,1.7700194291775952
8453:0x9785ef59e2b499fb741674ecf6faf912df7b3c1b,Base,Aerodrome Slipstream,WETH/USDT,0.0445,2460467.75359,Пассивно,20.0,6.857048389625538,-8.477883056875624,-11.251429853454956,0.7388004898222361,-11.251429853454956,9.520917431991125,1.2087106458240455,-9.68430328054354,0.30652430744938813
8453:0xd0b53d9277642d899df5c87a3966a349a798f224,Base,Uniswap v3,WETH/USDC,0.05,10060511.434283,Пассивно,20.0,-6.695829012668255,-11.359778139847041,-4.89940909693991,-4.919813306021792,-11.359778139847041,4.660438390872914,1.209248742330741,-10.457093545129839,0.33240689409558105
8453:0x160d7e9d948b16c163332a277b393c288408eb12,Base,Aerodrome Slipstream,USDC/CBBTC,0.0218,5221477.505015,Пассивно,30.0,1.3605421403236875,-11.378242513264816,-5.09409960788089,-4.082940531049014,-11.378242513264816,3.5222877327265563,1.7875182221931727,-9.138475820351296,0.25427066561742984
8453:0x160d7e9d948b16c163332a277b393c288408eb12,Base,Aerodrome Slipstream,USDC/CBBTC,0.0218,5221477.505015,Авто-ребаланс,30.0,1.3605421403236875,-11.378242513264816,-5.09409960788089,-4.304797148167308,-11.378242513264816,4.14178962825336,2.3571266690852757,-10.300765404578817,0.5029480409271571
8453:0xf97db19953c4309b3af2ceb9cce172939e8868321a24656667d44cccb31c9ddc,Base,Uniswap v4,USDC/CBBTC,0.1762,1318687.924526,Пассивно,10.0,0.47273809959943364,-3.1225830386172255,-11.394306329501406,-2.316049286308517,-11.394306329501406,7.811970975360986,1.4206548125258023,-11.063306269008482,0.48536880518687114
8453:0xb775272e537cc670c65dc852908ad47015244eaf,Base,Pancake v3,WETH/USDC,0.05,1219742.77141,Пассивно,20.0,-5.322820737212075,-11.403365869141998,-9.746364029593707,-4.0884139053029855,-11.403365869141998,5.483725270865528,1.200476861291434,-10.440224775083436,0.33239126237652233
8453:0x160d7e9d948b16c163332a277b393c288408eb12,Base,Aerodrome Slipstream,USDC/CBBTC,0.0218,5221477.505015,Пассивно,10.0,-8.045994958490965,-5.906101687932659,-11.508220127963021,-6.496462239065765,-11.508220127963021,4.3656761257677275,1.4625905088643,-11.804930034835479,0.5197988388623779
42161:0xc6962004f452be9203591991d15f6b388e09e8d0,Arbitrum,Uniswap v3,WETH/USDC,0.05,37096104.750623,Пассивно,10.0,-8.11466495295087,-11.516820097609394,-7.470077374611271,-3.0515814751312966,-11.516820097609394,9.9073790267987,0.7687368736226238,-13.050403643011933,0.6772937325406831
8453:0x4e962bb3889bf030368f56810a9c96b83cb3e778,Base,Aerodrome Slipstream,USDC/CBBTC,0.0532,6040393.319163,Пассивно,10.0,-7.586875500037676,-5.731238930506696,-11.533427697503878,-6.377269439079929,-11.533427697503878,3.9725429625511337,1.4613911791402052,-11.297868419660821,0.5133351611104646
8453:0xfbb6eed8e7aa03b138556eedaf5d271a5e1e43ef,Base,Uniswap v3,USDC/CBBTC,0.05,8506440.807863,Авто-ребаланс,10.0,-3.496056137771697,-11.555756382098961,-3.249410479579821,-4.947581943716428,-11.555756382098961,15.874310491292665,3.215306353232076,-22.26536162538407,1.7718371628570873
8453:0x4e962bb3889bf030368f56810a9c96b83cb3e778,Base,Aerodrome Slipstream,USDC/CBBTC,0.0532,6040393.319163,"Стейк AERO, пассивно",10.0,-6.5009980909204135,-2.7538851885411537,-11.67221203287933,-4.987947676208555,-11.67221203287933,5.361864725422468,1.4613911791402052,-11.297868419660821,0.5133351611104646
8453:0x6c561b446416e1a00e8e93e221854d6ea4171372,Base,Uniswap v3,WETH/USDC,0.3,163067768.867821,Авто-ребаланс,30.0,0.6130666333636925,-11.91437407521307,-2.4084240078682875,-4.562255012684824,-11.91437407521307,13.135545066968396,2.9186677297347083,-19.405650992154342,1.2108168172335825
42161:0x70bf44c3a9b6b047bf60e5a05968225dbf3d6a5b9e8a95a73727e48921e889c1,Arbitrum,Uniswap v4,WBTC/USDC,0.3499,328691.173448,Авто-ребаланс,20.0,0.5064019899362232,-11.955309224805358,-0.8797630687212389,-3.3551247933347463,-11.955309224805358,7.096189877891537,2.7314751636327075,-11.905035443562166,1.27775439129682
42161:0x843ac8dc6d34aeb07a56812b8b36429ee46bdd07,Arbitrum,Pancake v3,WBTC/USDC,0.05,406657.816518,Авто-ребаланс,20.0,-0.9853164882838865,-11.9696443878397,-7.405085325953619,-6.349787816393282,-11.9696443878397,5.118228064041414,2.7928300709683307,-13.574519073553246,0.6863268778498065
8453:0x72ab388e2e2f6facef59e3c3fa2c4e29011c2d38,Base,Pancake v3,WETH/USDC,0.01,4969308.957636,Пассивно,20.0,-8.585858536659373,-11.9935351655888,-8.463135550702049,-5.322986591877137,-11.9935351655888,4.156497314124349,1.201045942211587,-10.36546601266157,0.31506383555154094
42161:0xf3eb87c1f6020982173c908e7eb31aa66c1f0296,Arbitrum,Sushi v3,WETH/USDC,0.05,368038.72732,Авто-ребаланс,10.0,15.744239297121492,-12.068966348234692,-2.986833875853654,2.1134867199085736,-12.068966348234692,43.1308265069362,3.2339418362942927,-41.674533273738405,2.576748349583587
42161:0xc31e54c7a869b9fcbecc14363cf510d1c41fa443,Arbitrum,Uniswap v3,WETH/USDC,0.05,1118511.713936,Пассивно,20.0,5.745587725195545,-12.11965792612552,-3.281025625981679,-0.48167468822609816,-12.11965792612552,8.111984142757894,1.2427910282748507,-9.55351582703587,0.2829340322229353
8453:0xd0b53d9277642d899df5c87a3966a349a798f224,Base,Uniswap v3,WETH/USDC,0.05,10060511.434283,Авто-ребаланс,30.0,-3.8283572379628206,-12.272808034256128,-3.165362271752951,-7.2830204646727985,-12.272808034256128,10.146598384614567,2.8860217139531317,-19.597916300193834,0.717724263046653
8453:0x3fe04a59ebd38cf06080a6f60a98d124eb59392a,Base,Aerodrome Slipstream,WETH/USDC,0.0625,12279890.854137,Пассивно,20.0,-1.2612481650734462,-11.99072943407786,-12.404308504580296,-2.91380598450797,-12.404308504580296,6.432382452635024,1.2069556811869282,-10.219457789727427,0.33368632860253983
8453:0x72ab388e2e2f6facef59e3c3fa2c4e29011c2d38,Base,Pancake v3,WETH/USDC,0.01,4969308.957636,"Комиссии + фарм наград, пассивно",10.0,-5.190098061395344,-6.928116928975165,-12.41687744998854,0.13366084034665127,-12.41687744998854,13.25238696330706,0.7757291236986135,-13.187138137449406,0.7073171092096078
8453:0xb4cb800910b228ed3d0834cf79d697127bbb00e5,Base,Uniswap v3,WETH/USDC,0.01,698189.675847,Авто-ребаланс,30.0,-5.463063242545854,-12.528796878528217,-8.664931052079979,-10.405982390449939,-12.528796878528217,7.913885542301028,2.869450314437701,-20.522402434426315,0.6669158127623028
8453:0xb2cc224c1c9fee385f8ad6a55b4d94e92359dc59,Base,Aerodrome Slipstream,WETH/USDC,0.0728,8562745.065349,Пассивно,20.0,-7.568969319052278,-12.561918241803022,-3.3074617415520895,-5.350047847042426,-12.561918241803022,3.9369046148045963,1.2061679827259495,-10.180565625483922,0.31255481908907473
8453:0xb24f7fcd75c3a001b74be4c60f181c024154c4d7c33097777e3950979042b073,Base,Uniswap v4,TBTC/USDC,0.3499,726649.624081,Пассивно,10.0,-12.600201463750604,-9.259974778708992,-9.059059807258512,-6.3648871494798005,-12.600201463750604,0.005460168462188687,0.9769741403814693,-6.981121336940197,0.36620012138326374
8453:0xd0b53d9277642d899df5c87a3966a349a798f224,Base,Uniswap v3,WETH/USDC,0.05,10060511.434283,Пассивно,10.0,-11.654230081341552,-12.698084349911298,-10.617413988302262,-4.007115805640484,-12.698084349911298,8.356297540758085,0.7763622994955766,-12.459402735075635,0.6803729108185067
42161:0x641c00a822e8b671738d32a431a4fb6074e5c79d,Arbitrum,Uniswap v3,WETH/USD₮0,0.05,6444291.054483,Пассивно,10.0,-10.876046360779627,-12.756889564152054,-11.484596053195633,-4.680159281349839,-12.756889564152054,8.734088147769956,0.7677906276936408,-13.479485522207648,0.7025525346057925
42161:0x843ac8dc6d34aeb07a56812b8b36429ee46bdd07,Arbitrum,Pancake v3,WBTC/USDC,0.05,406657.816518,Пассивно,10.0,-3.851879454200931,-6.418928818181796,-12.791657630922124,-5.86628362066772,-12.791657630922124,4.767181619479167,1.356438981830456,-11.518839827329492,0.4710643946478527
8453:0xb94b22332abf5f89877a14cc88f2abc48c34b3df,Base,Pancake v3,USDC/CBBTC,0.01,1762252.850586,Пассивно,10.0,-9.318212612669937,-5.963544975938051,-12.94169627311345,-6.853641124313441,-12.94169627311345,3.6884059440913797,1.4611227234425668,-11.493894629132297,0.5092751627151314
42161:0x4d1576158518dd61924218446c1057cf03138d57,Arbitrum,Sushi v3,WETH/USDC,0.3,497694.662033,Пассивно,20.0,-10.857140492012169,-13.120135190532684,-4.310645581429848,-7.933348017289508,-13.120135190532684,3.9306353861759917,0.6498296749360203,-12.186469184699599,0.3273438937019302
42161:0x864abca0a6202dba5b8868772308da953ff125b0f95015adbf89aaf579e903a8,Arbitrum,Uniswap v4,ETH/USDC,0.0625,7143372.960387,Пассивно,20.0,0.8022319290121548,-13.189416873520612,-2.634278584588513,-2.4403786075455725,-13.189416873520612,6.10611293550278,1.2840423501540368,-9.540345884347715,0.29018800885464463
8453:0x9785ef59e2b499fb741674ecf6faf912df7b3c1b,Base,Aerodrome Slipstream,WETH/USDT,0.0445,2460467.75359,Авто-ребаланс,20.0,6.857048389625538,-13.197066546278696,-11.251429853454956,-5.605679831234724,-13.197066546278696,17.48123069281909,2.6173821961159476,-24.527117940232763,1.17717477993699
42161:0xd9e2a1a61b6e61b275cec326465d417e52c1b95c,Arbitrum,Pancake v3,WETH/USDC,0.05,787147.903277,Пассивно,10.0,-11.109238981917642,-13.336565634831663,-12.73055785301456,-4.665217936333269,-13.336565634831663,8.705721083076178,0.7523656111284341,-13.432931484826963,0.6903731457109142
8453:0xb775272e537cc670c65dc852908ad47015244eaf,Base,Pancake v3,WETH/USDC,0.05,1219742.77141,Авто-ребаланс,30.0,-2.83304027739154,-13.597023911828074,-7.995224240334048,-8.65077476199461,-13.597023911828074,8.78285892666802,2.878694650081839,-19.598010924049053,0.7143174146954048
8453:0x9785ef59e2b499fb741674ecf6faf912df7b3c1b,Base,Aerodrome Slipstream,WETH/USDT,0.0445,2460467.75359,"Стейк AERO, авто-ребаланс",30.0,-3.3372066747162448,-13.6926307316938,-5.972641236177313,-8.451044348709587,-13.6926307316938,8.50619923964824,2.8847717140071323,-19.149144231769906,0.6928710705950382
42161:0xd9e2a1a61b6e61b275cec326465d417e52c1b95c,Arbitrum,Pancake v3,WETH/USDC,0.05,787147.903277,"Комиссии + фарм наград, пассивно",30.0,3.66903530176649,-13.72001544537063,-2.8863244169022186,-2.2744162463067124,-13.72001544537063,6.257218825934507,1.3053844627131395,-9.616506804268486,0.22051273068589786
8453:0x3fe04a59ebd38cf06080a6f60a98d124eb59392a,Base,Aerodrome Slipstream,WETH/USDC,0.0625,12279890.854137,"Стейк AERO, пассивно",20.0,-10.278457501035428,-12.204593598956027,-13.754839819224388,-5.8489205543188225,-13.754839819224388,3.497267882824157,1.2069556811869282,-10.219457789727427,0.33368632860253983
8453:0xb2cc224c1c9fee385f8ad6a55b4d94e92359dc59,Base,Aerodrome Slipstream,WETH/USDC,0.0728,8562745.065349,"Стейк AERO, авто-ребаланс",30.0,-1.348156104324262,-13.77041149243994,-6.8586033220395874,-7.950294655365608,-13.77041149243994,9.526084908584357,2.8763744630783528,-19.535389407168594,0.8173646198597133
42161:0x7fcdc35463e3770c2fb992716cd070b63540b947,Arbitrum,Pancake v3,WETH/USDC,0.01,473051.619529,"Комиссии + фарм наград, пассивно",30.0,3.5941479741225626,-14.009409147754612,-3.3772017310272724,-2.2820772019297926,-14.009409147754612,6.745231246049306,1.4086775201556692,-10.215428821744819,0.22055714638996785
42161:0xc6962004f452be9203591991d15f6b388e09e8d0,Arbitrum,Uniswap v3,WETH/USDC,0.05,37096104.750623,Пассивно,20.0,-0.7441030487802024,-14.21495092535654,-4.098255750189931,-3.1110040165108415,-14.21495092535654,5.510579842958629,1.246897597749756,-9.585471300009338,0.28301015720987754
42161:0x03df2300e83353309c1069ae3ea89c31b361a009f9c36a1de5c8f0afcc45bde8,Arbitrum,Uniswap v4,ETH/USDC,0.3499,3237764.513506,Авто-ребаланс,10.0,60.2710204052337,-14.240550980524032,5.312456344317745,21.441649942501538,-14.240550980524032,63.360808567991654,3.646678134117672,-40.77519675960949,4.790639999998365
42161:0xc473e2aee3441bf9240be85eb122abb059a3b57c,Arbitrum,Uniswap v3,WETH/USDC,0.3,5705323.513293,Пассивно,10.0,-8.549733905872598,-14.39405619752068,7.2967986242195835,-4.312118399823834,-14.39405619752068,9.050511208752413,0.47569794809428506,-13.20290119298346,0.6354263636871121
8453:0x72ab388e2e2f6facef59e3c3fa2c4e29011c2d38,Base,Pancake v3,WETH/USDC,0.01,4969308.957636,Авто-ребаланс,30.0,-4.384845637419678,-14.556201637031982,-8.581553717672213,-10.591441651007752,-14.556201637031982,7.442411816571153,2.869647533400923,-20.23794666403365,0.6655543369461536
42161:0x80c735c5a0222241f211b3edb8df2ccefad94553ec18f1c29143f0399c78f500,Arbitrum,Uniswap v4,WBTC/USDC,0.0625,3536486.871302,Авто-ребаланс,10.0,-7.631114088177214,-14.573909824650263,-3.5921483063822515,-8.201908872463026,-14.573909824650263,13.150259047864807,3.0981527750930953,-22.45027362900813,2.0000470664127934
8453:0xec558e484cc9f2210714e345298fdc53b253c27d,Base,Uniswap v3,USDC/CBBTC,0.3,1791948.233748,Авто-ребаланс,20.0,-1.1045634215897622,-14.595404102618733,0.5153000141289783,-5.013238222673326,-14.595404102618733,7.636314542227031,2.138812400867039,-13.627601981626668,1.1607631841408113
8453:0xb24f7fcd75c3a001b74be4c60f181c024154c4d7c33097777e3950979042b073,Base,Uniswap v4,TBTC/USDC,0.3499,726649.624081,Пассивно,30.0,-2.674634340490539,-14.675361669955558,-2.1352022711173024,-6.756522642237954,-14.675361669955558,0.4643589377952196,1.403050591925449,-8.38312617985367,0.24080599210492756
8453:0xb24f7fcd75c3a001b74be4c60f181c024154c4d7c33097777e3950979042b073,Base,Uniswap v4,TBTC/USDC,0.3499,726649.624081,Авто-ребаланс,30.0,-2.674634340490539,-14.675361669955558,-2.1352022711173024,-7.283245220794734,-14.675361669955558,1.641624331082335,2.0120653001226385,-9.757242770373221,1.1796920816264522
8453:0x3fe04a59ebd38cf06080a6f60a98d124eb59392a,Base,Aerodrome Slipstream,WETH/USDC,0.0625,12279890.854137,Авто-ребаланс,30.0,-0.23654710568097237,-14.676161895936188,-8.207379390517461,-8.112852497472222,-14.676161895936188,8.643459714662388,2.9026768678985313,-18.874266722024384,0.7847223580087693
8453:0xaa5fe7dcc07dcb8b7afcd1b93874e7cb1e0ab50b,Base,Aerodrome Slipstream,WETH/EURC,0.05,892023.559055,Пассивно,20.0,-8.785719980007025,-13.888338714084874,-14.722960125103462,-6.10023006286559,-14.722960125103462,2.498166209101676,1.2168127846670587,-9.523559958706077,0.29164909792821403
42161:0x4d1576158518dd61924218446c1057cf03138d57,Arbitrum,Sushi v3,WETH/USDC,0.3,497694.662033,Пассивно,30.0,-4.836997522489809,-14.89472231819528,-2.522936785624345,-5.413341531991855,-14.89472231819528,3.2719390535108075,0.6924022007098557,-9.154708665857376,0.22297412035511
8453:0xaa5fe7dcc07dcb8b7afcd1b93874e7cb1e0ab50b,Base,Aerodrome Slipstream,WETH/EURC,0.05,892023.559055,Пассивно,30.0,-6.698816616737218,-14.930723116091036,-7.092031890945669,-6.967855193386803,-14.930723116091036,1.9304674255836756,1.430455504342602,-10.09131047971567,0.23746764359742759
42161:0x7fcdc35463e3770c2fb992716cd070b63540b947,Arbitrum,Pancake v3,WETH/USDC,0.01,473051.619529,Пассивно,20.0,-6.2593802165797,-14.946058499510862,-13.069981659384636,-6.089678904624872,-14.946058499510862,3.4855147083743523,1.2471708738697744,-10.538977853622567,0.2833866332464291
42161:0xc31e54c7a869b9fcbecc14363cf510d1c41fa443,Arbitrum,Uniswap v3,WETH/USDC,0.05,1118511.713936,Пассивно,30.0,3.897207855613951,-14.966505777968845,-4.987432517645173,-4.083591127266013,-14.966505777968845,6.353307728243567,1.3997783717754853,-11.615440012621795,0.2212372146631991
8453:0xaa5fe7dcc07dcb8b7afcd1b93874e7cb1e0ab50b,Base,Aerodrome Slipstream,WETH/EURC,0.05,892023.559055,Авто-ребаланс,30.0,-6.698816616737218,-15.080128626219558,-7.092031890945669,-11.479933591693573,-15.080128626219558,4.652088727112098,2.882513383874855,-18.326944201475136,0.6875915012053537
42161:0xc82819f72a9e77e2c0c3a69b3196478f44303cf4,Arbitrum,Uniswap v3,WETH/USD₮0,0.3,367911.495425,Пассивно,20.0,-6.612589960764968,-15.105879280558309,0.5093331607310644,-6.929131233514369,-15.105879280558309,3.128288749119798,0.667782365453635,-10.46269587435422,0.26250647373360836
8453:0xb2cc224c1c9fee385f8ad6a55b4d94e92359dc59,Base,Aerodrome Slipstream,WETH/USDC,0.0728,8562745.065349,Пассивно,10.0,-15.244178082767542,-14.098677441493338,-9.66391431680067,-5.498423463615485,-15.244178082767542,7.11384895262653,0.7715522855924544,-12.698711280092526,0.6851134217419351
8453:0xaa5fe7dcc07dcb8b7afcd1b93874e7cb1e0ab50b,Base,Aerodrome Slipstream,WETH/EURC,0.05,892023.559055,"Стейк AERO, пассивно",10.0,-8.214359106245817,-5.6155882270980255,-15.5311497183032,-1.0258745558730877,-15.5311497183032,11.709784264480684,0.8241844787692832,-12.879073369161038,0.6807699299620085
42161:0x641c00a822e8b671738d32a431a4fb6074e5c79d,Arbitrum,Uniswap v3,WETH/USD₮0,0.05,6444291.054483,Авто-ребаланс,30.0,-1.848101622761394,-15.668580632826224,-5.9687605980798075,-7.1792210376528836,-15.668580632826224,9.951186821466539,2.691763742448539,-19.13550957891054,0.686662022657367
42161:0xc82819f72a9e77e2c0c3a69b3196478f44303cf4,Arbitrum,Uniswap v3,WETH/USD₮0,0.3,367911.495425,Пассивно,30.0,-8.334005346071374,-15.913301975081085,2.0177240298012906,-5.349168610999681,-15.913301975081085,2.8231983387437953,0.7141585692598363,-8.664209252615224,0.22231626638814697
8453:0xb2cc224c1c9fee385f8ad6a55b4d94e92359dc59,Base,Aerodrome Slipstream,WETH/USDC,0.0728,8562745.065349,Авто-ребаланс,30.0,-4.180994713438286,-16.024895926106016,-2.3402408423264025,-8.050652722546774,-16.024895926106016,9.425726841403193,2.8763744630783528,-19.535389407168594,0.8173646198597133
42161:0x0e4831319a50228b9e450861297ab92dee15b44f,Arbitrum,Uniswap v3,WBTC/USDC,0.05,8037861.079307,Авто-ребаланс,10.0,-2.441093779853391,-16.28914988083503,-5.14873846154529,-7.713169745202346,-16.28914988083503,13.789552293090255,2.899089317532303,-22.69031176373011,1.7114995920947884
42161:0xc31e54c7a869b9fcbecc14363cf510d1c41fa443,Arbitrum,Uniswap v3,WETH/USDC,0.05,1118511.713936,Авто-ребаланс,30.0,3.897207855613951,-16.422464153275545,-4.987432517645173,-6.401954972742349,-16.422464153275545,13.33509874451712,2.702112883788113,-21.728922858342738,0.7102437427047755
42161:0xc82819f72a9e77e2c0c3a69b3196478f44303cf4,Arbitrum,Uniswap v3,WETH/USD₮0,0.3,367911.495425,Пассивно,10.0,-16.555317173253695,-16.264447635823192,5.034004057807572,-7.583617125419696,-16.555317173253695,5.291857604699509,0.41801848883258563,-12.694242330896257,0.5992508880554942
42161:0xe88bba0ec2fc9091d68344b32b504abcc59f0aa9e1ae2ef048b69bc7ec3f4df8,Arbitrum,Uniswap v4,ETH/USD₮0,0.0625,926636.364251,Пассивно,20.0,-10.561556606697184,-16.811992326691502,-6.921973310990008,-8.308666426862338,-16.811992326691502,1.41030297806814,1.291177647446775,-10.719984411983821,0.2901626403933518
42161:0x641c00a822e8b671738d32a431a4fb6074e5c79d,Arbitrum,Uniswap v3,WETH/USD₮0,0.05,6444291.054483,Пассивно,30.0,-1.848101622761394,-17.05929210572743,-5.9687605980798075,-4.6704005329055,-17.05929210572743,3.832056433126993,1.3414572532926254,-9.623679017830437,0.22023520149471384
42161:0x4d1576158518dd61924218446c1057cf03138d57,Arbitrum,Sushi v3,WETH/USDC,0.3,497694.662033,Пассивно,10.0,-17.131698438952338,-15.418998189980249,-4.579613492815575,-7.478624112713184,-17.131698438952338,6.459040586508889,0.4170642507592002,-13.710167699028041,0.6445612509532146
42161:0xc473e2aee3441bf9240be85eb122abb059a3b57c,Arbitrum,Uniswap v3,WETH/USDC,0.3,5705323.513293,Пассивно,20.0,-2.1422506079579646,-17.186188145745984,1.9465249487219831,-4.059237417264062,-17.186188145745984,5.082526604310709,0.7522709355061652,-9.606010593116437,0.2880243639644771
42161:0xc6962004f452be9203591991d15f6b388e09e8d0,Arbitrum,Uniswap v3,WETH/USDC,0.05,37096104.750623,Авто-ребаланс,30.0,-0.86755573732063,-17.280791862153794,-4.033237535564383,-7.489893979449726,-17.280791862153794,10.62655388701123,2.691827727212648,-20.126796977128794,0.6814786165447927
8453:0xf97db19953c4309b3af2ceb9cce172939e8868321a24656667d44cccb31c9ddc,Base,Uniswap v4,USDC/CBBTC,0.1762,1318687.924526,Авто-ребаланс,10.0,0.47273809959943364,-17.334498647063366,-11.394306329501406,-8.475474633841552,-17.334498647063366,13.931437415306899,2.8186798492289027,-23.188300187203076,2.0372917111742144
8453:0x6c561b446416e1a00e8e93e221854d6ea4171372,Base,Uniswap v3,WETH/USDC,0.3,163067768.867821,Авто-ребаланс,20.0,1.5874776778347564,-17.482903537052323,-3.132590776427856,-5.60919199873308,-17.482903537052323,18.20365010236331,2.5985195674754378,-24.24074650803887,2.1706151605329778
42161:0xc473e2aee3441bf9240be85eb122abb059a3b57c,Arbitrum,Uniswap v3,WETH/USDC,0.3,5705323.513293,Пассивно,30.0,-3.175966048208538,-17.502947322765046,3.336462160212222,-5.035307905586154,-17.502947322765046,3.9512360980407455,0.8538496555234164,-9.617031788812712,0.2233618703375973
8453:0x9785ef59e2b499fb741674ecf6faf912df7b3c1b,Base,Aerodrome Slipstream,WETH/USDT,0.0445,2460467.75359,"Стейк AERO, пассивно",10.0,-9.457259381321016,-7.623436882957879,-17.602551983315866,-1.363370967504317,-17.602551983315866,10.673043474967029,0.7774908259604378,-12.135866648263672,0.6780386201680909
42161:0xd9e2a1a61b6e61b275cec326465d417e52c1b95c,Arbitrum,Pancake v3,WETH/USDC,0.05,787147.903277,Пассивно,30.0,-1.712006684981348,-17.70703151471701,-7.532629857731635,-4.83078582944928,-17.70703151471701,3.700849242791944,1.3053844627131395,-9.616506804268486,0.22051273068589786
42161:0xd9e2a1a61b6e61b275cec326465d417e52c1b95c,Arbitrum,Pancake v3,WETH/USDC,0.05,787147.903277,Авто-ребаланс,30.0,-1.712006684981348,-17.78977841899704,-7.532629857731635,-9.369998016461183,-17.78977841899704,8.828092824221391,2.6773014836860507,-20.17899887230428,0.6963934520643523
8453:0x6c561b446416e1a00e8e93e221854d6ea4171372,Base,Uniswap v3,WETH/USDC,0.3,163067768.867821,Авто-ребаланс,10.0,-5.489643932515079,-17.82573394046872,-6.009884052822533,-10.720237036913748,-17.82573394046872,30.412290274803233,3.1528823176670486,-40.12405025387039,4.161359375513645
42161:0x641c00a822e8b671738d32a431a4fb6074e5c79d,Arbitrum,Uniswap v3,WETH/USD₮0,0.05,6444291.054483,Авто-ребаланс,20.0,-2.3604829469108557,-17.8269481653635,-5.130622034009827,-7.437641102464898,-17.8269481653635,13.591317296979962,2.5888126468216357,-22.447877731411733,1.169893314854795
42161:0xc82819f72a9e77e2c0c3a69b3196478f44303cf4,Arbitrum,Uniswap v3,WETH/USD₮0,0.3,367911.495425,Авто-ребаланс,30.0,-8.334005346071374,-17.94402676228915,2.0177240298012906,-5.878585703673433,-17.94402676228915,11.133450593672368,1.776347755294826,-17.608860068060125,1.1795239845805054
8453:0xb775272e537cc670c65dc852908ad47015244eaf,Base,Pancake v3,WETH/USDC,0.05,1219742.77141,Пассивно,10.0,-9.029839499235075,-10.696247637583447,-17.98593070420705,-2.4396816361440408,-17.98593070420705,9.857856634126676,0.7722493771437641,-12.398841093580105,0.6709465538344351
8453:0x3fe04a59ebd38cf06080a6f60a98d124eb59392a,Base,Aerodrome Slipstream,WETH/USDC,0.0625,12279890.854137,"Стейк AERO, авто-ребаланс",30.0,-6.662075306947717,-17.995031745206084,-9.166958164405624,-11.767381683840867,-17.995031745206084,4.988930528293722,2.9026768678985313,-18.874266722024384,0.7847223580087693
8453:0xb94b22332abf5f89877a14cc88f2abc48c34b3df,Base,Pancake v3,USDC/CBBTC,0.01,1762252.850586,Авто-ребаланс,10.0,-9.318212612669937,-18.138667898099463,-12.94169627311345,-12.008223460057794,-18.138667898099463,9.166826108186124,3.1990821861895746,-22.776654763122668,1.5974769913108626
8453:0xb2cc224c1c9fee385f8ad6a55b4d94e92359dc59,Base,Aerodrome Slipstream,WETH/USDC,0.0728,8562745.065349,"Стейк AERO, пассивно",10.0,-8.237244042530461,-6.533560275930405,-18.46422628379273,-0.5932096510970154,-18.46422628379273,12.019062765145012,0.7715522855924544,-12.698711280092526,0.6851134217419351
8453:0xb24f7fcd75c3a001b74be4c60f181c024154c4d7c33097777e3950979042b073,Base,Uniswap v4,TBTC/USDC,0.3499,726649.624081,Авто-ребаланс,20.0,-5.386089228552686,-18.540121825600217,-2.773365373406063,-8.792300129485369,-18.540121825600217,2.3181989513168078,2.4993536973373445,-12.33029664408718,1.279556134052412
8453:0xaa5fe7dcc07dcb8b7afcd1b93874e7cb1e0ab50b,Base,Aerodrome Slipstream,WETH/EURC,0.05,892023.559055,"Стейк AERO, авто-ребаланс",20.0,-1.173563551025234,-18.738069341942996,-8.779383237665378,-10.225894628763017,-18.738069341942996,12.730554216127333,2.5100834826022838,-24.297746765088597,1.1687855624041081
8453:0x4e962bb3889bf030368f56810a9c96b83cb3e778,Base,Aerodrome Slipstream,USDC/CBBTC,0.0532,6040393.319163,"Стейк AERO, авто-ребаланс",10.0,-6.5009980909204135,-18.957628331327463,-11.67221203287933,-11.234919966193639,-18.957628331327463,9.813496300745623,3.2058244535931166,-22.26537508066593,1.9888656398664444
42161:0x4d1576158518dd61924218446c1057cf03138d57,Arbitrum,Sushi v3,WETH/USDC,0.3,497694.662033,Авто-ребаланс,30.0,-4.836997522489809,-19.097988587783846,-2.522936785624345,-7.988792326877013,-19.097988587783846,9.863680530205803,1.7509915900975683,-18.436638783459692,1.1668256637207821
8453:0x160d7e9d948b16c163332a277b393c288408eb12,Base,Aerodrome Slipstream,USDC/CBBTC,0.0218,5221477.505015,"Стейк AERO, авто-ребаланс",10.0,-6.656005727428252,-19.235490999216438,-10.80460140957097,-10.97273076741784,-19.235490999216438,10.44143122536748,3.2068694153567634,-22.96804589785912,1.6529855102829192
8453:0xb4cb800910b228ed3d0834cf79d697127bbb00e5,Base,Uniswap v3,WETH/USDC,0.01,698189.675847,Авто-ребаланс,20.0,-10.188472994307954,-19.43413008197837,-7.82841155064448,-13.04314531918476,-19.43413008197837,10.918436906985074,2.6151464056708735,-25.51373555128109,1.0629930805596286
42161:0xc473e2aee3441bf9240be85eb122abb059a3b57c,Arbitrum,Uniswap v3,WETH/USDC,0.3,5705323.513293,Авто-ребаланс,30.0,-3.175966048208538,-19.479649133178757,3.336462160212222,-5.499492499537481,-19.479649133178757,12.348997541638736,1.9305306115674676,-18.594595189660225,1.1844254630834437
42161:0x7fcdc35463e3770c2fb992716cd070b63540b947,Arbitrum,Pancake v3,WETH/USDC,0.01,473051.619529,Авто-ребаланс,30.0,-4.7400216938423485,-19.50004711884972,-10.599073184515515,-10.799726735456835,-19.50004711884972,5.061789418355679,2.7146536337417158,-17.97424629692874,0.6019234906255883
42161:0xc6962004f452be9203591991d15f6b388e09e8d0,Arbitrum,Uniswap v3,WETH/USDC,0.05,37096104.750623,Пассивно,30.0,-0.86755573732063,-19.664470863108143,-4.033237535564383,-6.1640814108397715,-19.664470863108143,4.212986489256739,1.3965696218622046,-11.552714998081681,0.22092252387700792
8453:0x4e962bb3889bf030368f56810a9c96b83cb3e778,Base,Aerodrome Slipstream,USDC/CBBTC,0.0532,6040393.319163,Авто-ребаланс,10.0,-7.586875500037676,-19.6781210865789,-11.533427697503878,-11.76380087159061,-19.6781210865789,9.284615395348665,3.2058244535931166,-22.26537508066593,1.9888656398664444
8453:0x160d7e9d948b16c163332a277b393c288408eb12,Base,Aerodrome Slipstream,USDC/CBBTC,0.0218,5221477.505015,Авто-ребаланс,10.0,-8.045994958490965,-19.815276833476815,-11.508220127963021,-11.83127994225512,-19.815276833476815,9.582882050530198,3.2068694153567634,-22.96804589785912,1.6529855102829192
8453:0xd0b53d9277642d899df5c87a3966a349a798f224,Base,Uniswap v3,WETH/USDC,0.05,10060511.434283,Авто-ребаланс,20.0,-6.695829012668255,-20.112924543043892,-4.89940909693991,-10.530179450432787,-20.112924543043892,14.028409504029538,2.626320292006252,-25.962734107765247,1.2221751387034048
42161:0xc31e54c7a869b9fcbecc14363cf510d1c41fa443,Arbitrum,Uniswap v3,WETH/USDC,0.05,1118511.713936,Авто-ребаланс,20.0,5.745587725195545,-20.175263660048724,-3.281025625981679,-3.505607599228268,-20.175263660048724,17.55089968629443,2.7291599922198597,-22.63912956807052,1.1465377096720701
42161:0xe88bba0ec2fc9091d68344b32b504abcc59f0aa9e1ae2ef048b69bc7ec3f4df8,Arbitrum,Uniswap v4,ETH/USD₮0,0.0625,926636.364251,Пассивно,30.0,-7.737198294263742,-20.28044110992737,-7.452759798721368,-9.027466321632433,-20.28044110992737,1.1077432627921613,1.45899557792832,-11.373917396634276,0.22028776571859024
42161:0x7fcdc35463e3770c2fb992716cd070b63540b947,Arbitrum,Pancake v3,WETH/USDC,0.01,473051.619529,Пассивно,30.0,-4.7400216938423485,-20.469590557389484,-10.599073184515515,-6.355410395496863,-20.469590557389484,2.671898052482239,1.4086775201556692,-10.215428821744819,0.22055714638996785
42161:0x843ac8dc6d34aeb07a56812b8b36429ee46bdd07,Arbitrum,Pancake v3,WBTC/USDC,0.05,406657.816518,Авто-ребаланс,10.0,-3.851879454200931,-20.499553245761803,-12.791657630922124,-12.426197649728955,-20.499553245761803,8.960300599369424,2.852010297005653,-22.52562946958088,1.7128790765231816
8453:0xb4cb800910b228ed3d0834cf79d697127bbb00e5,Base,Uniswap v3,WETH/USDC,0.01,698189.675847,Пассивно,10.0,-20.722622501468134,-11.121144942996398,-20.440798634406786,-6.087807436635405,-20.722622501468134,6.915516086405595,0.7752439408652735,-13.074553896093688,0.704013567812587
8453:0x9785ef59e2b499fb741674ecf6faf912df7b3c1b,Base,Aerodrome Slipstream,WETH/USDT,0.0445,2460467.75359,Пассивно,10.0,9.302187516874232,-7.268632309110477,-20.847733896142216,4.9653370211952055,-20.847733896142216,17.001751463666515,0.7774908259604378,-12.135866648263672,0.6780386201680909
42161:0xc6962004f452be9203591991d15f6b388e09e8d0,Arbitrum,Uniswap v3,WETH/USDC,0.05,37096104.750623,Авто-ребаланс,20.0,-0.7441030487802024,-21.037554269936653,-4.098255750189931,-6.071089218171597,-21.037554269936653,14.17261740719493,2.738704998443179,-21.837437446487193,1.1449741773225521
8453:0x72ab388e2e2f6facef59e3c3fa2c4e29011c2d38,Base,Pancake v3,WETH/USDC,0.01,4969308.957636,Пассивно,10.0,-17.218630984730467,-12.1836123802528,-21.26330180565519,-5.663032826624774,-21.26330180565519,7.455693296335621,0.7757291236986135,-13.187138137449406,0.7073171092096078
8453:0x3fe04a59ebd38cf06080a6f60a98d124eb59392a,Base,Aerodrome Slipstream,WETH/USDC,0.0625,12279890.854137,Пассивно,10.0,-3.534998708110197,-12.442338375816139,-21.426003686679973,-1.1178131436030407,-21.426003686679973,11.606671019434552,0.78207826956532,-12.789705593349957,0.7168568392529328
8453:0xec558e484cc9f2210714e345298fdc53b253c27d,Base,Uniswap v3,USDC/CBBTC,0.3,1791948.233748,Авто-ребаланс,10.0,-6.743445239458159,-21.573085290143222,-5.0597788640623635,-9.630282464370696,-21.573085290143222,12.96532073360418,2.070564032437165,-22.3251837391915,2.340983491220514
8453:0x9785ef59e2b499fb741674ecf6faf912df7b3c1b,Base,Aerodrome Slipstream,WETH/USDT,0.0445,2460467.75359,"Стейк AERO, авто-ребаланс",20.0,-3.6366965763274437,-21.759389365514227,-9.39746262997931,-11.3075041502397,-21.759389365514227,11.77940637381406,2.6173821961159476,-24.527117940232763,1.17717477993699
8453:0xaa5fe7dcc07dcb8b7afcd1b93874e7cb1e0ab50b,Base,Aerodrome Slipstream,WETH/EURC,0.05,892023.559055,Пассивно,10.0,-21.877804996018245,-13.482384608865825,-21.5133801428323,-8.263880202601607,-21.877804996018245,4.471778617752154,0.8241844787692832,-12.879073369161038,0.6807699299620085
8453:0xb2cc224c1c9fee385f8ad6a55b4d94e92359dc59,Base,Aerodrome Slipstream,WETH/USDC,0.0728,8562745.065349,"Стейк AERO, авто-ребаланс",20.0,-3.5942901671544125,-21.91341978618952,-9.66049540046911,-10.867019310103853,-21.91341978618952,13.199183485356494,2.6128472269622027,-25.26764176681701,1.411408255605544
42161:0xd9e2a1a61b6e61b275cec326465d417e52c1b95c,Arbitrum,Pancake v3,WETH/USDC,0.05,787147.903277,Авто-ребаланс,20.0,-2.2394098254158634,-22.53800476968776,-7.354968364670748,-10.494460148905564,-22.53800476968776,12.022970016671586,2.5521929178411895,-23.866294760097162,1.203328323321204
8453:0xb775272e537cc670c65dc852908ad47015244eaf,Base,Pancake v3,WETH/USDC,0.05,1219742.77141,Авто-ребаланс,20.0,-5.322820737212075,-22.675860962756378,-9.746364029593707,-11.683106457146609,-22.675860962756378,12.152962024061855,2.615576305977254,-25.24184655119777,1.2097982359879789
42161:0xe88bba0ec2fc9091d68344b32b504abcc59f0aa9e1ae2ef048b69bc7ec3f4df8,Arbitrum,Uniswap v4,ETH/USD₮0,0.0625,926636.364251,Авто-ребаланс,30.0,-7.737198294263742,-22.939817521610976,-7.452759798721368,-12.840094751712176,-22.939817521610976,5.8072043570675556,2.868289628657712,-20.735750201378007,0.7798385360594733
8453:0x72ab388e2e2f6facef59e3c3fa2c4e29011c2d38,Base,Pancake v3,WETH/USDC,0.01,4969308.957636,Авто-ребаланс,20.0,-8.585858536659373,-23.108849580159482,-8.463135550702049,-13.98271548909469,-23.108849580159482,10.290769738458287,2.6140834119570404,-25.819716390886953,1.0678522486229964
8453:0x3fe04a59ebd38cf06080a6f60a98d124eb59392a,Base,Aerodrome Slipstream,WETH/USDC,0.0625,12279890.854137,"Стейк AERO, пассивно",10.0,-19.9495746838489,-12.043654398458497,-23.319033993407935,-6.426115170380394,-23.319033993407935,6.29836899265722,0.78207826956532,-12.789705593349957,0.7168568392529328
42161:0x70bf44c3a9b6b047bf60e5a05968225dbf3d6a5b9e8a95a73727e48921e889c1,Arbitrum,Uniswap v4,WBTC/USDC,0.3499,328691.173448,Авто-ребаланс,10.0,-2.171041104385926,-23.356034617601047,-6.297217970726073,-11.328461716547242,-23.356034617601047,12.09710494957491,2.9425383530203026,-22.841390764923037,3.5267142542193626
8453:0xaa5fe7dcc07dcb8b7afcd1b93874e7cb1e0ab50b,Base,Aerodrome Slipstream,WETH/EURC,0.05,892023.559055,Авто-ребаланс,20.0,-8.785719980007025,-24.347847783531858,-14.722960125103462,-16.63028720492738,-24.347847783531858,6.32616163996299,2.5100834826022838,-24.297746765088597,1.1687855624041081
8453:0x9785ef59e2b499fb741674ecf6faf912df7b3c1b,Base,Aerodrome Slipstream,WETH/USDT,0.0445,2460467.75359,Авто-ребаланс,10.0,9.06939459088742,-23.639884577463615,-24.407404756658174,-11.770448248583735,-24.407404756658174,29.221941272240453,3.166188866069667,-41.65931101688781,2.499267370006057
42161:0xc82819f72a9e77e2c0c3a69b3196478f44303cf4,Arbitrum,Uniswap v3,WETH/USD₮0,0.3,367911.495425,Авто-ребаланс,20.0,-6.612589960764968,-24.521763348892183,0.5093331607310644,-9.332217350871357,-24.521763348892183,14.727407354201679,1.8882303878553583,-23.819438595609494,2.1284164973189013
42161:0xe88bba0ec2fc9091d68344b32b504abcc59f0aa9e1ae2ef048b69bc7ec3f4df8,Arbitrum,Uniswap v4,ETH/USD₮0,0.0625,926636.364251,Пассивно,10.0,-24.812426177792464,-13.952584173165935,-13.832148054384023,-10.088348444406515,-24.812426177792464,2.477931672888657,0.7925988852966849,-12.692777336231293,0.6661016663605638
8453:0x3fe04a59ebd38cf06080a6f60a98d124eb59392a,Base,Aerodrome Slipstream,WETH/USDC,0.0625,12279890.854137,Авто-ребаланс,20.0,-1.2612481650734462,-24.921768108368163,-12.404308504580296,-13.070395432527981,-24.921768108368163,12.013239652714324,2.6009431745425773,-26.25474149696957,1.4298367628153243
42161:0x7fcdc35463e3770c2fb992716cd070b63540b947,Arbitrum,Pancake v3,WETH/USDC,0.01,473051.619529,Пассивно,10.0,-18.00287821935443,-12.501518940813385,-25.053497673997192,-7.101966140236904,-25.053497673997192,5.984053948239989,0.7738338724549997,-13.172698248230889,0.6871557127010125
8453:0xb2cc224c1c9fee385f8ad6a55b4d94e92359dc59,Base,Aerodrome Slipstream,WETH/USDC,0.0728,8562745.065349,Авто-ребаланс,20.0,-7.568969319052278,-25.22513027118688,-3.3074617415520895,-11.147716690706664,-25.22513027118688,12.918486104753644,2.6128472269622027,-25.26764176681701,1.411408255605544
42161:0x4d1576158518dd61924218446c1057cf03138d57,Arbitrum,Sushi v3,WETH/USDC,0.3,497694.662033,Авто-ребаланс,20.0,-10.857140492012169,-27.57374236798833,-4.310645581429848,-14.021839936083074,-27.57374236798833,12.952057317785371,1.8384344545974773,-26.60978154637292,2.2025501620930554
42161:0x7fcdc35463e3770c2fb992716cd070b63540b947,Arbitrum,Pancake v3,WETH/USDC,0.01,473051.619529,Авто-ребаланс,20.0,-6.2593802165797,-28.335019715999305,-13.069981659384636,-13.909035455323437,-28.335019715999305,6.693223250339138,2.749692264012543,-22.342788728474027,1.0091622412010357
42161:0xe88bba0ec2fc9091d68344b32b504abcc59f0aa9e1ae2ef048b69bc7ec3f4df8,Arbitrum,Uniswap v4,ETH/USD₮0,0.0625,926636.364251,Авто-ребаланс,20.0,-10.561556606697184,-28.469035230263923,-6.921973310990008,-14.09717572232153,-28.469035230263923,7.655985840843864,2.853710616058171,-23.280942063953695,1.325930115269874
42161:0xc473e2aee3441bf9240be85eb122abb059a3b57c,Arbitrum,Uniswap v3,WETH/USDC,0.3,5705323.513293,Авто-ребаланс,20.0,-2.1422506079579646,-29.401705846354748,1.9465249487219831,-7.582484271415842,-29.401705846354748,16.400633583120523,2.119495116056298,-23.952185900178414,2.150427070414316
8453:0x3fe04a59ebd38cf06080a6f60a98d124eb59392a,Base,Aerodrome Slipstream,WETH/USDC,0.0625,12279890.854137,"Стейк AERO, авто-ребаланс",20.0,-10.278457501035428,-29.695406045122226,-13.754839819224388,-18.16677320129802,-29.695406045122226,6.916861883944264,2.6009431745425773,-26.25474149696957,1.4298367628153243
8453:0xaa5fe7dcc07dcb8b7afcd1b93874e7cb1e0ab50b,Base,Aerodrome Slipstream,WETH/EURC,0.05,892023.559055,"Стейк AERO, авто-ребаланс",10.0,-8.448178866675912,-32.20805891991,-20.236373385640473,-19.71687004026535,-32.20805891991,21.468382860395714,2.907346395760077,-41.66262196600891,2.429977330412217
8453:0xb24f7fcd75c3a001b74be4c60f181c024154c4d7c33097777e3950979042b073,Base,Uniswap v4,TBTC/USDC,0.3499,726649.624081,Авто-ребаланс,10.0,-12.600201463750604,-33.78223530153042,-9.059059807258512,-17.1540872062324,-33.78223530153042,3.902848408276232,2.445727763544136,-20.99087439440007,2.5117889836527056
8453:0xd0b53d9277642d899df5c87a3966a349a798f224,Base,Uniswap v3,WETH/USDC,0.05,10060511.434283,Авто-ребаланс,10.0,-10.583383944443115,-34.20729457974159,-11.789595097457749,-17.486007364229216,-34.20729457974159,23.51738754830571,3.1503328470335568,-41.62661921495529,2.527108544613233
8453:0xb4cb800910b228ed3d0834cf79d697127bbb00e5,Base,Uniswap v3,WETH/USDC,0.01,698189.675847,Авто-ребаланс,10.0,-18.848337550100627,-35.00600902379713,-22.918684334468807,-24.03428625529458,-35.00600902379713,18.075116585151125,3.1497225059006375,-42.914094767327136,2.345030579019221
8453:0xb775272e537cc670c65dc852908ad47015244eaf,Base,Pancake v3,WETH/USDC,0.05,1219742.77141,Авто-ребаланс,10.0,-8.23207637309316,-37.13060835619863,-20.507292356791837,-19.74684415006867,-37.13060835619863,20.292830057401726,3.136299131622645,-40.648575433458035,2.527397905635071
8453:0xb2cc224c1c9fee385f8ad6a55b4d94e92359dc59,Base,Aerodrome Slipstream,WETH/USDC,0.0728,8562745.065349,"Стейк AERO, авто-ребаланс",10.0,-7.626318013308095,-37.522884468495086,-20.32387283091939,-20.15729629146853,-37.522884468495086,22.113183481817035,3.150759269387137,-42.48730205057915,2.933936992093541
42161:0x641c00a822e8b671738d32a431a4fb6074e5c79d,Arbitrum,Uniswap v3,WETH/USD₮0,0.05,6444291.054483,Авто-ребаланс,10.0,-10.220559088330756,-38.85631661954166,-13.873507185648734,-17.31463731532517,-38.85631661954166,22.754392295266207,3.2816292564240714,-40.79350186117574,2.5571570058397084
8453:0x3fe04a59ebd38cf06080a6f60a98d124eb59392a,Base,Aerodrome Slipstream,WETH/USDC,0.0625,12279890.854137,Авто-ребаланс,10.0,-3.3259272730835088,-39.23217610898457,-26.27194141813921,-20.702756238178747,-39.23217610898457,20.12712970865266,3.1623265940118848,-41.121720417284976,2.870492123558362
8453:0x9785ef59e2b499fb741674ecf6faf912df7b3c1b,Base,Aerodrome Slipstream,WETH/USDT,0.0445,2460467.75359,"Стейк AERO, авто-ребаланс",10.0,-8.497198393048567,-39.32938321106933,-21.099614489260613,-21.29214879232397,-39.32938321106933,19.700240728500248,3.166188866069667,-41.65931101688781,2.499267370006057
8453:0x72ab388e2e2f6facef59e3c3fa2c4e29011c2d38,Base,Pancake v3,WETH/USDC,0.01,4969308.957636,Авто-ребаланс,10.0,-15.549378198864172,-41.66292530454491,-23.38710899278813,-25.250437179238443,-41.66292530454491,17.242872133794535,3.153313472550085,-43.29435757260661,2.3522652129764614
8453:0xaa5fe7dcc07dcb8b7afcd1b93874e7cb1e0ab50b,Base,Aerodrome Slipstream,WETH/EURC,0.05,892023.559055,Авто-ребаланс,10.0,-21.002327211511354,-42.194057592520764,-31.006570766311036,-30.525553670430288,-42.194057592520764,10.659699230230755,2.907346395760077,-41.66262196600891,2.429977330412217
8453:0xb2cc224c1c9fee385f8ad6a55b4d94e92359dc59,Base,Aerodrome Slipstream,WETH/USDC,0.0728,8562745.065349,Авто-ребаланс,10.0,-14.240704831490438,-43.65481720035805,-9.254920802317375,-20.511826903763378,-43.65481720035805,21.758652869522184,3.150759269387137,-42.48730205057915,2.933936992093541
42161:0xc31e54c7a869b9fcbecc14363cf510d1c41fa443,Arbitrum,Uniswap v3,WETH/USDC,0.05,1118511.713936,Авто-ребаланс,10.0,1.395529319171898,-44.580384893297406,-10.051836012242456,-12.866192953103134,-44.580384893297406,28.463152850016556,2.702893765734565,-41.72227281975624,2.3099667490980154
42161:0xc6962004f452be9203591991d15f6b388e09e8d0,Arbitrum,Uniswap v3,WETH/USDC,0.05,37096104.750623,Авто-ребаланс,10.0,-7.858863131950068,-45.338734999381494,-10.868036029688783,-15.678013772498165,-45.338734999381494,23.960811007160206,3.3212901022655195,-40.45834829996698,2.5017665819569475
42161:0xc82819f72a9e77e2c0c3a69b3196478f44303cf4,Arbitrum,Uniswap v3,WETH/USD₮0,0.3,367911.495425,Авто-ребаланс,10.0,-18.16424071165518,-45.99845508974795,1.3700469402798714,-17.977431956942212,-45.99845508974795,23.904386162879636,2.258838207937404,-39.99793409591817,4.142722231841019
42161:0xd9e2a1a61b6e61b275cec326465d417e52c1b95c,Arbitrum,Pancake v3,WETH/USDC,0.05,787147.903277,Авто-ребаланс,10.0,-10.378750018206945,-46.4783230613839,-17.146798861927866,-21.67595961035773,-46.4783230613839,19.91289126282684,3.238067973512649,-42.220820216999954,2.6060986296972453
8453:0x3fe04a59ebd38cf06080a6f60a98d124eb59392a,Base,Aerodrome Slipstream,WETH/USDC,0.0625,12279890.854137,"Стейк AERO, авто-ребаланс",10.0,-18.46087139590122,-48.03332794690836,-28.676784528972966,-29.245786606647734,-48.03332794690836,11.58409934018367,3.1623265940118848,-41.121720417284976,2.870492123558362
42161:0x4d1576158518dd61924218446c1057cf03138d57,Arbitrum,Sushi v3,WETH/USDC,0.3,497694.662033,Авто-ребаланс,10.0,-18.693536799037243,-49.59035276774987,-6.451614558743085,-22.45597716144821,-49.59035276774987,20.729829545540333,2.2140181074512313,-41.207150181285904,4.192674633153882
42161:0xc473e2aee3441bf9240be85eb122abb059a3b57c,Arbitrum,Uniswap v3,WETH/USDC,0.3,5705323.513293,Авто-ребаланс,10.0,-9.32628289014326,-55.49428678666759,2.7962201833518363,-14.482460127650466,-55.49428678666759,27.75233543159128,1.930425153088876,-40.70388573242864,3.4613349799019755
42161:0x7fcdc35463e3770c2fb992716cd070b63540b947,Arbitrum,Pancake v3,WETH/USDC,0.01,473051.619529,Авто-ребаланс,10.0,-16.876838091577923,-58.39236783303772,-27.59604147111272,-28.239166600831282,-58.39236783303772,10.866669225847065,3.353960207120864,-40.18149033805758,2.278305695741582
42161:0xe88bba0ec2fc9091d68344b32b504abcc59f0aa9e1ae2ef048b69bc7ec3f4df8,Arbitrum,Uniswap v4,ETH/USD₮0,0.0625,926636.364251,Авто-ребаланс,10.0,-24.317305280691347,-59.030497250969084,-17.123629751831228,-27.365951326987147,-59.030497250969084,12.799275145219594,3.4829000625085267,-40.782850616344966,2.8652759183703105
