key,chain,dex,pair,fee_pct,category,tvl,mode,width_pct,net_w1,net_w2,net_w3,net_mean,net_min,n_positive,income_apr,usd_apr,hodl_usd_apr,time_in_range,rebalances
8453:0xe846373c1a92b167b4e9cd5d8e4d6b1db9e90ec7,Base,Aerodrome Slipstream,EURC/USDC,0.0079,Стейбл/стейбл,1210156.130313,"Стейк AERO, авто-ребаланс",0.05,283.5057920976291,347.52985401960973,251.8866776958228,294.30744127102054,251.8866776958228,3,403.47441030285745,290.5805168771706,-3.72692439384994,76.54806491885144,505
8453:0xe846373c1a92b167b4e9cd5d8e4d6b1db9e90ec7,Base,Aerodrome Slipstream,EURC/USDC,0.0079,Стейбл/стейбл,1210156.130313,"Стейк AERO, авто-ребаланс",0.1,211.4619615057217,243.91565432180707,202.97613698086448,219.4512509361311,202.97613698086448,3,279.07275790109276,215.7243265422806,-3.7269243938504566,90.48168955472326,205
8453:0xe846373c1a92b167b4e9cd5d8e4d6b1db9e90ec7,Base,Aerodrome Slipstream,EURC/USDC,0.0079,Стейбл/стейбл,1210156.130313,"Стейк AERO, авто-ребаланс",0.25,108.5410562522225,111.99809055525964,103.17299709087642,107.90404796611952,103.17299709087642,3,134.5223771175008,104.17712357226826,-3.7269243938512697,97.44434040782356,55
8453:0xe846373c1a92b167b4e9cd5d8e4d6b1db9e90ec7,Base,Aerodrome Slipstream,EURC/USDC,0.0079,Стейбл/стейбл,1210156.130313,Авто-ребаланс,0.1,69.16161387142569,92.767521809104,76.34428997669792,79.42447521907587,69.16161387142569,3,139.04598218403765,75.6975508252254,-3.7269243938504566,90.48168955472326,205
8453:0xe846373c1a92b167b4e9cd5d8e4d6b1db9e90ec7,Base,Aerodrome Slipstream,EURC/USDC,0.0079,Стейбл/стейбл,1210156.130313,Авто-ребаланс,0.05,67.66308526482185,115.61939948693288,67.04648199007363,83.44298891394278,67.04648199007363,3,192.60995794577968,79.71606452009284,-3.72692439384994,76.54806491885144,505
8453:0xe846373c1a92b167b4e9cd5d8e4d6b1db9e90ec7,Base,Aerodrome Slipstream,EURC/USDC,0.0079,Стейбл/стейбл,1210156.130313,"Стейк AERO, авто-ребаланс",0.5,64.85592297483183,65.1466345733988,57.45638607654831,62.48631454159298,57.45638607654831,3,71.7887147206231,58.75939014774179,-3.7269243938511956,99.44288389513109,12
8453:0xe846373c1a92b167b4e9cd5d8e4d6b1db9e90ec7,Base,Aerodrome Slipstream,EURC/USDC,0.0079,Стейбл/стейбл,1210156.130313,Авто-ребаланс,0.25,40.78892821593527,42.53605417261646,42.9261652343013,42.083715874284344,40.78892821593527,3,68.70204502566567,38.356791480433074,-3.7269243938512697,97.44434040782356,55
8453:0xe846373c1a92b167b4e9cd5d8e4d6b1db9e90ec7,Base,Aerodrome Slipstream,EURC/USDC,0.0079,Стейбл/стейбл,1210156.130313,"Стейк AERO, пассивно",0.05,66.44171119270175,40.34443015616141,27.64046115542828,44.80886750143048,27.64046115542828,3,54.760148963123164,41.081943107580535,-3.72692439384994,9.70505617977528,0
8453:0xe846373c1a92b167b4e9cd5d8e4d6b1db9e90ec7,Base,Aerodrome Slipstream,EURC/USDC,0.0079,Стейбл/стейбл,1210156.130313,Авто-ребаланс,0.5,28.977655966001326,28.44331171285525,25.448230008943685,27.623065895933422,25.448230008943685,3,36.92546607496351,23.896141502082227,-3.7269243938511956,99.44288389513109,12
8453:0xb07d7eece8866e549601af5c7622d8cdbedc914e,Base,Aerodrome Slipstream,EURC/CBBTC,0.05,Голубая фишка/стейбл,360550.369394,Авто-ребаланс,5.0,79.38894255682204,26.605203624252304,24.786356051482546,43.59350074418563,24.786356051482546,3,110.08027758062268,115.0288629148104,71.43536217062477,99.57616172054122,9
8453:0xe846373c1a92b167b4e9cd5d8e4d6b1db9e90ec7,Base,Aerodrome Slipstream,EURC/USDC,0.0079,Стейбл/стейбл,1210156.130313,"Стейк AERO, авто-ребаланс",1.0,33.823600897847875,32.916284586392784,24.35825646425489,30.366047316165183,24.35825646425489,3,36.87578682116721,26.63912292231384,-3.726924393851341,99.76799833541406,5
8453:0xe846373c1a92b167b4e9cd5d8e4d6b1db9e90ec7,Base,Aerodrome Slipstream,EURC/USDC,0.0079,Стейбл/стейбл,1210156.130313,"Стейк AERO, пассивно",0.25,64.96376458783605,44.07180926308225,19.551048989130027,42.86220761334944,19.551048989130027,3,52.21252049519543,39.13528321949818,-3.7269243938512697,37.069288389513105,0
8453:0x8bb9eaf3c5a906d20c4cc10ea2f73a3ac2d5d41a,Base,Aerodrome Slipstream,CBETH/CBBTC,0.033,ETH/BTC,1202439.932522,"Стейк AERO, пассивно",10.0,22.35421675716564,19.533186450395725,20.885210587200426,20.92420459825393,19.533186450395725,3,27.868135209823212,182.04471240150036,161.12050780324643,99.6222851746931,0
8453:0xe846373c1a92b167b4e9cd5d8e4d6b1db9e90ec7,Base,Aerodrome Slipstream,EURC/USDC,0.0079,Стейбл/стейбл,1210156.130313,"Стейк AERO, пассивно",0.1,77.63182384179078,31.983517812589973,17.40982861694876,42.3417234237765,17.40982861694876,3,52.14270646999727,38.61479902992605,-3.7269243938504566,16.152205576362878,0
8453:0x8bb9eaf3c5a906d20c4cc10ea2f73a3ac2d5d41a,Base,Aerodrome Slipstream,CBETH/CBBTC,0.033,ETH/BTC,1202439.932522,"Стейк AERO, пассивно",15.0,15.461302643458305,13.724254788302437,14.414992737190987,14.53351672298391,13.724254788302437,3,19.321302974059176,175.65402452623042,161.12050780324648,100.0,0
8453:0x8bb9eaf3c5a906d20c4cc10ea2f73a3ac2d5d41a,Base,Aerodrome Slipstream,CBETH/CBBTC,0.033,ETH/BTC,1202439.932522,"Стейк AERO, авто-ребаланс",15.0,15.461302643458305,13.724254788302437,14.414992737190987,14.53351672298391,13.724254788302437,3,19.321302974059176,175.65402452623042,161.12050780324648,100.0,0
8453:0x8bb9eaf3c5a906d20c4cc10ea2f73a3ac2d5d41a,Base,Aerodrome Slipstream,CBETH/CBBTC,0.033,ETH/BTC,1202439.932522,"Стейк AERO, пассивно",20.0,11.995979635413493,10.642638650942656,11.172428395147858,11.270348893834669,10.642638650942656,3,14.979243618200444,172.39085669708118,161.1205078032465,100.0,0
8453:0x8bb9eaf3c5a906d20c4cc10ea2f73a3ac2d5d41a,Base,Aerodrome Slipstream,CBETH/CBBTC,0.033,ETH/BTC,1202439.932522,"Стейк AERO, авто-ребаланс",20.0,11.995979635413493,10.642638650942656,11.172428395147858,11.270348893834669,10.642638650942656,3,14.979243618200444,172.39085669708118,161.1205078032465,100.0,0
8453:0x8bb9eaf3c5a906d20c4cc10ea2f73a3ac2d5d41a,Base,Aerodrome Slipstream,CBETH/CBBTC,0.033,ETH/BTC,1202439.932522,"Стейк AERO, пассивно",5.0,25.368592218062386,10.115073751819807,34.48775367516053,23.323806548347576,10.115073751819807,3,36.72703038791095,184.4443143515938,161.1205078032462,69.47234184505024,0
8453:0x7aea2e8a3843516afa07293a10ac8e49906dabd1,Base,Uniswap v3,WETH/CBBTC,0.05,ETH/BTC,14498572.359732,Пассивно,10.0,9.18724720763466,19.24539897610071,10.74219292812481,13.058279703953394,9.18724720763466,3,19.44506114665878,175.46389055901733,162.4056108550639,99.67502321262766,0
8453:0xc211e1f853a898bd1302385ccde55f33a8c4b3f3,Base,Pancake v3,WETH/CBBTC,0.01,ETH/BTC,6112991.420759,"Комиссии + фарм наград, пассивно",10.0,10.34491400675379,9.479125172024272,9.077066814120846,9.633701997632969,9.077066814120846,3,16.052828325558682,172.03526072491638,162.40155872728343,99.67547519703291,0
8453:0xe846373c1a92b167b4e9cd5d8e4d6b1db9e90ec7,Base,Aerodrome Slipstream,EURC/USDC,0.0079,Стейбл/стейбл,1210156.130313,Авто-ребаланс,1.0,15.527255613273264,14.143221761798161,7.878420291013152,12.516299222028191,7.878420291013152,3,19.02603872703023,8.78937482817685,-3.726924393851341,99.76799833541406,5
8453:0x8bb9eaf3c5a906d20c4cc10ea2f73a3ac2d5d41a,Base,Aerodrome Slipstream,CBETH/CBBTC,0.033,ETH/BTC,1202439.932522,"Стейк AERO, пассивно",30.0,8.514907495911002,7.550293102788333,7.921989426758199,7.995730008485845,7.550293102788333,3,10.62422638782878,169.11623781173233,161.12050780324648,100.0,0
8453:0x8bb9eaf3c5a906d20c4cc10ea2f73a3ac2d5d41a,Base,Aerodrome Slipstream,CBETH/CBBTC,0.033,ETH/BTC,1202439.932522,"Стейк AERO, авто-ребаланс",30.0,8.514907495911002,7.550293102788333,7.921989426758199,7.995730008485845,7.550293102788333,3,10.62422638782878,169.11623781173233,161.12050780324648,100.0,0
8453:0x8c7080564b5a792a33ef2fd473fba6364d5495e5,Base,Uniswap v3,WETH/CBBTC,0.3,ETH/BTC,11649702.280637,Пассивно,10.0,6.3721917580084,7.6408916480086155,8.78005290224014,7.597712102752385,6.3721917580084,3,13.883990570866608,172.09754794766963,164.49983584491724,99.48275862068965,0
8453:0x7aea2e8a3843516afa07293a10ac8e49906dabd1,Base,Uniswap v3,WETH/CBBTC,0.05,ETH/BTC,14498572.359732,Пассивно,15.0,6.340851264124094,13.624768130053324,7.4080713369878595,9.124563577055092,6.340851264124094,3,13.528199801336898,171.53017443211894,162.40561085506386,100.0,0
8453:0x7aea2e8a3843516afa07293a10ac8e49906dabd1,Base,Uniswap v3,WETH/CBBTC,0.05,ETH/BTC,14498572.359732,Авто-ребаланс,15.0,6.340851264124094,13.624768130053324,7.4080713369878595,9.124563577055092,6.340851264124094,3,13.528199801336898,171.53017443211894,162.40561085506386,100.0,0
8453:0xc211e1f853a898bd1302385ccde55f33a8c4b3f3,Base,Pancake v3,WETH/CBBTC,0.01,ETH/BTC,6112991.420759,"Комиссии + фарм наград, пассивно",15.0,7.138826345011029,6.748409986715736,6.260890087333122,6.716042139686629,6.260890087333122,3,11.141979911235293,169.11760086697004,162.40155872728343,100.0,0
8453:0x2fbe93bf7177596c5d04675bdcef7bacaf98bd954dc26829fcda39f122239459,Base,Uniswap v4,ETH/CBBTC,0.0625,ETH/BTC,1981581.017285,Пассивно,10.0,20.097941668680832,5.853200063737374,7.4779433795286305,11.143028370648945,5.853200063737374,3,17.45476485157965,173.69321735608668,162.55018898543773,99.67592592592592,0
8453:0xc211e1f853a898bd1302385ccde55f33a8c4b3f3,Base,Pancake v3,WETH/CBBTC,0.01,ETH/BTC,6112991.420759,Пассивно,10.0,5.558955490949763,4.964501291733471,5.44122887629057,5.321561886324601,4.964501291733471,3,11.740688214250355,167.72312061360802,162.40155872728343,99.67547519703291,0
8453:0x7aea2e8a3843516afa07293a10ac8e49906dabd1,Base,Uniswap v3,WETH/CBBTC,0.05,ETH/BTC,14498572.359732,Пассивно,20.0,4.914438324133146,10.556711216802144,5.739266053952072,7.07013853162912,4.914438324133146,3,10.48144854084212,169.4757493866931,162.405610855064,100.0,0
8453:0x7aea2e8a3843516afa07293a10ac8e49906dabd1,Base,Uniswap v3,WETH/CBBTC,0.05,ETH/BTC,14498572.359732,Авто-ребаланс,20.0,4.914438324133146,10.556711216802144,5.739266053952072,7.07013853162912,4.914438324133146,3,10.48144854084212,169.4757493866931,162.405610855064,100.0,0
8453:0xc211e1f853a898bd1302385ccde55f33a8c4b3f3,Base,Pancake v3,WETH/CBBTC,0.01,ETH/BTC,6112991.420759,"Комиссии + фарм наград, пассивно",20.0,5.532507400948158,5.22957673670064,4.8509465643134835,5.204343567320761,4.8509465643134835,3,8.632929638301245,167.60590229460425,162.4015587272835,100.0,0
8453:0x2fbe93bf7177596c5d04675bdcef7bacaf98bd954dc26829fcda39f122239459,Base,Uniswap v4,ETH/CBBTC,0.0625,ETH/BTC,1981581.017285,Пассивно,15.0,13.888838876801927,4.411449389468568,5.162362073207198,7.820883446492564,4.411449389468568,3,12.172776752203134,170.37107243193014,162.55018898543761,100.0,0
8453:0x2fbe93bf7177596c5d04675bdcef7bacaf98bd954dc26829fcda39f122239459,Base,Uniswap v4,ETH/CBBTC,0.0625,ETH/BTC,1981581.017285,Авто-ребаланс,15.0,13.888838876801927,4.411449389468568,5.162362073207198,7.820883446492564,4.411449389468568,3,12.172776752203134,170.37107243193014,162.55018898543761,100.0,0
8453:0x8c7080564b5a792a33ef2fd473fba6364d5495e5,Base,Uniswap v3,WETH/CBBTC,0.3,ETH/BTC,11649702.280637,Пассивно,15.0,4.396950763541033,5.939035187902579,6.055577971583264,5.463854641008959,4.396950763541033,3,9.798194844512793,169.96369048592626,164.4998358449173,100.0,0
8453:0x8c7080564b5a792a33ef2fd473fba6364d5495e5,Base,Uniswap v3,WETH/CBBTC,0.3,ETH/BTC,11649702.280637,Авто-ребаланс,15.0,4.396950763541033,5.939035187902579,6.055577971583264,5.463854641008959,4.396950763541033,3,9.798194844512793,169.96369048592626,164.4998358449173,100.0,0
8453:0x8bb9eaf3c5a906d20c4cc10ea2f73a3ac2d5d41a,Base,Aerodrome Slipstream,CBETH/CBBTC,0.033,ETH/BTC,1202439.932522,Пассивно,10.0,4.3268998833984424,7.3393934259480185,12.136385539682758,7.93422628300974,4.3268998833984424,3,14.878156894578956,169.0547340862562,161.12050780324643,99.6222851746931,0
42161:0x8b3781471ab98774c59775df9cc505ce20b36afffd297aef2dc17daafce3b140,Arbitrum,Uniswap v4,ETH/WBTC,0.0625,ETH/BTC,1296036.003108,Пассивно,10.0,7.389131731423166,4.040918518380619,7.68261382986126,6.370888026555015,4.040918518380619,3,12.770961669044206,168.86084238259392,162.48995435603894,99.62911451089477,0
8453:0x8bb9eaf3c5a906d20c4cc10ea2f73a3ac2d5d41a,Base,Aerodrome Slipstream,CBETH/CBBTC,0.033,ETH/BTC,1202439.932522,"Стейк AERO, пассивно",2.5,5.785856525791704,19.919769056152287,3.9738135909254284,9.893146390956474,3.9738135909254284,3,30.586382753631366,171.01365419420281,161.12050780324634,28.58674767310069,0
8453:0xc211e1f853a898bd1302385ccde55f33a8c4b3f3,Base,Pancake v3,WETH/CBBTC,0.01,ETH/BTC,6112991.420759,Пассивно,15.0,3.837382954614374,3.603796890624659,3.753265160702355,3.7314816686471293,3.603796890624659,3,8.157419440195776,166.13304039593052,162.40155872728343,100.0,0
8453:0xc211e1f853a898bd1302385ccde55f33a8c4b3f3,Base,Pancake v3,WETH/CBBTC,0.01,ETH/BTC,6112991.420759,Авто-ребаланс,15.0,3.837382954614374,3.603796890624659,3.753265160702355,3.7314816686471293,3.603796890624659,3,8.157419440195776,166.13304039593052,162.40155872728343,100.0,0
8453:0xb07d7eece8866e549601af5c7622d8cdbedc914e,Base,Aerodrome Slipstream,EURC/CBBTC,0.05,Голубая фишка/стейбл,360550.369394,"Стейк AERO, авто-ребаланс",5.0,60.36952870982986,4.24100207219416,3.510054645001052,22.706861809008355,3.510054645001052,3,89.19363864544539,94.14222397963313,71.43536217062477,99.57616172054122,9
8453:0x7aea2e8a3843516afa07293a10ac8e49906dabd1,Base,Uniswap v3,WETH/CBBTC,0.05,ETH/BTC,14498572.359732,Пассивно,30.0,3.4846057411546427,7.4830977780403485,4.067810791762522,5.011838103652504,3.4846057411546427,3,7.429435979678884,167.41744895871642,162.4056108550639,100.0,0
8453:0x7aea2e8a3843516afa07293a10ac8e49906dabd1,Base,Uniswap v3,WETH/CBBTC,0.05,ETH/BTC,14498572.359732,Авто-ребаланс,30.0,3.4846057411546427,7.4830977780403485,4.067810791762522,5.011838103652504,3.4846057411546427,3,7.429435979678884,167.41744895871642,162.4056108550639,100.0,0
42161:0x864abca0a6202dba5b8868772308da953ff125b0f95015adbf89aaf579e903a8,Arbitrum,Uniswap v4,ETH/USDC,0.0625,Голубая фишка/стейбл,7143372.960387,Авто-ребаланс,5.0,13.010703048339606,36.868941983299926,3.461601502637883,17.780415511425804,3.461601502637883,3,100.9608165963089,112.83318857527851,95.05277306385271,99.53665015990921,10
8453:0xc211e1f853a898bd1302385ccde55f33a8c4b3f3,Base,Pancake v3,WETH/CBBTC,0.01,ETH/BTC,6112991.420759,"Комиссии + фарм наград, пассивно",30.0,3.9225689222564295,3.7075324878825477,3.438508857375085,3.6895367558380205,3.438508857375085,3,6.119378189360665,166.0910954831215,162.4015587272835,100.0,0
8453:0x2fbe93bf7177596c5d04675bdcef7bacaf98bd954dc26829fcda39f122239459,Base,Uniswap v4,ETH/CBBTC,0.0625,ETH/BTC,1981581.017285,Пассивно,20.0,10.771320828358153,3.4237466227126547,4.001538575463043,6.0655353421779505,3.4237466227126547,3,9.436762309323676,168.61572432761568,162.55018898543776,100.0,0
8453:0x2fbe93bf7177596c5d04675bdcef7bacaf98bd954dc26829fcda39f122239459,Base,Uniswap v4,ETH/CBBTC,0.0625,ETH/BTC,1981581.017285,Авто-ребаланс,20.0,10.771320828358153,3.4237466227126547,4.001538575463043,6.0655353421779505,3.4237466227126547,3,9.436762309323676,168.61572432761568,162.55018898543776,100.0,0
8453:0x8c7080564b5a792a33ef2fd473fba6364d5495e5,Base,Uniswap v3,WETH/CBBTC,0.3,ETH/BTC,11649702.280637,Пассивно,20.0,3.4074395679764313,4.602091024226326,4.691696977807684,4.233742523336814,3.4074395679764313,3,7.591371847488996,168.73357836825434,164.49983584491753,100.0,0
8453:0x8c7080564b5a792a33ef2fd473fba6364d5495e5,Base,Uniswap v3,WETH/CBBTC,0.3,ETH/BTC,11649702.280637,Авто-ребаланс,20.0,3.4074395679764313,4.602091024226326,4.691696977807684,4.233742523336814,3.4074395679764313,3,7.591371847488996,168.73357836825434,164.49983584491753,100.0,0
42161:0x8b3781471ab98774c59775df9cc505ce20b36afffd297aef2dc17daafce3b140,Arbitrum,Uniswap v4,ETH/WBTC,0.0625,ETH/BTC,1296036.003108,Пассивно,15.0,5.172186745625161,3.294332155940965,5.330241779680208,4.598920227082111,3.294332155940965,3,9.011721319927862,167.08887458312097,162.48995435603882,100.0,0
42161:0x8b3781471ab98774c59775df9cc505ce20b36afffd297aef2dc17daafce3b140,Arbitrum,Uniswap v4,ETH/WBTC,0.0625,ETH/BTC,1296036.003108,Авто-ребаланс,15.0,5.172186745625161,3.294332155940965,5.330241779680208,4.598920227082111,3.294332155940965,3,9.011721319927862,167.08887458312097,162.48995435603882,100.0,0
8453:0x7c7420dd105e2779316423ba3e973f434315efa9,Base,Aerodrome Slipstream,WETH/CBBTC,0.0085,ETH/BTC,2267298.339275,"Стейк AERO, пассивно",10.0,4.256357737968079,3.109360604036043,7.237227759702678,4.8676487005689335,3.109360604036043,3,11.273678826205062,167.30246154685875,162.43481284628984,99.67592592592592,0
8453:0x8bb9eaf3c5a906d20c4cc10ea2f73a3ac2d5d41a,Base,Aerodrome Slipstream,CBETH/CBBTC,0.033,ETH/BTC,1202439.932522,Пассивно,15.0,3.003771915189636,5.471633975563305,8.377373139525575,5.617593010092839,3.003771915189636,3,10.405379261168074,166.73810081333934,161.12050780324648,100.0,0
8453:0x8bb9eaf3c5a906d20c4cc10ea2f73a3ac2d5d41a,Base,Aerodrome Slipstream,CBETH/CBBTC,0.033,ETH/BTC,1202439.932522,Авто-ребаланс,15.0,3.003771915189636,5.471633975563305,8.377373139525575,5.617593010092839,3.003771915189636,3,10.405379261168074,166.73810081333934,161.12050780324648,100.0,0
8453:0xc211e1f853a898bd1302385ccde55f33a8c4b3f3,Base,Pancake v3,WETH/CBBTC,0.01,ETH/BTC,6112991.420759,Пассивно,20.0,2.9744134184567272,2.793107977275243,2.908107913476427,2.891876436402799,2.793107977275243,3,6.320462507383331,165.2934351636863,162.4015587272835,100.0,0
8453:0xc211e1f853a898bd1302385ccde55f33a8c4b3f3,Base,Pancake v3,WETH/CBBTC,0.01,ETH/BTC,6112991.420759,Авто-ребаланс,20.0,2.9744134184567272,2.793107977275243,2.908107913476427,2.891876436402799,2.793107977275243,3,6.320462507383331,165.2934351636863,162.4015587272835,100.0,0
8453:0xe846373c1a92b167b4e9cd5d8e4d6b1db9e90ec7,Base,Aerodrome Slipstream,EURC/USDC,0.0079,Стейбл/стейбл,1210156.130313,"Стейк AERO, пассивно",0.5,44.63093819145458,39.21548729750192,2.761290831000327,28.869238773318944,2.761290831000327,3,37.46918330552707,25.14231437946775,-3.7269243938511956,51.50905118601747,0
42161:0x8b3781471ab98774c59775df9cc505ce20b36afffd297aef2dc17daafce3b140,Arbitrum,Uniswap v4,ETH/WBTC,0.0625,ETH/BTC,1296036.003108,Пассивно,20.0,4.037026328710359,2.5777145186504304,4.142052277133258,3.585597708164683,2.5777145186504304,3,7.004007351923573,166.07555206420366,162.489954356039,100.0,0
42161:0x8b3781471ab98774c59775df9cc505ce20b36afffd297aef2dc17daafce3b140,Arbitrum,Uniswap v4,ETH/WBTC,0.0625,ETH/BTC,1296036.003108,Авто-ребаланс,20.0,4.037026328710359,2.5777145186504304,4.142052277133258,3.585597708164683,2.5777145186504304,3,7.004007351923573,166.07555206420366,162.489954356039,100.0,0
8453:0x2fbe93bf7177596c5d04675bdcef7bacaf98bd954dc26829fcda39f122239459,Base,Uniswap v4,ETH/CBBTC,0.0625,ETH/BTC,1981581.017285,Пассивно,30.0,7.642334961609273,2.4309504156742148,2.8376520681795623,4.30364581515435,2.4309504156742148,3,6.692836810215688,166.85383480059207,162.55018898543776,100.0,0
8453:0x2fbe93bf7177596c5d04675bdcef7bacaf98bd954dc26829fcda39f122239459,Base,Uniswap v4,ETH/CBBTC,0.0625,ETH/BTC,1981581.017285,Авто-ребаланс,30.0,7.642334961609273,2.4309504156742148,2.8376520681795623,4.30364581515435,2.4309504156742148,3,6.692836810215688,166.85383480059207,162.55018898543776,100.0,0
8453:0x8c7080564b5a792a33ef2fd473fba6364d5495e5,Base,Uniswap v3,WETH/CBBTC,0.3,ETH/BTC,11649702.280637,Пассивно,30.0,2.4157838332717825,3.2624796820600697,3.3255044146519017,3.0012559766612514,2.4157838332717825,3,5.380810312277512,167.50109182157865,164.49983584491738,100.0,0
8453:0x8c7080564b5a792a33ef2fd473fba6364d5495e5,Base,Uniswap v3,WETH/CBBTC,0.3,ETH/BTC,11649702.280637,Авто-ребаланс,30.0,2.4157838332717825,3.2624796820600697,3.3255044146519017,3.0012559766612514,2.4157838332717825,3,5.380810312277512,167.50109182157865,164.49983584491738,100.0,0
8453:0x8bb9eaf3c5a906d20c4cc10ea2f73a3ac2d5d41a,Base,Aerodrome Slipstream,CBETH/CBBTC,0.033,ETH/BTC,1202439.932522,Пассивно,20.0,2.3348327293493125,4.244798193518654,6.493255458123406,4.357628793663791,2.3348327293493125,3,8.066523518029548,165.47813659691028,161.1205078032465,100.0,0
8453:0x8bb9eaf3c5a906d20c4cc10ea2f73a3ac2d5d41a,Base,Aerodrome Slipstream,CBETH/CBBTC,0.033,ETH/BTC,1202439.932522,Авто-ребаланс,20.0,2.3348327293493125,4.244798193518654,6.493255458123406,4.357628793663791,2.3348327293493125,3,8.066523518029548,165.47813659691028,161.1205078032465,100.0,0
8453:0x7c7420dd105e2779316423ba3e973f434315efa9,Base,Aerodrome Slipstream,WETH/CBBTC,0.0085,ETH/BTC,2267298.339275,"Стейк AERO, пассивно",15.0,2.9460741728834665,2.2293029221288028,4.991891106788185,3.3890894006001515,2.2293029221288028,3,7.805997442335626,165.82390224689007,162.43481284628993,100.0,0
8453:0x7c7420dd105e2779316423ba3e973f434315efa9,Base,Aerodrome Slipstream,WETH/CBBTC,0.0085,ETH/BTC,2267298.339275,"Стейк AERO, авто-ребаланс",15.0,2.9460741728834665,2.2293029221288028,4.991891106788185,3.3890894006001515,2.2293029221288028,3,7.805997442335626,165.82390224689007,162.43481284628993,100.0,0
8453:0xc211e1f853a898bd1302385ccde55f33a8c4b3f3,Base,Pancake v3,WETH/CBBTC,0.01,ETH/BTC,6112991.420759,Пассивно,30.0,2.1092156077010498,1.9804712648927913,2.0614131807700535,2.0503666844546315,1.9804712648927913,3,4.480208117977285,164.4519254117381,162.4015587272835,100.0,0
8453:0xc211e1f853a898bd1302385ccde55f33a8c4b3f3,Base,Pancake v3,WETH/CBBTC,0.01,ETH/BTC,6112991.420759,Авто-ребаланс,30.0,2.1092156077010498,1.9804712648927913,2.0614131807700535,2.0503666844546315,1.9804712648927913,3,4.480208117977285,164.4519254117381,162.4015587272835,100.0,0
42161:0x8b3781471ab98774c59775df9cc505ce20b36afffd297aef2dc17daafce3b140,Arbitrum,Uniswap v4,ETH/WBTC,0.0625,ETH/BTC,1296036.003108,Пассивно,30.0,2.8827462738109957,1.8452187464304672,2.9447043870113063,2.5575564690842563,1.8452187464304672,3,4.980185861259187,165.0475108251233,162.48995435603905,100.0,0
42161:0x8b3781471ab98774c59775df9cc505ce20b36afffd297aef2dc17daafce3b140,Arbitrum,Uniswap v4,ETH/WBTC,0.0625,ETH/BTC,1296036.003108,Авто-ребаланс,30.0,2.8827462738109957,1.8452187464304672,2.9447043870113063,2.5575564690842563,1.8452187464304672,3,4.980185861259187,165.0475108251233,162.48995435603905,100.0,0
8453:0x7c7420dd105e2779316423ba3e973f434315efa9,Base,Aerodrome Slipstream,WETH/CBBTC,0.0085,ETH/BTC,2267298.339275,"Стейк AERO, пассивно",20.0,2.2866078238574237,1.7290496687648704,3.867734662715399,2.627797385112564,1.7290496687648704,3,6.049388507799597,165.06261023140246,162.43481284628993,100.0,0
8453:0x7c7420dd105e2779316423ba3e973f434315efa9,Base,Aerodrome Slipstream,WETH/CBBTC,0.0085,ETH/BTC,2267298.339275,"Стейк AERO, авто-ребаланс",20.0,2.2866078238574237,1.7290496687648704,3.867734662715399,2.627797385112564,1.7290496687648704,3,6.049388507799597,165.06261023140246,162.43481284628993,100.0,0
8453:0x7c7420dd105e2779316423ba3e973f434315efa9,Base,Aerodrome Slipstream,WETH/CBBTC,0.0085,ETH/BTC,2267298.339275,Пассивно,10.0,1.6814617738630657,5.7223182739900125,8.852318208289422,5.418699418714167,1.6814617738630657,3,11.824729544350278,167.853512265004,162.43481284628984,99.67592592592592,0
8453:0x8bb9eaf3c5a906d20c4cc10ea2f73a3ac2d5d41a,Base,Aerodrome Slipstream,CBETH/CBBTC,0.033,ETH/BTC,1202439.932522,Пассивно,30.0,1.6603443931297441,3.0126662149197148,4.604374856073284,3.092461821374248,1.6603443931297441,3,5.720958200717176,164.21296962462077,161.12050780324648,100.0,0
8453:0x8bb9eaf3c5a906d20c4cc10ea2f73a3ac2d5d41a,Base,Aerodrome Slipstream,CBETH/CBBTC,0.033,ETH/BTC,1202439.932522,Авто-ребаланс,30.0,1.6603443931297441,3.0126662149197148,4.604374856073284,3.092461821374248,1.6603443931297441,3,5.720958200717176,164.21296962462077,161.12050780324648,100.0,0
8453:0xa44d3bb767d953711ea4bce8c0f01f4d7d299af6,Base,Aerodrome Slipstream,CBBTC/LBTC,0.02,"Коррелир. (ETH/LST, BTC/BTC)",4716563.420684,"Стейк AERO, пассивно",0.1,3.788045940795909,3.5101864559692477,1.5563330314745356,2.9515218094132307,1.5563330314745356,3,3.0965021967125534,139.1696812432669,136.21815943385366,78.45208015695943,0
8453:0xa44d3bb767d953711ea4bce8c0f01f4d7d299af6,Base,Aerodrome Slipstream,CBBTC/LBTC,0.02,"Коррелир. (ETH/LST, BTC/BTC)",4716563.420684,"Стейк AERO, пассивно",0.25,1.529973043261995,1.4991370352869242,1.5340028037333984,1.521037627427439,1.4991370352869242,3,1.5795264468169576,137.73919706128123,136.2181594338538,96.00404653515427,0
8453:0x7aea2e8a3843516afa07293a10ac8e49906dabd1,Base,Uniswap v3,WETH/CBBTC,0.05,ETH/BTC,14498572.359732,Пассивно,5.0,5.319647582985671,1.3557911486821708,16.984654694630212,7.886697808766018,1.3557911486821708,3,20.219692459043117,170.29230866383,162.405610855064,71.75791209462918,0
42161:0x2f5e87c9312fa29aed5c179e456625d79015299c,Arbitrum,Uniswap v3,WBTC/WETH,0.05,ETH/BTC,36435974.017664,Пассивно,10.0,2.0720732011962353,1.3316552570897053,6.493955839528992,3.299228099271644,1.3316552570897053,3,9.581446884968566,166.29075419558498,162.99152609631332,99.63021658742737,0
42161:0x2f5e87c9312fa29aed5c179e456625d79015299c,Arbitrum,Uniswap v3,WBTC/WETH,0.05,ETH/BTC,36435974.017664,Пассивно,15.0,1.4295066629992803,1.2523047950967277,4.478009679577141,2.3866070458910498,1.2523047950967277,3,6.718148129883575,165.37813314220438,162.99152609631332,100.0,0
42161:0x2f5e87c9312fa29aed5c179e456625d79015299c,Arbitrum,Uniswap v3,WBTC/WETH,0.05,ETH/BTC,36435974.017664,Авто-ребаланс,15.0,1.4295066629992803,1.2523047950967277,4.478009679577141,2.3866070458910498,1.2523047950967277,3,6.718148129883575,165.37813314220438,162.99152609631332,100.0,0
8453:0x7c7420dd105e2779316423ba3e973f434315efa9,Base,Aerodrome Slipstream,WETH/CBBTC,0.0085,ETH/BTC,2267298.339275,"Стейк AERO, пассивно",30.0,1.6236547152818002,1.2268725057101768,2.741583574506036,1.864036931832671,1.2268725057101768,3,4.28892104042972,164.29884977812264,162.43481284629,100.0,0
8453:0x7c7420dd105e2779316423ba3e973f434315efa9,Base,Aerodrome Slipstream,WETH/CBBTC,0.0085,ETH/BTC,2267298.339275,"Стейк AERO, авто-ребаланс",30.0,1.6236547152818002,1.2268725057101768,2.741583574506036,1.864036931832671,1.2268725057101768,3,4.28892104042972,164.29884977812264,162.43481284629,100.0,0
8453:0x7c7420dd105e2779316423ba3e973f434315efa9,Base,Aerodrome Slipstream,WETH/CBBTC,0.0085,ETH/BTC,2267298.339275,Пассивно,15.0,1.1685730234340765,4.102295221762545,6.105683841869376,3.7921840290219992,1.1685730234340765,3,8.209092070757485,166.2269968753119,162.43481284628993,100.0,0
8453:0x7c7420dd105e2779316423ba3e973f434315efa9,Base,Aerodrome Slipstream,WETH/CBBTC,0.0085,ETH/BTC,2267298.339275,Авто-ребаланс,15.0,1.1685730234340765,4.102295221762545,6.105683841869376,3.7921840290219992,1.1685730234340765,3,8.209092070757485,166.2269968753119,162.43481284628993,100.0,0
42161:0xbe3ad6a5669dc0b8b12febc03608860c31e2eef6,Arbitrum,Uniswap v3,USDC/USD₮0,0.01,Стейбл/стейбл,1158289.791727,Пассивно,0.05,1.9190099675796803,1.0755595234479642,1.9387545821321115,1.6444413577199186,1.0755595234479642,3,1.8787935466554877,1.5714265896626014,-0.07301476805731709,76.00079161648955,0
42161:0x2f5e87c9312fa29aed5c179e456625d79015299c,Arbitrum,Uniswap v3,WBTC/WETH,0.05,ETH/BTC,36435974.017664,Пассивно,20.0,1.107699234583224,0.9704323215519919,3.469109096435304,1.8490802175235066,0.9704323215519919,3,5.204541182637678,164.84060631383676,162.99152609631327,100.0,0
42161:0x2f5e87c9312fa29aed5c179e456625d79015299c,Arbitrum,Uniswap v3,WBTC/WETH,0.05,ETH/BTC,36435974.017664,Авто-ребаланс,20.0,1.107699234583224,0.9704323215519919,3.469109096435304,1.8490802175235066,0.9704323215519919,3,5.204541182637678,164.84060631383676,162.99152609631327,100.0,0
8453:0x8bb9eaf3c5a906d20c4cc10ea2f73a3ac2d5d41a,Base,Aerodrome Slipstream,CBETH/CBBTC,0.033,ETH/BTC,1202439.932522,"Стейк AERO, пассивно",,1.0514048269839258,0.9312423303130981,0.9759931236222896,0.9862134269731045,0.9312423303130981,3,1.3096894541211088,162.10672123021968,161.12050780324657,100.0,0
8453:0x7c7420dd105e2779316423ba3e973f434315efa9,Base,Aerodrome Slipstream,WETH/CBBTC,0.0085,ETH/BTC,2267298.339275,Пассивно,20.0,0.9088256799051033,3.1804217491760878,4.730620301677167,2.939955910252786,0.9088256799051033,3,6.361547032939812,165.37476875654272,162.43481284628993,100.0,0
8453:0x7c7420dd105e2779316423ba3e973f434315efa9,Base,Aerodrome Slipstream,WETH/CBBTC,0.0085,ETH/BTC,2267298.339275,Авто-ребаланс,20.0,0.9088256799051033,3.1804217491760878,4.730620301677167,2.939955910252786,0.9088256799051033,3,6.361547032939812,165.37476875654272,162.43481284628993,100.0,0
42161:0xbe3ad6a5669dc0b8b12febc03608860c31e2eef6,Arbitrum,Uniswap v3,USDC/USD₮0,0.01,Стейбл/стейбл,1158289.791727,Пассивно,0.1,0.9754549217707609,0.8533126615542277,1.249841683785471,1.02620308903682,0.8533126615542277,3,1.1782268732816492,0.9531883209797241,-0.07301476805709575,97.77988726507425,0
42161:0x44d1592a3ac6c42c77d6543544c3b1543a44bd9c4057335da7a1d48051999d16,Arbitrum,Uniswap v4,WBTC/CBBTC,0.0125,"Коррелир. (ETH/LST, BTC/BTC)",399160.742284,Пассивно,0.25,1.503659323928526,1.0187496976665684,0.8063481668459493,1.109585729480348,0.8063481668459493,3,1.329307023249168,135.60328946548265,134.49370373600232,99.44211669770328,0
8453:0xa44d3bb767d953711ea4bce8c0f01f4d7d299af6,Base,Aerodrome Slipstream,CBBTC/LBTC,0.02,"Коррелир. (ETH/LST, BTC/BTC)",4716563.420684,"Стейк AERO, пассивно",0.5,0.7686217332971692,0.7529036256226669,0.8856625088244557,0.802395955914764,0.7529036256226669,3,0.831695062171996,137.0205553897685,136.2181594338537,100.0,0
8453:0xa44d3bb767d953711ea4bce8c0f01f4d7d299af6,Base,Aerodrome Slipstream,CBBTC/LBTC,0.02,"Коррелир. (ETH/LST, BTC/BTC)",4716563.420684,"Стейк AERO, авто-ребаланс",0.5,0.7686217332971692,0.7529036256226669,0.8856625088244557,0.802395955914764,0.7529036256226669,3,0.831695062171996,137.0205553897685,136.2181594338537,100.0,0
42161:0x2f5e87c9312fa29aed5c179e456625d79015299c,Arbitrum,Uniswap v3,WBTC/WETH,0.05,ETH/BTC,36435974.017664,Пассивно,30.0,0.7852551728566141,0.6879767417664849,2.4586915265765183,1.3106411470665391,0.6879767417664849,3,3.6886587650611125,164.30216724337987,162.99152609631332,100.0,0
42161:0x2f5e87c9312fa29aed5c179e456625d79015299c,Arbitrum,Uniswap v3,WBTC/WETH,0.05,ETH/BTC,36435974.017664,Авто-ребаланс,30.0,0.7852551728566141,0.6879767417664849,2.4586915265765183,1.3106411470665391,0.6879767417664849,3,3.6886587650611125,164.30216724337987,162.99152609631332,100.0,0
8453:0x7c7420dd105e2779316423ba3e973f434315efa9,Base,Aerodrome Slipstream,WETH/CBBTC,0.0085,ETH/BTC,2267298.339275,Пассивно,30.0,0.6466314558041842,2.2557765961639777,3.353166400342094,2.0851914841034187,0.6466314558041842,3,4.510075592700471,164.52000433039342,162.43481284629,100.0,0
8453:0x7c7420dd105e2779316423ba3e973f434315efa9,Base,Aerodrome Slipstream,WETH/CBBTC,0.0085,ETH/BTC,2267298.339275,Авто-ребаланс,30.0,0.6466314558041842,2.2557765961639777,3.353166400342094,2.0851914841034187,0.6466314558041842,3,4.510075592700471,164.52000433039342,162.43481284629,100.0,0
42161:0x44d1592a3ac6c42c77d6543544c3b1543a44bd9c4057335da7a1d48051999d16,Arbitrum,Uniswap v4,WBTC/CBBTC,0.0125,"Коррелир. (ETH/LST, BTC/BTC)",399160.742284,Пассивно,0.1,2.878025813716067,0.9842440416946313,0.6382103525960034,1.5001600693355672,0.6382103525960034,3,1.9561979101560876,135.99386380533787,134.49370373600232,57.64273937493803,0
42161:0xbe3ad6a5669dc0b8b12febc03608860c31e2eef6,Arbitrum,Uniswap v3,USDC/USD₮0,0.01,Стейбл/стейбл,1158289.791727,Авто-ребаланс,0.1,0.9754549217707609,0.6330919603126889,0.600601399036547,0.7363827603733323,0.600601399036547,3,1.2021069695205129,0.6633679923162364,-0.07301476805709575,99.90080503922175,2
8453:0x7aea2e8a3843516afa07293a10ac8e49906dabd1,Base,Uniswap v3,WETH/CBBTC,0.05,ETH/BTC,14498572.359732,Пассивно,,0.42929033641110126,0.9213146313081051,0.5007074239805175,0.6171041305665746,0.42929033641110126,3,0.9146259237575846,163.02271498563042,162.40561085506386,100.0,0
8453:0xc211e1f853a898bd1302385ccde55f33a8c4b3f3,Base,Pancake v3,WETH/CBBTC,0.01,ETH/BTC,6112991.420759,"Комиссии + фарм наград, пассивно",,0.48317174756480497,0.4566164532742823,0.4233282372283823,0.4543721460224899,0.4233282372283823,3,0.7534006931767085,162.855930873306,162.4015587272835,100.0,0
42161:0x44d1592a3ac6c42c77d6543544c3b1543a44bd9c4057335da7a1d48051999d16,Arbitrum,Uniswap v4,WBTC/CBBTC,0.0125,"Коррелир. (ETH/LST, BTC/BTC)",399160.742284,Пассивно,0.5,0.7638299288863133,0.5407824398228361,0.41409767799075475,0.5729033488999681,0.41409767799075475,3,0.6829694709428491,135.06660708490222,134.4937037360022,100.0,0
42161:0x44d1592a3ac6c42c77d6543544c3b1543a44bd9c4057335da7a1d48051999d16,Arbitrum,Uniswap v4,WBTC/CBBTC,0.0125,"Коррелир. (ETH/LST, BTC/BTC)",399160.742284,Авто-ребаланс,0.5,0.7638299288863133,0.5407824398228361,0.41409767799075475,0.5729033488999681,0.41409767799075475,3,0.6829694709428491,135.06660708490222,134.4937037360022,100.0,0
8453:0xa44d3bb767d953711ea4bce8c0f01f4d7d299af6,Base,Aerodrome Slipstream,CBBTC/LBTC,0.02,"Коррелир. (ETH/LST, BTC/BTC)",4716563.420684,"Стейк AERO, авто-ребаланс",0.25,1.529973043261995,1.4991370352869242,0.4057432216434214,1.1449511000641135,0.4057432216434214,3,1.655068154241386,137.36311053391793,136.2181594338538,99.94941831057157,1
8453:0xa44d3bb767d953711ea4bce8c0f01f4d7d299af6,Base,Aerodrome Slipstream,CBBTC/LBTC,0.02,"Коррелир. (ETH/LST, BTC/BTC)",4716563.420684,"Стейк AERO, пассивно",1.0,0.3863004224379484,0.3783434590978412,0.44491533182510157,0.40318640445363035,0.3783434590978412,3,0.41789062023475226,136.62134583830726,136.21815943385366,100.0,0
8453:0xa44d3bb767d953711ea4bce8c0f01f4d7d299af6,Base,Aerodrome Slipstream,CBBTC/LBTC,0.02,"Коррелир. (ETH/LST, BTC/BTC)",4716563.420684,"Стейк AERO, авто-ребаланс",1.0,0.3863004224379484,0.3783434590978412,0.44491533182510157,0.40318640445363035,0.3783434590978412,3,0.41789062023475226,136.62134583830726,136.21815943385366,100.0,0
42161:0xbe3ad6a5669dc0b8b12febc03608860c31e2eef6,Arbitrum,Uniswap v3,USDC/USD₮0,0.01,Стейбл/стейбл,1158289.791727,Авто-ребаланс,0.05,0.3747664661405997,0.6173354308815336,1.1989585736872836,0.7303534902364723,0.3747664661405997,3,2.3844039208134116,0.6573387221791552,-0.07301476805731709,99.5069020380498,10
42161:0xbe3ad6a5669dc0b8b12febc03608860c31e2eef6,Arbitrum,Uniswap v3,USDC/USD₮0,0.01,Стейбл/стейбл,1158289.791727,Пассивно,0.25,0.3911218434769277,0.3682335676466664,0.5048063941093854,0.42138726841099317,0.3682335676466664,3,0.482619144950267,0.3483725003538236,-0.07301476805716953,100.0,0
42161:0xbe3ad6a5669dc0b8b12febc03608860c31e2eef6,Arbitrum,Uniswap v3,USDC/USD₮0,0.01,Стейбл/стейбл,1158289.791727,Авто-ребаланс,0.25,0.3911218434769277,0.3682335676466664,0.5048063941093854,0.42138726841099317,0.3682335676466664,3,0.482619144950267,0.3483725003538236,-0.07301476805716953,100.0,0
42161:0xab05003a63d2f34ac7eec4670bca3319f0e3d2f62af5c2b9cbd69d03fd804fd2,Arbitrum,Uniswap v4,USDC/USD₮0,0.001,Стейбл/стейбл,584261.904384,Пассивно,0.1,0.3635326703956404,0.3375892928492885,0.9816856682334704,0.5609358771594665,0.3375892928492885,3,0.6960145870761669,0.4669856464209079,-0.09395023073855856,97.45370370370371,0
8453:0x2fbe93bf7177596c5d04675bdcef7bacaf98bd954dc26829fcda39f122239459,Base,Uniswap v4,ETH/CBBTC,0.0625,ETH/BTC,1981581.017285,Пассивно,,0.9427925349996227,0.30035999457641077,0.3496782568810189,0.5309435954856841,0.30035999457641077,3,0.8249694945715993,163.0811325809234,162.55018898543776,100.0,0
8453:0x8c7080564b5a792a33ef2fd473fba6364d5495e5,Base,Uniswap v3,WETH/CBBTC,0.3,ETH/BTC,11649702.280637,Пассивно,,0.2975425772137383,0.40175317963745655,0.40938346384388746,0.3695597402316941,0.2975425772137383,3,0.662399703381972,164.86939558514894,164.49983584491724,100.0,0
8453:0xc211e1f853a898bd1302385ccde55f33a8c4b3f3,Base,Pancake v3,WETH/CBBTC,0.01,ETH/BTC,6112991.420759,Пассивно,,0.2598982861223127,0.2439878244046425,0.25380217218713974,0.2525627609046983,0.2439878244046425,3,0.5515913080589405,162.6541214881882,162.4015587272835,100.0,0
42161:0x8b3781471ab98774c59775df9cc505ce20b36afffd297aef2dc17daafce3b140,Arbitrum,Uniswap v4,ETH/WBTC,0.0625,ETH/BTC,1296036.003108,Пассивно,,0.3605311354360371,0.23196337082421148,0.36483216772875793,0.31910889132966885,0.23196337082421148,3,0.6172498882856156,162.8090632473685,162.48995435603882,100.0,0
42161:0x44d1592a3ac6c42c77d6543544c3b1543a44bd9c4057335da7a1d48051999d16,Arbitrum,Uniswap v4,WBTC/CBBTC,0.0125,"Коррелир. (ETH/LST, BTC/BTC)",399160.742284,Пассивно,1.0,0.386055965645149,0.2736237450829655,0.2088910592468437,0.28952358999165273,0.2088910592468437,3,0.34476199878515845,134.78322732599395,134.49370373600232,100.0,0
42161:0x44d1592a3ac6c42c77d6543544c3b1543a44bd9c4057335da7a1d48051999d16,Arbitrum,Uniswap v4,WBTC/CBBTC,0.0125,"Коррелир. (ETH/LST, BTC/BTC)",399160.742284,Авто-ребаланс,1.0,0.386055965645149,0.2736237450829655,0.2088910592468437,0.28952358999165273,0.2088910592468437,3,0.34476199878515845,134.78322732599395,134.49370373600232,100.0,0
8453:0x8bb9eaf3c5a906d20c4cc10ea2f73a3ac2d5d41a,Base,Aerodrome Slipstream,CBETH/CBBTC,0.033,ETH/BTC,1202439.932522,Пассивно,,0.20581837966809263,0.37190500011739763,0.5673212495587086,0.38168154311473296,0.20581837966809263,3,0.7051575702628262,161.5021893463613,161.12050780324657,100.0,0
42161:0x9b42809aaae8d088ee01fe637e948784730f0386,Arbitrum,Uniswap v3,WBTC/CBBTC,0.01,"Коррелир. (ETH/LST, BTC/BTC)",1288811.928409,Пассивно,0.25,0.8695225446659149,0.19570685738325055,0.7039913626478451,0.5897402548990035,0.19570685738325055,3,0.7905400038722956,135.09116750118528,134.50142724628628,99.33172595259327,0
8453:0xa44d3bb767d953711ea4bce8c0f01f4d7d299af6,Base,Aerodrome Slipstream,CBBTC/LBTC,0.02,"Коррелир. (ETH/LST, BTC/BTC)",4716563.420684,"Стейк AERO, пассивно",2.0,0.19472473373154783,0.19069936969555304,0.2242184739359982,0.20321419245436637,0.19069936969555304,3,0.21062089576291365,136.42137362630814,136.2181594338538,100.0,0
8453:0xa44d3bb767d953711ea4bce8c0f01f4d7d299af6,Base,Aerodrome Slipstream,CBBTC/LBTC,0.02,"Коррелир. (ETH/LST, BTC/BTC)",4716563.420684,"Стейк AERO, авто-ребаланс",2.0,0.19472473373154783,0.19069936969555304,0.2242184739359982,0.20321419245436637,0.19069936969555304,3,0.21062089576291365,136.42137362630814,136.2181594338538,100.0,0
42161:0xbe3ad6a5669dc0b8b12febc03608860c31e2eef6,Arbitrum,Uniswap v3,USDC/USD₮0,0.01,Стейбл/стейбл,1158289.791727,Пассивно,0.5,0.1960105543078589,0.18458902291836238,0.25303352511275384,0.21121103411299172,0.18458902291836238,3,0.241884234149733,0.13819626605589597,-0.07301476805709575,100.0,0
42161:0xbe3ad6a5669dc0b8b12febc03608860c31e2eef6,Arbitrum,Uniswap v3,USDC/USD₮0,0.01,Стейбл/стейбл,1158289.791727,Авто-ребаланс,0.5,0.1960105543078589,0.18458902291836238,0.25303352511275384,0.21121103411299172,0.18458902291836238,3,0.241884234149733,0.13819626605589597,-0.07301476805709575,100.0,0
8453:0x7c7420dd105e2779316423ba3e973f434315efa9,Base,Aerodrome Slipstream,WETH/CBBTC,0.0085,ETH/BTC,2267298.339275,"Стейк AERO, пассивно",,0.20064004456721096,0.15137774069533103,0.3375289708947336,0.22984891871909185,0.15137774069533103,3,0.5282673924545679,162.66466176500893,162.43481284628984,100.0,0
42161:0xab05003a63d2f34ac7eec4670bca3319f0e3d2f62af5c2b9cbd69d03fd804fd2,Arbitrum,Uniswap v4,USDC/USD₮0,0.001,Стейбл/стейбл,584261.904384,Пассивно,0.25,0.14571601743068033,0.16281023971081596,0.3944892847942234,0.23433851397857322,0.14571601743068033,3,0.2886236561425604,0.1403882832399409,-0.09395023073863233,100.0,0
42161:0xab05003a63d2f34ac7eec4670bca3319f0e3d2f62af5c2b9cbd69d03fd804fd2,Arbitrum,Uniswap v4,USDC/USD₮0,0.001,Стейбл/стейбл,584261.904384,Авто-ребаланс,0.25,0.14571601743068033,0.16281023971081596,0.3944892847942234,0.23433851397857322,0.14571601743068033,3,0.2886236561425604,0.1403882832399409,-0.09395023073863233,100.0,0
42161:0x9b42809aaae8d088ee01fe637e948784730f0386,Arbitrum,Uniswap v3,WBTC/CBBTC,0.01,"Коррелир. (ETH/LST, BTC/BTC)",1288811.928409,Пассивно,0.1,1.8388816044651382,0.13970610114747312,0.3365143243712494,0.7717006766612868,0.13970610114747312,3,1.1949000034592854,135.2731279229476,134.50142724628628,59.92042403495641,0
42161:0xab05003a63d2f34ac7eec4670bca3319f0e3d2f62af5c2b9cbd69d03fd804fd2,Arbitrum,Uniswap v4,USDC/USD₮0,0.001,Стейбл/стейбл,584261.904384,Авто-ребаланс,0.1,0.3635326703956404,0.12429375703985593,0.9816856682334704,0.48983736522298893,0.12429375703985593,3,0.7181540128037777,0.39588713448443036,-0.09395023073855856,99.95370370370371,1
8453:0xa44d3bb767d953711ea4bce8c0f01f4d7d299af6,Base,Aerodrome Slipstream,CBBTC/LBTC,0.02,"Коррелир. (ETH/LST, BTC/BTC)",4716563.420684,Пассивно,0.1,0.11491080232848741,0.121986289337422,0.19290521049654064,0.14326743405415002,0.11491080232848741,3,0.2882478213534604,136.3614268679078,136.21815943385366,78.45208015695943,0
42161:0x44d1592a3ac6c42c77d6543544c3b1543a44bd9c4057335da7a1d48051999d16,Arbitrum,Uniswap v4,WBTC/CBBTC,0.0125,"Коррелир. (ETH/LST, BTC/BTC)",399160.742284,Пассивно,2.0,0.19515283787686105,0.13839258831623436,0.10549232608436493,0.14634591742582012,0.10549232608436493,3,0.17417021701870206,134.64004965342804,134.49370373600223,100.0,0
42161:0x44d1592a3ac6c42c77d6543544c3b1543a44bd9c4057335da7a1d48051999d16,Arbitrum,Uniswap v4,WBTC/CBBTC,0.0125,"Коррелир. (ETH/LST, BTC/BTC)",399160.742284,Авто-ребаланс,2.0,0.19515283787686105,0.13839258831623436,0.10549232608436493,0.14634591742582012,0.10549232608436493,3,0.17417021701870206,134.64004965342804,134.49370373600223,100.0,0
42161:0x9b42809aaae8d088ee01fe637e948784730f0386,Arbitrum,Uniswap v3,WBTC/CBBTC,0.01,"Коррелир. (ETH/LST, BTC/BTC)",1288811.928409,Пассивно,0.5,0.437040774282644,0.10427959407827378,0.3573669107335718,0.2995624263648299,0.10427959407827378,3,0.4001500812870081,134.80098967265118,134.50142724628637,100.0,0
42161:0x9b42809aaae8d088ee01fe637e948784730f0386,Arbitrum,Uniswap v3,WBTC/CBBTC,0.01,"Коррелир. (ETH/LST, BTC/BTC)",1288811.928409,Авто-ребаланс,0.5,0.437040774282644,0.10427959407827378,0.3573669107335718,0.2995624263648299,0.10427959407827378,3,0.4001500812870081,134.80098967265118,134.50142724628637,100.0,0
42161:0xbe3ad6a5669dc0b8b12febc03608860c31e2eef6,Arbitrum,Uniswap v3,USDC/USD₮0,0.01,Стейбл/стейбл,1158289.791727,Пассивно,1.0,0.09839202944570387,0.09267100836018774,0.12702858705043882,0.10603054161877681,0.09267100836018774,3,0.12142436790408918,0.03301577356168112,-0.07301476805709575,100.0,0
42161:0xbe3ad6a5669dc0b8b12febc03608860c31e2eef6,Arbitrum,Uniswap v3,USDC/USD₮0,0.01,Стейбл/стейбл,1158289.791727,Авто-ребаланс,1.0,0.09839202944570387,0.09267100836018774,0.12702858705043882,0.10603054161877681,0.09267100836018774,3,0.12142436790408918,0.03301577356168112,-0.07301476805709575,100.0,0
42161:0x2f5e87c9312fa29aed5c179e456625d79015299c,Arbitrum,Uniswap v3,WBTC/WETH,0.05,ETH/BTC,36435974.017664,Пассивно,,0.09669731819369796,0.0847264591621327,0.30261348871690336,0.161345755357578,0.0847264591621327,3,0.4539966022834175,163.15287185167097,162.9915260963134,100.0,0
8453:0x7c7420dd105e2779316423ba3e973f434315efa9,Base,Aerodrome Slipstream,WETH/CBBTC,0.0085,ETH/BTC,2267298.339275,Пассивно,,0.08024790121094157,0.2780828306705674,0.4128079217394649,0.25704621787365795,0.08024790121094157,3,0.5554646916091532,162.69185906416348,162.43481284628984,100.0,0
42161:0xab05003a63d2f34ac7eec4670bca3319f0e3d2f62af5c2b9cbd69d03fd804fd2,Arbitrum,Uniswap v4,USDC/USD₮0,0.001,Стейбл/стейбл,584261.904384,Пассивно,0.5,0.0730176041630087,0.08169878060293133,0.1978439604925582,0.11752011508616608,0.0730176041630087,3,0.14471345160842133,0.02356988434745999,-0.09395023073870609,100.0,0
42161:0xab05003a63d2f34ac7eec4670bca3319f0e3d2f62af5c2b9cbd69d03fd804fd2,Arbitrum,Uniswap v4,USDC/USD₮0,0.001,Стейбл/стейбл,584261.904384,Авто-ребаланс,0.5,0.0730176041630087,0.08169878060293133,0.1978439604925582,0.11752011508616608,0.0730176041630087,3,0.14471345160842133,0.02356988434745999,-0.09395023073870609,100.0,0
42161:0x9b42809aaae8d088ee01fe637e948784730f0386,Arbitrum,Uniswap v3,WBTC/CBBTC,0.01,"Коррелир. (ETH/LST, BTC/BTC)",1288811.928409,Пассивно,1.0,0.21970558399109602,0.052567649070324476,0.17948359792909893,0.15058561033017315,0.052567649070324476,3,0.20106710181039653,134.6520128566167,134.5014272462865,100.0,0
42161:0x9b42809aaae8d088ee01fe637e948784730f0386,Arbitrum,Uniswap v3,WBTC/CBBTC,0.01,"Коррелир. (ETH/LST, BTC/BTC)",1288811.928409,Авто-ребаланс,1.0,0.21970558399109602,0.052567649070324476,0.17948359792909893,0.15058561033017315,0.052567649070324476,3,0.20106710181039653,134.6520128566167,134.5014272462865,100.0,0
8453:0xa44d3bb767d953711ea4bce8c0f01f4d7d299af6,Base,Aerodrome Slipstream,CBBTC/LBTC,0.02,"Коррелир. (ETH/LST, BTC/BTC)",4716563.420684,Пассивно,0.25,0.046419715921129666,0.051174243491850985,0.20496321310732127,0.10085239084010064,0.046419715921129666,3,0.15934121022953515,136.3190118246939,136.2181594338538,96.00404653515427,0
42161:0xab05003a63d2f34ac7eec4670bca3319f0e3d2f62af5c2b9cbd69d03fd804fd2,Arbitrum,Uniswap v4,USDC/USD₮0,0.001,Стейбл/стейбл,584261.904384,Пассивно,1.0,0.03665088560936965,0.04103735300370014,0.09934900667445616,0.059012415095841986,0.03665088560936965,3,0.07265981732458356,-0.03493781564264279,-0.0939502307384848,100.0,0
42161:0xab05003a63d2f34ac7eec4670bca3319f0e3d2f62af5c2b9cbd69d03fd804fd2,Arbitrum,Uniswap v4,USDC/USD₮0,0.001,Стейбл/стейбл,584261.904384,Авто-ребаланс,1.0,0.03665088560936965,0.04103735300370014,0.09934900667445616,0.059012415095841986,0.03665088560936965,3,0.07265981732458356,-0.03493781564264279,-0.0939502307384848,100.0,0
42161:0x9b42809aaae8d088ee01fe637e948784730f0386,Arbitrum,Uniswap v3,WBTC/CBBTC,0.01,"Коррелир. (ETH/LST, BTC/BTC)",1288811.928409,Пассивно,2.0,0.11076191723157534,0.026537883044478194,0.09044183956355178,0.0759138799465351,0.026537883044478194,3,0.10134205888100922,134.57734112623305,134.5014272462865,100.0,0
42161:0x9b42809aaae8d088ee01fe637e948784730f0386,Arbitrum,Uniswap v3,WBTC/CBBTC,0.01,"Коррелир. (ETH/LST, BTC/BTC)",1288811.928409,Авто-ребаланс,2.0,0.11076191723157534,0.026537883044478194,0.09044183956355178,0.0759138799465351,0.026537883044478194,3,0.10134205888100922,134.57734112623305,134.5014272462865,100.0,0
8453:0xa44d3bb767d953711ea4bce8c0f01f4d7d299af6,Base,Aerodrome Slipstream,CBBTC/LBTC,0.02,"Коррелир. (ETH/LST, BTC/BTC)",4716563.420684,Пассивно,0.5,0.02332145951013902,0.02572004551922787,0.18864345299506566,0.07922831934147752,0.02332145951013902,3,0.10852742559864514,136.2973877531952,136.2181594338537,100.0,0
8453:0xa44d3bb767d953711ea4bce8c0f01f4d7d299af6,Base,Aerodrome Slipstream,CBBTC/LBTC,0.02,"Коррелир. (ETH/LST, BTC/BTC)",4716563.420684,Авто-ребаланс,0.5,0.02332145951013902,0.02572004551922787,0.18864345299506566,0.07922831934147752,0.02332145951013902,3,0.10852742559864514,136.2973877531952,136.2181594338537,100.0,0
8453:0xa44d3bb767d953711ea4bce8c0f01f4d7d299af6,Base,Aerodrome Slipstream,CBBTC/LBTC,0.02,"Коррелир. (ETH/LST, BTC/BTC)",4716563.420684,Пассивно,1.0,0.011721425549291257,0.012929436072811365,0.09479410047681085,0.03981498736630449,0.011721425549291257,3,0.05451920314743527,136.25797442121996,136.21815943385366,100.0,0
8453:0xa44d3bb767d953711ea4bce8c0f01f4d7d299af6,Base,Aerodrome Slipstream,CBBTC/LBTC,0.02,"Коррелир. (ETH/LST, BTC/BTC)",4716563.420684,Авто-ребаланс,1.0,0.011721425549291257,0.012929436072811365,0.09479410047681085,0.03981498736630449,0.011721425549291257,3,0.05451920314743527,136.25797442121996,136.21815943385366,100.0,0
8453:0xe846373c1a92b167b4e9cd5d8e4d6b1db9e90ec7,Base,Aerodrome Slipstream,EURC/USDC,0.0079,Стейбл/стейбл,1210156.130313,"Стейк AERO, пассивно",,0.17503280718457365,0.18036321487519671,0.0074579797597986415,0.12095133393985634,0.0074579797597986415,3,0.1875296770830217,-3.6059730599115603,-3.726924393851415,100.0,0
8453:0xa44d3bb767d953711ea4bce8c0f01f4d7d299af6,Base,Aerodrome Slipstream,CBBTC/LBTC,0.02,"Коррелир. (ETH/LST, BTC/BTC)",4716563.420684,Пассивно,2.0,0.005908571041257667,0.006518131036557738,0.04777938343875576,0.020068695172190388,0.005908571041257667,3,0.027475398480689302,136.238228129026,136.2181594338538,100.0,0
8453:0xa44d3bb767d953711ea4bce8c0f01f4d7d299af6,Base,Aerodrome Slipstream,CBBTC/LBTC,0.02,"Коррелир. (ETH/LST, BTC/BTC)",4716563.420684,Авто-ребаланс,2.0,0.005908571041257667,0.006518131036557738,0.04777938343875576,0.020068695172190388,0.005908571041257667,3,0.027475398480689302,136.238228129026,136.2181594338538,100.0,0
8453:0xa44d3bb767d953711ea4bce8c0f01f4d7d299af6,Base,Aerodrome Slipstream,CBBTC/LBTC,0.02,"Коррелир. (ETH/LST, BTC/BTC)",4716563.420684,"Стейк AERO, пассивно",,0.001921829301275532,0.0018819575934212326,0.0022123942665227027,0.002005393720406489,0.0018819575934212326,3,0.002078440993617055,136.2201648275741,136.2181594338537,100.0,0
42161:0x44d1592a3ac6c42c77d6543544c3b1543a44bd9c4057335da7a1d48051999d16,Arbitrum,Uniswap v4,WBTC/CBBTC,0.0125,"Коррелир. (ETH/LST, BTC/BTC)",399160.742284,Пассивно,,0.0019315627704812263,0.0013705012603895737,0.0010430989944961765,0.0014483876751223254,0.0010430989944961765,3,0.0017227998030411023,134.49515212367734,134.4937037360022,100.0,0
42161:0xbe3ad6a5669dc0b8b12febc03608860c31e2eef6,Arbitrum,Uniswap v3,USDC/USD₮0,0.01,Стейбл/стейбл,1158289.791727,Пассивно,,0.0004888946454745261,0.0004605289653106107,0.0006312478210020344,0.0005268904772623904,0.0004605289653106107,3,0.0006033635822899013,-0.07248787757975955,-0.07301476805702196,100.0,0
42161:0x9b42809aaae8d088ee01fe637e948784730f0386,Arbitrum,Uniswap v3,WBTC/CBBTC,0.01,"Коррелир. (ETH/LST, BTC/BTC)",1288811.928409,Пассивно,,0.0010932964549616978,0.0002623094458522246,0.0008922998806580531,0.0007493019271573252,0.0002623094458522246,3,0.0010000827481472779,134.50217654821367,134.5014272462865,100.0,0
42161:0xab05003a63d2f34ac7eec4670bca3319f0e3d2f62af5c2b9cbd69d03fd804fd2,Arbitrum,Uniswap v4,USDC/USD₮0,0.001,Стейбл/стейбл,584261.904384,Пассивно,,0.00018210262154146525,0.00020404161631934888,0.0004938325066814286,0.0002933255815140809,0.00018210262154146525,3,0.00036112284022668853,-0.09365690515711829,-0.09395023073863233,100.0,0
8453:0xa44d3bb767d953711ea4bce8c0f01f4d7d299af6,Base,Aerodrome Slipstream,CBBTC/LBTC,0.02,"Коррелир. (ETH/LST, BTC/BTC)",4716563.420684,Пассивно,,5.8315268182537165e-05,6.433755001371372e-05,0.0004715168239363265,0.0001980565473775258,5.8315268182537165e-05,3,0.0002711038205981124,136.2183574904011,136.2181594338537,100.0,0
42161:0x13fd8faf63c1b0dbd44157df1a390224d734bdcf1f60451fb84a8b48dd3d388a,Arbitrum,Uniswap v4,USDC/USD₮0,0.0001,Стейбл/стейбл,333287.775708,"Комиссии + фарм наград, пассивно",,0.00013814763810538958,-4.1032144584581445e-05,0.00011687602092630792,7.133050481570535e-05,-4.1032144584581445e-05,2,0.00014241206603807932,-0.09717083574887207,-0.09724216625368776,100.0,0
42161:0x13fd8faf63c1b0dbd44157df1a390224d734bdcf1f60451fb84a8b48dd3d388a,Arbitrum,Uniswap v4,USDC/USD₮0,0.0001,Стейбл/стейбл,333287.775708,Пассивно,,8.123180362720934e-06,-0.00017177077290701464,-1.4299870448060876e-05,-5.9315820997451525e-05,-0.00017177077290701464,1,1.1765740214375651e-05,-0.09730148207468524,-0.09724216625368776,100.0,0
42161:0x35218a1cbac5bbc3e57fd9bd38219d37571b3537,Arbitrum,Uniswap v3,WSTETH/WETH,0.01,"Коррелир. (ETH/LST, BTC/BTC)",1039596.538786,Пассивно,,2.857973893808223e-05,0.0002216364021417879,-0.00025876206291892837,-2.848640613019411e-06,-0.00025876206291892837,2,0.0005398082760179846,192.31232678533948,192.31232963398008,100.0,0
8453:0x861a2922be165a5bd41b1e482b49216b465e1b5f,Base,Aerodrome Slipstream,WETH/WSTETH,0.009,"Коррелир. (ETH/LST, BTC/BTC)",4052689.02131,"Стейк AERO, пассивно",,-0.00021166508935796928,-0.0002632134221706413,-0.00020658973111191395,-0.00022715608088017485,-0.0002632134221706413,0,0.0002839882608898338,188.99395687396262,188.99418403004347,100.0,0
8453:0xa41bc0affba7fd420d186b84899d7ab2ac57fcd1,Base,Aerodrome Slipstream,USDC/USDT,0.0009,Стейбл/стейбл,1116451.831753,"Стейк AERO, пассивно",,0.000244419777894412,-0.00031680626915961814,4.316359633776301e-05,-9.740964975814383e-06,-0.00031680626915961814,2,0.0002463478693136073,-0.13166568825349004,-0.1316559472885142,100.0,0
8453:0xa41bc0affba7fd420d186b84899d7ab2ac57fcd1,Base,Aerodrome Slipstream,USDC/USDT,0.0009,Стейбл/стейбл,1116451.831753,Пассивно,,0.00011612605804051173,-0.0004285276529299154,0.0002044803010691491,-3.597376460675151e-05,-0.0004285276529299154,2,0.00022011506969371012,-0.13169192105312097,-0.1316559472885142,100.0,0
8453:0x47ca96ea59c13f72745928887f84c9f52c3d7348,Base,Aerodrome Slipstream,CBETH/WETH,0.006,"Коррелир. (ETH/LST, BTC/BTC)",2223242.165724,"Стейк AERO, пассивно",,-8.534504798262786e-05,6.75331287948211e-05,-0.0004658173730816391,-0.00016120976408981529,-0.0004658173730816391,1,0.0005232666894051044,191.56169878786957,191.56185999763363,100.0,0
8453:0x861a2922be165a5bd41b1e482b49216b465e1b5f,Base,Aerodrome Slipstream,WETH/WSTETH,0.009,"Коррелир. (ETH/LST, BTC/BTC)",4052689.02131,Пассивно,,-0.00045043692063397126,-0.0004806091983512791,-0.000364146930011581,-0.00043173101633227714,-0.0004806091983512791,0,7.941332544132482e-05,188.99375229902716,188.99418403004347,100.0,0
8453:0x47ca96ea59c13f72745928887f84c9f52c3d7348,Base,Aerodrome Slipstream,CBETH/WETH,0.006,"Коррелир. (ETH/LST, BTC/BTC)",2223242.165724,Пассивно,,-0.00021339332157064444,-0.00017729118964174027,-0.0006498628908199559,-0.0003468491340107802,-0.0006498628908199559,0,0.000337627319450511,191.5615131484996,191.56185999763363,100.0,0
42161:0xe9e6b9aaafaf6816c3364345f6ef745ccfc8660a,Arbitrum,Uniswap v3,WBTC/TBTC,0.05,"Коррелир. (ETH/LST, BTC/BTC)",485563.212975,Пассивно,,0.002803101130913828,-0.0007928671163418996,0.0011667214501874202,0.0010589851549197829,-0.0007928671163418996,2,0.0015783306931001341,135.83436611786516,135.83330713271025,100.0,0
42161:0x13fd8faf63c1b0dbd44157df1a390224d734bdcf1f60451fb84a8b48dd3d388a,Arbitrum,Uniswap v4,USDC/USD₮0,0.0001,Стейбл/стейбл,333287.775708,"Комиссии + фарм наград, пассивно",1.0,0.027660715532838366,-0.008379203536875744,0.023463271465082775,0.0142482611536818,-0.008379203536875744,2,0.028556784460010348,-0.08299390509993222,-0.097242166253614,100.0,0
42161:0x13fd8faf63c1b0dbd44157df1a390224d734bdcf1f60451fb84a8b48dd3d388a,Arbitrum,Uniswap v4,USDC/USD₮0,0.0001,Стейбл/стейбл,333287.775708,"Комиссии + фарм наград, пассивно",0.5,0.054824567337370046,-0.016931497999354783,0.04662639138718077,0.028173153575065345,-0.016931497999354783,2,0.056683816841478024,-0.06906901267854866,-0.097242166253614,100.0,0
42161:0x35218a1cbac5bbc3e57fd9bd38219d37571b3537,Arbitrum,Uniswap v3,WSTETH/WETH,0.01,"Коррелир. (ETH/LST, BTC/BTC)",1039596.538786,Пассивно,2.0,0.002778078196805051,0.02242983057585055,-0.026271425362665468,-0.00035450553000328943,-0.026271425362665468,2,0.05466874992281323,192.3119751284501,192.31232963398008,100.0,0
42161:0x35218a1cbac5bbc3e57fd9bd38219d37571b3537,Arbitrum,Uniswap v3,WSTETH/WETH,0.01,"Коррелир. (ETH/LST, BTC/BTC)",1039596.538786,Авто-ребаланс,2.0,0.002778078196805051,0.02242983057585055,-0.026271425362665468,-0.00035450553000328943,-0.026271425362665468,2,0.05466874992281323,192.3119751284501,192.31232963398008,100.0,0
8453:0x861a2922be165a5bd41b1e482b49216b465e1b5f,Base,Aerodrome Slipstream,WETH/WSTETH,0.009,"Коррелир. (ETH/LST, BTC/BTC)",4052689.02131,"Стейк AERO, пассивно",2.0,-0.02146298222727637,-0.02668930565803445,-0.020947625050048373,-0.023033304311786396,-0.02668930565803445,0,0.028794701243965503,188.97115072573155,188.99418403004333,100.0,0
8453:0x861a2922be165a5bd41b1e482b49216b465e1b5f,Base,Aerodrome Slipstream,WETH/WSTETH,0.009,"Коррелир. (ETH/LST, BTC/BTC)",4052689.02131,"Стейк AERO, авто-ребаланс",2.0,-0.02146298222727637,-0.02668930565803445,-0.020947625050048373,-0.023033304311786396,-0.02668930565803445,0,0.028794701243965503,188.97115072573155,188.99418403004333,100.0,0
42161:0x13fd8faf63c1b0dbd44157df1a390224d734bdcf1f60451fb84a8b48dd3d388a,Arbitrum,Uniswap v4,USDC/USD₮0,0.0001,Стейбл/стейбл,333287.775708,Пассивно,1.0,0.0016193007575960414,-0.034585957262582574,-0.002882456092417366,-0.011949704199134633,-0.034585957262582574,1,0.002358819107202433,-0.10919187045274865,-0.097242166253614,100.0,0
42161:0x13fd8faf63c1b0dbd44157df1a390224d734bdcf1f60451fb84a8b48dd3d388a,Arbitrum,Uniswap v4,USDC/USD₮0,0.0001,Стейбл/стейбл,333287.775708,Авто-ребаланс,1.0,0.0016193007575960414,-0.034585957262582574,-0.002882456092417366,-0.011949704199134633,-0.034585957262582574,1,0.002358819107202433,-0.10919187045274865,-0.097242166253614,100.0,0
42161:0x13fd8faf63c1b0dbd44157df1a390224d734bdcf1f60451fb84a8b48dd3d388a,Arbitrum,Uniswap v4,USDC/USD₮0,0.0001,Стейбл/стейбл,333287.775708,"Комиссии + фарм наград, пассивно",0.25,0.10829942623936403,-0.0347265548295824,0.09258044964249772,0.05538444035075978,-0.0347265548295824,2,0.11229931754307511,-0.04185772590292803,-0.09724216625368776,100.0,0
42161:0x4bfc22a4da7f31f8a912a79a7e44a822398b4390,Arbitrum,Pancake v3,WBTC/WETH,0.01,ETH/BTC,1222600.001321,"Комиссии + фарм наград, пассивно",,-0.021528436147509638,-0.046629523719099474,0.31544654496038366,0.08242952836459151,-0.046629523719099474,1,0.3747511994460621,163.06959348185913,162.98716395349456,100.0,0
8453:0x47ca96ea59c13f72745928887f84c9f52c3d7348,Base,Aerodrome Slipstream,CBETH/WETH,0.006,"Коррелир. (ETH/LST, BTC/BTC)",2223242.165724,"Стейк AERO, пассивно",2.0,-0.00865738201523527,0.0068449245946036776,-0.04723448384354621,-0.0163489804213926,-0.04723448384354621,1,0.053054212651987794,191.5455110172124,191.56185999763377,100.0,0
8453:0x47ca96ea59c13f72745928887f84c9f52c3d7348,Base,Aerodrome Slipstream,CBETH/WETH,0.006,"Коррелир. (ETH/LST, BTC/BTC)",2223242.165724,"Стейк AERO, авто-ребаланс",2.0,-0.00865738201523527,0.0068449245946036776,-0.04723448384354621,-0.0163489804213926,-0.04723448384354621,1,0.053054212651987794,191.5455110172124,191.56185999763377,100.0,0
8453:0x861a2922be165a5bd41b1e482b49216b465e1b5f,Base,Aerodrome Slipstream,WETH/WSTETH,0.009,"Коррелир. (ETH/LST, BTC/BTC)",4052689.02131,Пассивно,2.0,-0.045672777903543335,-0.04873199590346605,-0.03692313406797742,-0.04377596929166227,-0.04873199590346605,0,0.008052036264056952,188.95040806075167,188.99418403004333,100.0,0
8453:0x861a2922be165a5bd41b1e482b49216b465e1b5f,Base,Aerodrome Slipstream,WETH/WSTETH,0.009,"Коррелир. (ETH/LST, BTC/BTC)",4052689.02131,Авто-ребаланс,2.0,-0.045672777903543335,-0.04873199590346605,-0.03692313406797742,-0.04377596929166227,-0.04873199590346605,0,0.008052036264056952,188.95040806075167,188.99418403004333,100.0,0
42161:0x35218a1cbac5bbc3e57fd9bd38219d37571b3537,Arbitrum,Uniswap v3,WSTETH/WETH,0.01,"Коррелир. (ETH/LST, BTC/BTC)",1039596.538786,Пассивно,1.0,0.005279894635722143,0.044443753192120614,-0.052222541707336256,-0.0008329646264978334,-0.052222541707336256,2,0.10840238441319468,192.31149666935352,192.31232963398,100.0,0
42161:0x35218a1cbac5bbc3e57fd9bd38219d37571b3537,Arbitrum,Uniswap v3,WSTETH/WETH,0.01,"Коррелир. (ETH/LST, BTC/BTC)",1039596.538786,Авто-ребаланс,1.0,0.005279894635722143,0.044443753192120614,-0.052222541707336256,-0.0008329646264978334,-0.052222541707336256,2,0.10840238441319468,192.31149666935352,192.31232963398,100.0,0
8453:0x861a2922be165a5bd41b1e482b49216b465e1b5f,Base,Aerodrome Slipstream,WETH/WSTETH,0.009,"Коррелир. (ETH/LST, BTC/BTC)",4052689.02131,"Стейк AERO, пассивно",1.0,-0.04261149562930465,-0.052986161365500564,-0.041586924794270695,-0.04572819392969197,-0.052986161365500564,0,0.05716376021523139,188.9484558361138,188.99418403004347,100.0,0
8453:0x861a2922be165a5bd41b1e482b49216b465e1b5f,Base,Aerodrome Slipstream,WETH/WSTETH,0.009,"Коррелир. (ETH/LST, BTC/BTC)",4052689.02131,"Стейк AERO, авто-ребаланс",1.0,-0.04261149562930465,-0.052986161365500564,-0.041586924794270695,-0.04572819392969197,-0.052986161365500564,0,0.05716376021523139,188.9484558361138,188.99418403004347,100.0,0
8453:0xa41bc0affba7fd420d186b84899d7ab2ac57fcd1,Base,Aerodrome Slipstream,USDC/USDT,0.0009,Стейбл/стейбл,1116451.831753,"Стейк AERO, пассивно",1.0,0.04919438613198508,-0.06378001672325807,0.008678341552249547,-0.001969096346341148,-0.06378001672325807,2,0.04958088367975044,-0.13362504363485544,-0.1316559472885142,100.0,0
8453:0xa41bc0affba7fd420d186b84899d7ab2ac57fcd1,Base,Aerodrome Slipstream,USDC/USDT,0.0009,Стейбл/стейбл,1116451.831753,"Стейк AERO, авто-ребаланс",1.0,0.04919438613198508,-0.06378001672325807,0.008678341552249547,-0.001969096346341148,-0.06378001672325807,2,0.04958088367975044,-0.13362504363485544,-0.1316559472885142,100.0,0
8453:0x47ca96ea59c13f72745928887f84c9f52c3d7348,Base,Aerodrome Slipstream,CBETH/WETH,0.006,"Коррелир. (ETH/LST, BTC/BTC)",2223242.165724,Пассивно,2.0,-0.021640424189702873,-0.017978128393084866,-0.0658949423253974,-0.03517116496939505,-0.0658949423253974,0,0.03423202810398476,191.52668883266438,191.56185999763377,100.0,0
8453:0x47ca96ea59c13f72745928887f84c9f52c3d7348,Base,Aerodrome Slipstream,CBETH/WETH,0.006,"Коррелир. (ETH/LST, BTC/BTC)",2223242.165724,Авто-ребаланс,2.0,-0.021640424189702873,-0.017978128393084866,-0.0658949423253974,-0.03517116496939505,-0.0658949423253974,0,0.03423202810398476,191.52668883266438,191.56185999763377,100.0,0
42161:0x13fd8faf63c1b0dbd44157df1a390224d734bdcf1f60451fb84a8b48dd3d388a,Arbitrum,Uniswap v4,USDC/USD₮0,0.0001,Стейбл/стейбл,333287.775708,Пассивно,0.5,0.0031953309113032444,-0.06893243752333848,-0.005751257517349585,-0.02382945470979494,-0.06893243752333848,1,0.004681208556649851,-0.12107162096340895,-0.097242166253614,100.0,0
42161:0x13fd8faf63c1b0dbd44157df1a390224d734bdcf1f60451fb84a8b48dd3d388a,Arbitrum,Uniswap v4,USDC/USD₮0,0.0001,Стейбл/стейбл,333287.775708,Авто-ребаланс,0.5,0.0031953309113032444,-0.06893243752333848,-0.005751257517349585,-0.02382945470979494,-0.06893243752333848,1,0.004681208556649851,-0.12107162096340895,-0.097242166253614,100.0,0
8453:0xe846373c1a92b167b4e9cd5d8e4d6b1db9e90ec7,Base,Aerodrome Slipstream,EURC/USDC,0.0079,Стейбл/стейбл,1210156.130313,Пассивно,,0.08239938286874954,0.08530637414621196,-0.07668849550928522,0.03033908716855876,-0.07668849550928522,2,0.0969174303116449,-3.696585306682857,-3.726924393851415,100.0,0
42161:0xe9e6b9aaafaf6816c3364345f6ef745ccfc8660a,Arbitrum,Uniswap v3,WBTC/TBTC,0.05,"Коррелир. (ETH/LST, BTC/BTC)",485563.212975,Пассивно,2.0,0.2806177099907255,-0.08094852940816769,0.11677751859975523,0.10548223306077101,-0.08094852940816769,2,0.15814180734800332,135.9387893657712,135.83330713271047,100.0,0
42161:0xe9e6b9aaafaf6816c3364345f6ef745ccfc8660a,Arbitrum,Uniswap v3,WBTC/TBTC,0.05,"Коррелир. (ETH/LST, BTC/BTC)",485563.212975,Авто-ребаланс,2.0,0.2806177099907255,-0.08094852940816769,0.11677751859975523,0.10548223306077101,-0.08094852940816769,2,0.15814180734800332,135.9387893657712,135.83330713271047,100.0,0
8453:0xa41bc0affba7fd420d186b84899d7ab2ac57fcd1,Base,Aerodrome Slipstream,USDC/USDT,0.0009,Стейбл/стейбл,1116451.831753,Пассивно,1.0,0.023372549648726513,-0.08626582458349731,0.04114373742597308,-0.007249845836265905,-0.08626582458349731,2,0.04430013418981227,-0.1389057931247801,-0.1316559472885142,100.0,0
8453:0xa41bc0affba7fd420d186b84899d7ab2ac57fcd1,Base,Aerodrome Slipstream,USDC/USDT,0.0009,Стейбл/стейбл,1116451.831753,Авто-ребаланс,1.0,0.023372549648726513,-0.08626582458349731,0.04114373742597308,-0.007249845836265905,-0.08626582458349731,2,0.04430013418981227,-0.1389057931247801,-0.1316559472885142,100.0,0
8453:0x42d4a22cad0f5a49681a5715ce994af73a43b76b,Base,Aerodrome Slipstream,WETH/CBBTC,0.05,ETH/BTC,9383565.027211,Пассивно,,-0.06831854201497663,-0.08727627113507272,0.08501319276139233,-0.023527206796219006,-0.08727627113507272,1,0.2728764693880286,162.58207736122537,162.6056045680216,100.0,0
8453:0x47ca96ea59c13f72745928887f84c9f52c3d7348,Base,Aerodrome Slipstream,CBETH/WETH,0.006,"Коррелир. (ETH/LST, BTC/BTC)",2223242.165724,"Стейк AERO, пассивно",1.0,-0.017194509392150694,0.01358367339733377,-0.0937774741491982,-0.03246277004800504,-0.0937774741491982,1,0.10532046283240473,191.52939722758586,191.56185999763383,100.0,0
8453:0x47ca96ea59c13f72745928887f84c9f52c3d7348,Base,Aerodrome Slipstream,CBETH/WETH,0.006,"Коррелир. (ETH/LST, BTC/BTC)",2223242.165724,"Стейк AERO, авто-ребаланс",1.0,-0.017194509392150694,0.01358367339733377,-0.0937774741491982,-0.03246277004800504,-0.0937774741491982,1,0.10532046283240473,191.52939722758586,191.56185999763383,100.0,0
8453:0x861a2922be165a5bd41b1e482b49216b465e1b5f,Base,Aerodrome Slipstream,WETH/WSTETH,0.009,"Коррелир. (ETH/LST, BTC/BTC)",4052689.02131,Пассивно,1.0,-0.09067276109414402,-0.09674583862697544,-0.07330210331200153,-0.08690690101104033,-0.09674583862697544,0,0.01598505313380531,188.90727712903245,188.99418403004347,100.0,0
8453:0x861a2922be165a5bd41b1e482b49216b465e1b5f,Base,Aerodrome Slipstream,WETH/WSTETH,0.009,"Коррелир. (ETH/LST, BTC/BTC)",4052689.02131,Авто-ребаланс,1.0,-0.09067276109414402,-0.09674583862697544,-0.07330210331200153,-0.08690690101104033,-0.09674583862697544,0,0.01598505313380531,188.90727712903245,188.99418403004347,100.0,0
42161:0x35218a1cbac5bbc3e57fd9bd38219d37571b3537,Arbitrum,Uniswap v3,WSTETH/WETH,0.01,"Коррелир. (ETH/LST, BTC/BTC)",1039596.538786,Пассивно,0.5,0.009590711264290966,0.08821817494123933,-0.1043229457530227,-0.0021713531824974672,-0.1043229457530227,2,0.215487184081942,192.31015828079757,192.31232963398008,100.0,0
42161:0x35218a1cbac5bbc3e57fd9bd38219d37571b3537,Arbitrum,Uniswap v3,WSTETH/WETH,0.01,"Коррелир. (ETH/LST, BTC/BTC)",1039596.538786,Авто-ребаланс,0.5,0.009590711264290966,0.08821817494123933,-0.1043229457530227,-0.0021713531824974672,-0.1043229457530227,2,0.215487184081942,192.31015828079757,192.31232963398008,100.0,0
8453:0x861a2922be165a5bd41b1e482b49216b465e1b5f,Base,Aerodrome Slipstream,WETH/WSTETH,0.009,"Коррелир. (ETH/LST, BTC/BTC)",4052689.02131,"Стейк AERO, пассивно",0.5,-0.08491391460560105,-0.10558239002508343,-0.0828665970799011,-0.09112096723686186,-0.10558239002508343,0,0.11389794314619041,188.90306306280647,188.99418403004333,100.0,0
8453:0x861a2922be165a5bd41b1e482b49216b465e1b5f,Base,Aerodrome Slipstream,WETH/WSTETH,0.009,"Коррелир. (ETH/LST, BTC/BTC)",4052689.02131,"Стейк AERO, авто-ребаланс",0.5,-0.08491391460560105,-0.10558239002508343,-0.0828665970799011,-0.09112096723686186,-0.10558239002508343,0,0.11389794314619041,188.90306306280647,188.99418403004333,100.0,0
42161:0x4bfc22a4da7f31f8a912a79a7e44a822398b4390,Arbitrum,Pancake v3,WBTC/WETH,0.01,ETH/BTC,1222600.001321,Пассивно,,-0.09089159053798236,-0.10735879604387871,0.2615954594770543,0.021115024298397747,-0.10735879604387871,1,0.31343669537988833,163.00827897779294,162.98716395349456,100.0,0
8453:0x70acdf2ad0bf2402c957154f944c19ef4e1cbae1,Base,Aerodrome Slipstream,WETH/CBBTC,0.25,ETH/BTC,15783940.117581,Пассивно,,-0.10996576063680245,-0.1126966647475759,0.05583971562725007,-0.05560756991904276,-0.1126966647475759,1,0.23395950926976644,162.726593365678,162.78220093559707,100.0,0
42161:0x13fd8faf63c1b0dbd44157df1a390224d734bdcf1f60451fb84a8b48dd3d388a,Arbitrum,Uniswap v4,USDC/USD₮0,0.0001,Стейбл/стейбл,333287.775708,"Комиссии + фарм наград, пассивно",0.1,0.26220332166107857,-0.11299491605282432,0.22715412042668806,0.12545417534498077,-0.11299491605282432,2,0.26665447480882815,0.028212009091366785,-0.097242166253614,97.26103889404725,0
8453:0xa41bc0affba7fd420d186b84899d7ab2ac57fcd1,Base,Aerodrome Slipstream,USDC/USDT,0.0009,Стейбл/стейбл,1116451.831753,"Стейк AERO, пассивно",0.5,0.09800980995329761,-0.12710129708198414,0.017271553195211405,-0.003939977977825043,-0.12710129708198414,2,0.09877670986289454,-0.13559592526626563,-0.13165594728844043,100.0,0
8453:0xa41bc0affba7fd420d186b84899d7ab2ac57fcd1,Base,Aerodrome Slipstream,USDC/USDT,0.0009,Стейбл/стейбл,1116451.831753,"Стейк AERO, авто-ребаланс",0.5,0.09800980995329761,-0.12710129708198414,0.017271553195211405,-0.003939977977825043,-0.12710129708198414,2,0.09877670986289454,-0.13559592526626563,-0.13165594728844043,100.0,0
8453:0x47ca96ea59c13f72745928887f84c9f52c3d7348,Base,Aerodrome Slipstream,CBETH/WETH,0.006,"Коррелир. (ETH/LST, BTC/BTC)",2223242.165724,Пассивно,1.0,-0.04296812090631344,-0.03569419523582534,-0.1308212692579218,-0.0698278618000202,-0.1308212692579218,0,0.067955371080522,191.49203213583385,191.56185999763383,100.0,0
8453:0x47ca96ea59c13f72745928887f84c9f52c3d7348,Base,Aerodrome Slipstream,CBETH/WETH,0.006,"Коррелир. (ETH/LST, BTC/BTC)",2223242.165724,Авто-ребаланс,1.0,-0.04296812090631344,-0.03569419523582534,-0.1308212692579218,-0.0698278618000202,-0.1308212692579218,0,0.067955371080522,191.49203213583385,191.56185999763383,100.0,0
42161:0xab05003a63d2f34ac7eec4670bca3319f0e3d2f62af5c2b9cbd69d03fd804fd2,Arbitrum,Uniswap v4,USDC/USD₮0,0.001,Стейбл/стейбл,584261.904384,Пассивно,0.05,0.7243202786879374,-0.136176632375882,1.5479179180622606,0.7120205214581053,-0.136176632375882,2,0.9175020822294999,0.6180702907191779,-0.09395023073892743,75.46296296296296,0
42161:0x13fd8faf63c1b0dbd44157df1a390224d734bdcf1f60451fb84a8b48dd3d388a,Arbitrum,Uniswap v4,USDC/USD₮0,0.0001,Стейбл/стейбл,333287.775708,Пассивно,0.25,0.006255908070540195,-0.13767708232796394,-0.011511864244454653,-0.0476443461672928,-0.13767708232796394,1,0.009270531025003232,-0.14488651242098058,-0.09724216625368776,100.0,0
42161:0x13fd8faf63c1b0dbd44157df1a390224d734bdcf1f60451fb84a8b48dd3d388a,Arbitrum,Uniswap v4,USDC/USD₮0,0.0001,Стейбл/стейбл,333287.775708,Авто-ребаланс,0.25,0.006255908070540195,-0.13767708232796394,-0.011511864244454653,-0.0476443461672928,-0.13767708232796394,1,0.009270531025003232,-0.14488651242098058,-0.09724216625368776,100.0,0
8453:0x70acdf2ad0bf2402c957154f944c19ef4e1cbae1,Base,Aerodrome Slipstream,WETH/CBBTC,0.25,ETH/BTC,15783940.117581,"Стейк AERO, пассивно",,-0.1207955662763652,-0.14069748562586634,0.08908548044238462,-0.05746919048661564,-0.14069748562586634,1,0.232097888702183,162.72473174511043,162.78220093559707,100.0,0
8453:0x42d4a22cad0f5a49681a5715ce994af73a43b76b,Base,Aerodrome Slipstream,WETH/CBBTC,0.05,ETH/BTC,9383565.027211,"Стейк AERO, пассивно",,-0.11408196263367851,-0.14703695122998697,0.10618999188458778,-0.0516429739930259,-0.14703695122998697,1,0.2447607021912021,162.55396159402852,162.6056045680216,100.0,0
42161:0xe9e6b9aaafaf6816c3364345f6ef745ccfc8660a,Arbitrum,Uniswap v3,WBTC/TBTC,0.05,"Коррелир. (ETH/LST, BTC/BTC)",485563.212975,Пассивно,1.0,0.5501515010308443,-0.16177457711270016,0.228892295091836,0.20575640633666006,-0.16177457711270016,2,0.31029923882145505,136.0390635390472,135.83330713271053,100.0,0
42161:0xe9e6b9aaafaf6816c3364345f6ef745ccfc8660a,Arbitrum,Uniswap v3,WBTC/TBTC,0.05,"Коррелир. (ETH/LST, BTC/BTC)",485563.212975,Авто-ребаланс,1.0,0.5501515010308443,-0.16177457711270016,0.228892295091836,0.20575640633666006,-0.16177457711270016,2,0.31029923882145505,136.0390635390472,135.83330713271053,100.0,0
8453:0xa41bc0affba7fd420d186b84899d7ab2ac57fcd1,Base,Aerodrome Slipstream,USDC/USDT,0.0009,Стейбл/стейбл,1116451.831753,Пассивно,0.5,0.046564753319286556,-0.17189897525268252,0.08194663288751751,-0.014462529681959485,-0.17189897525268252,2,0.08825415815886326,-0.14611847697040004,-0.13165594728844043,100.0,0
8453:0xa41bc0affba7fd420d186b84899d7ab2ac57fcd1,Base,Aerodrome Slipstream,USDC/USDT,0.0009,Стейбл/стейбл,1116451.831753,Авто-ребаланс,0.5,0.046564753319286556,-0.17189897525268252,0.08194663288751751,-0.014462529681959485,-0.17189897525268252,2,0.08825415815886326,-0.14611847697040004,-0.13165594728844043,100.0,0
8453:0x47ca96ea59c13f72745928887f84c9f52c3d7348,Base,Aerodrome Slipstream,CBETH/WETH,0.006,"Коррелир. (ETH/LST, BTC/BTC)",2223242.165724,"Стейк AERO, пассивно",0.5,-0.03429055825815036,0.0270453670906439,-0.1868770205982067,-0.0647074039219044,-0.1868770205982067,1,0.20983464855415215,191.49715259371195,191.56185999763383,100.0,0
8453:0x47ca96ea59c13f72745928887f84c9f52c3d7348,Base,Aerodrome Slipstream,CBETH/WETH,0.006,"Коррелир. (ETH/LST, BTC/BTC)",2223242.165724,"Стейк AERO, авто-ребаланс",0.5,-0.03429055825815036,0.0270453670906439,-0.1868770205982067,-0.0647074039219044,-0.1868770205982067,1,0.20983464855415215,191.49715259371195,191.56185999763383,100.0,0
8453:0x861a2922be165a5bd41b1e482b49216b465e1b5f,Base,Aerodrome Slipstream,WETH/WSTETH,0.009,"Коррелир. (ETH/LST, BTC/BTC)",4052689.02131,Пассивно,0.5,-0.18067344907575714,-0.19277341914808857,-0.14605985405935826,-0.17316890742773466,-0.19277341914808857,0,0.03185000295533339,188.8210151226156,188.99418403004333,100.0,0
8453:0x861a2922be165a5bd41b1e482b49216b465e1b5f,Base,Aerodrome Slipstream,WETH/WSTETH,0.009,"Коррелир. (ETH/LST, BTC/BTC)",4052689.02131,Авто-ребаланс,0.5,-0.18067344907575714,-0.19277341914808857,-0.14605985405935826,-0.17316890742773466,-0.19277341914808857,0,0.03185000295533339,188.8210151226156,188.99418403004333,100.0,0
42161:0x149e36e72726e0bcea5c59d40df2c43f60f5a22d,Arbitrum,Uniswap v3,WBTC/WETH,0.3,ETH/BTC,836790.451023,Пассивно,,-0.20158064189615138,-0.16575653710233548,0.41085928791758347,0.01450736963969887,-0.20158064189615138,1,0.30305164216094915,158.66981261743757,158.65530524779786,100.0,0
42161:0x35218a1cbac5bbc3e57fd9bd38219d37571b3537,Arbitrum,Uniswap v3,WSTETH/WETH,0.01,"Коррелир. (ETH/LST, BTC/BTC)",1039596.538786,Пассивно,0.25,0.015494874222165432,0.17476035992705874,-0.2093124341350964,-0.006352399995290742,-0.2093124341350964,2,0.4281520098988364,192.30597723398478,192.31232963398008,100.0,0
42161:0x35218a1cbac5bbc3e57fd9bd38219d37571b3537,Arbitrum,Uniswap v3,WSTETH/WETH,0.01,"Коррелир. (ETH/LST, BTC/BTC)",1039596.538786,Авто-ребаланс,0.25,0.015494874222165432,0.17476035992705874,-0.2093124341350964,-0.006352399995290742,-0.2093124341350964,2,0.4281520098988364,192.30597723398478,192.31232963398008,100.0,0
8453:0x861a2922be165a5bd41b1e482b49216b465e1b5f,Base,Aerodrome Slipstream,WETH/WSTETH,0.009,"Коррелир. (ETH/LST, BTC/BTC)",4052689.02131,"Стейк AERO, пассивно",0.25,-0.16954167824072403,-0.21078660865453758,-0.16543156181049198,-0.18191994956858454,-0.21078660865453758,0,0.22735239872848767,188.81226408047485,188.99418403004339,100.0,0
8453:0x861a2922be165a5bd41b1e482b49216b465e1b5f,Base,Aerodrome Slipstream,WETH/WSTETH,0.009,"Коррелир. (ETH/LST, BTC/BTC)",4052689.02131,"Стейк AERO, авто-ребаланс",0.25,-0.16954167824072403,-0.21078660865453758,-0.16543156181049198,-0.18191994956858454,-0.21078660865453758,0,0.22735239872848767,188.81226408047485,188.99418403004339,100.0,0
8453:0xa41bc0affba7fd420d186b84899d7ab2ac57fcd1,Base,Aerodrome Slipstream,USDC/USDT,0.0009,Стейбл/стейбл,1116451.831753,"Стейк AERO, пассивно",0.25,0.1956009886964845,-0.2537897575741499,0.03439640043990039,-0.007930789479254999,-0.2537897575741499,2,0.19711907623012714,-0.13958673676769545,-0.13165594728844043,100.0,0
8453:0xa41bc0affba7fd420d186b84899d7ab2ac57fcd1,Base,Aerodrome Slipstream,USDC/USDT,0.0009,Стейбл/стейбл,1116451.831753,"Стейк AERO, авто-ребаланс",0.25,0.1956009886964845,-0.2537897575741499,0.03439640043990039,-0.007930789479254999,-0.2537897575741499,2,0.19711907623012714,-0.13958673676769545,-0.13165594728844043,100.0,0
8453:0x47ca96ea59c13f72745928887f84c9f52c3d7348,Base,Aerodrome Slipstream,CBETH/WETH,0.006,"Коррелир. (ETH/LST, BTC/BTC)",2223242.165724,Пассивно,0.5,-0.08564187311290272,-0.07113485921804265,-0.26068111785008724,-0.13915261672701087,-0.26068111785008724,0,0.13538943574900866,191.42270738090684,191.56185999763383,100.0,0
8453:0x47ca96ea59c13f72745928887f84c9f52c3d7348,Base,Aerodrome Slipstream,CBETH/WETH,0.006,"Коррелир. (ETH/LST, BTC/BTC)",2223242.165724,Авто-ребаланс,0.5,-0.08564187311290272,-0.07113485921804265,-0.26068111785008724,-0.13915261672701087,-0.26068111785008724,0,0.13538943574900866,191.42270738090684,191.56185999763383,100.0,0
42161:0x13fd8faf63c1b0dbd44157df1a390224d734bdcf1f60451fb84a8b48dd3d388a,Arbitrum,Uniswap v4,USDC/USD₮0,0.0001,Стейбл/стейбл,333287.775708,"Комиссии + фарм наград, пассивно",0.05,0.4988015920737477,-0.2852674762912102,0.33187530915293184,0.18180314164515646,-0.2852674762912102,2,0.394116843772759,0.08456097539146867,-0.09724216625368774,75.13502011761065,0
42161:0xe9e6b9aaafaf6816c3364345f6ef745ccfc8660a,Arbitrum,Uniswap v3,WBTC/TBTC,0.05,"Коррелир. (ETH/LST, BTC/BTC)",485563.212975,Пассивно,0.5,1.0695258667842114,-0.3264691953954908,0.4447489984649964,0.3959352232845723,-0.3264691953954908,2,0.6042436161269145,136.22924235599464,135.8333071327101,100.0,0
42161:0xe9e6b9aaafaf6816c3364345f6ef745ccfc8660a,Arbitrum,Uniswap v3,WBTC/TBTC,0.05,"Коррелир. (ETH/LST, BTC/BTC)",485563.212975,Авто-ребаланс,0.5,1.0695258667842114,-0.3264691953954908,0.4447489984649964,0.3959352232845723,-0.3264691953954908,2,0.6042436161269145,136.22924235599464,135.8333071327101,100.0,0
8453:0xa41bc0affba7fd420d186b84899d7ab2ac57fcd1,Base,Aerodrome Slipstream,USDC/USDT,0.0009,Стейбл/стейбл,1116451.831753,Пассивно,0.25,0.09292942180703295,-0.34319089154234766,0.1634478980770382,-0.028937857219425506,-0.34319089154234766,2,0.17611200848995606,-0.16059380450786595,-0.13165594728844043,100.0,0
8453:0xa41bc0affba7fd420d186b84899d7ab2ac57fcd1,Base,Aerodrome Slipstream,USDC/USDT,0.0009,Стейбл/стейбл,1116451.831753,Авто-ребаланс,0.25,0.09292942180703295,-0.34319089154234766,0.1634478980770382,-0.028937857219425506,-0.34319089154234766,2,0.17611200848995606,-0.16059380450786595,-0.13165594728844043,100.0,0
42161:0x13fd8faf63c1b0dbd44157df1a390224d734bdcf1f60451fb84a8b48dd3d388a,Arbitrum,Uniswap v4,USDC/USD₮0,0.0001,Стейбл/стейбл,333287.775708,Пассивно,0.1,0.014737728419692453,-0.343280200963621,-0.02899273347162913,-0.1191784020051859,-0.343280200963621,1,0.022021897458676422,-0.21642056825879985,-0.097242166253614,97.26103889404725,0
8453:0x47ca96ea59c13f72745928887f84c9f52c3d7348,Base,Aerodrome Slipstream,CBETH/WETH,0.006,"Коррелир. (ETH/LST, BTC/BTC)",2223242.165724,"Стейк AERO, пассивно",0.25,-0.06857034196303478,0.05390599474021352,-0.3731333513388502,-0.12926589952055717,-0.3731333513388502,1,0.4187931566572485,191.43259409811316,191.5618599976337,100.0,0
8453:0x47ca96ea59c13f72745928887f84c9f52c3d7348,Base,Aerodrome Slipstream,CBETH/WETH,0.006,"Коррелир. (ETH/LST, BTC/BTC)",2223242.165724,"Стейк AERO, авто-ребаланс",0.25,-0.06857034196303478,0.05390599474021352,-0.3731333513388502,-0.12926589952055717,-0.3731333513388502,1,0.4187931566572485,191.43259409811316,191.5618599976337,100.0,0
8453:0x861a2922be165a5bd41b1e482b49216b465e1b5f,Base,Aerodrome Slipstream,WETH/WSTETH,0.009,"Коррелир. (ETH/LST, BTC/BTC)",4052689.02131,Пассивно,0.25,-0.3606806085756094,-0.38483125282760433,-0.29157694772112336,-0.34569626970811235,-0.38483125282760433,0,0.06357607858895216,188.64848776033529,188.99418403004339,100.0,0
8453:0x861a2922be165a5bd41b1e482b49216b465e1b5f,Base,Aerodrome Slipstream,WETH/WSTETH,0.009,"Коррелир. (ETH/LST, BTC/BTC)",4052689.02131,Авто-ребаланс,0.25,-0.3606806085756094,-0.38483125282760433,-0.29157694772112336,-0.34569626970811235,-0.38483125282760433,0,0.06357607858895216,188.64848776033529,188.99418403004339,100.0,0
8453:0xa41bc0affba7fd420d186b84899d7ab2ac57fcd1,Base,Aerodrome Slipstream,USDC/USDT,0.0009,Стейбл/стейбл,1116451.831753,"Стейк AERO, пассивно",0.1,0.4880591932187174,-0.3866450349782947,-0.2102933815669591,-0.03629307444217881,-0.3866450349782947,1,0.38667491105383633,-0.16794902173084061,-0.13165594728866173,78.62772369031062,0
42161:0x4bfc22a4da7f31f8a912a79a7e44a822398b4390,Arbitrum,Pancake v3,WBTC/WETH,0.01,ETH/BTC,1222600.001321,"Комиссии + фарм наград, пассивно",30.0,-0.18347711821038504,-0.38883664121714906,2.5561467518675425,0.6612776641466694,-0.38883664121714906,1,3.0366204702768025,163.64844161764142,162.98716395349476,100.0,0
8453:0x861a2922be165a5bd41b1e482b49216b465e1b5f,Base,Aerodrome Slipstream,WETH/WSTETH,0.009,"Коррелир. (ETH/LST, BTC/BTC)",4052689.02131,"Стейк AERO, авто-ребаланс",0.1,-0.23261537912792843,-0.39445357505953627,-0.3836459896334054,-0.33690498127362334,-0.39445357505953627,0,0.5666715628972627,188.65727904876965,188.99418403004327,99.8596728711396,3
8453:0xa41bc0affba7fd420d186b84899d7ab2ac57fcd1,Base,Aerodrome Slipstream,USDC/USDT,0.0009,Стейбл/стейбл,1116451.831753,"Стейк AERO, пассивно",0.05,0.8611600175237133,-0.3134606245706012,-0.4650946629725119,0.0275349099935334,-0.4650946629725119,1,0.5531463380635505,-0.10412103729483328,-0.13165594728836671,56.333578014732396,0
42161:0x13fd8faf63c1b0dbd44157df1a390224d734bdcf1f60451fb84a8b48dd3d388a,Arbitrum,Uniswap v4,USDC/USD₮0,0.0001,Стейбл/стейбл,333287.775708,Пассивно,0.05,0.02673477452860728,-0.5009411197225593,-0.06685463578869834,-0.18035366032755012,-0.5009411197225593,1,0.03196004180005993,-0.27759582658123794,-0.09724216625368774,75.13502011761065,0
8453:0x47ca96ea59c13f72745928887f84c9f52c3d7348,Base,Aerodrome Slipstream,CBETH/WETH,0.006,"Коррелир. (ETH/LST, BTC/BTC)",2223242.165724,Пассивно,0.25,-0.17106414924504557,-0.14205143699436423,-0.5204337620901394,-0.2778497827765164,-0.5204337620901394,0,0.27020927340135337,191.28401021485718,191.5618599976337,100.0,0
8453:0x47ca96ea59c13f72745928887f84c9f52c3d7348,Base,Aerodrome Slipstream,CBETH/WETH,0.006,"Коррелир. (ETH/LST, BTC/BTC)",2223242.165724,Авто-ребаланс,0.25,-0.17106414924504557,-0.14205143699436423,-0.5204337620901394,-0.2778497827765164,-0.5204337620901394,0,0.27020927340135337,191.28401021485718,191.5618599976337,100.0,0
42161:0x4bfc22a4da7f31f8a912a79a7e44a822398b4390,Arbitrum,Pancake v3,WBTC/WETH,0.01,ETH/BTC,1222600.001321,"Комиссии + фарм наград, пассивно",20.0,-0.26451565308594277,-0.5552017413203522,3.6021239693286136,0.9274688583074395,-0.5552017413203522,1,4.279155576026729,163.9146328118019,162.98716395349444,100.0,0
8453:0x861a2922be165a5bd41b1e482b49216b465e1b5f,Base,Aerodrome Slipstream,WETH/WSTETH,0.009,"Коррелир. (ETH/LST, BTC/BTC)",4052689.02131,"Стейк AERO, пассивно",0.1,-0.49345992204828687,-0.5480768481879175,-0.5641579268015964,-0.5352315656792669,-0.5641579268015964,0,0.31074264375236704,188.45895246436402,188.99418403004327,53.728956898777376,0
42161:0x35218a1cbac5bbc3e57fd9bd38219d37571b3537,Arbitrum,Uniswap v3,WSTETH/WETH,0.01,"Коррелир. (ETH/LST, BTC/BTC)",1039596.538786,Авто-ребаланс,0.1,0.21511403169413,-0.07422459483105133,-0.5651844158133432,-0.1414316596500882,-0.5651844158133432,1,1.0518720782667192,192.1708979743299,192.31232963398,99.75870426446805,4
8453:0xa41bc0affba7fd420d186b84899d7ab2ac57fcd1,Base,Aerodrome Slipstream,USDC/USDT,0.0009,Стейбл/стейбл,1116451.831753,Пассивно,0.1,0.23186649071950646,-0.6137914333826544,-0.09086103680991983,-0.1575953264910226,-0.6137914333826544,1,0.265372659005051,-0.2892512737796844,-0.13165594728866173,78.62772369031062,0
8453:0xa41bc0affba7fd420d186b84899d7ab2ac57fcd1,Base,Aerodrome Slipstream,USDC/USDT,0.0009,Стейбл/стейбл,1116451.831753,Пассивно,0.05,0.39695582165528015,-0.6633902987608962,-0.4348719360942413,-0.23376880439995243,-0.6633902987608962,1,0.29184262367007835,-0.36542475168831917,-0.13165594728836671,56.333578014732396,0
42161:0x13fd8faf63c1b0dbd44157df1a390224d734bdcf1f60451fb84a8b48dd3d388a,Arbitrum,Uniswap v4,USDC/USD₮0,0.0001,Стейбл/стейбл,333287.775708,Авто-ребаланс,0.1,0.014737728419692453,-0.5733885357614691,-0.6693578881435163,-0.409336231828431,-0.6693578881435163,1,0.022594309624201763,-0.506578398082045,-0.097242166253614,99.9072784483648,2
8453:0x47ca96ea59c13f72745928887f84c9f52c3d7348,Base,Aerodrome Slipstream,CBETH/WETH,0.006,"Коррелир. (ETH/LST, BTC/BTC)",2223242.165724,"Стейк AERO, авто-ребаланс",0.1,-0.14725827431174063,0.16664085658557876,-0.6862115366235291,-0.22227631811656365,-0.6862115366235291,1,1.042411993936426,191.33958367951743,191.561859997634,99.7681316413907,5
42161:0xe9e6b9aaafaf6816c3364345f6ef745ccfc8660a,Arbitrum,Uniswap v3,WBTC/TBTC,0.05,"Коррелир. (ETH/LST, BTC/BTC)",485563.212975,Пассивно,0.25,2.0358380916530456,-0.6864681418820363,0.8454293241103285,0.731599757960446,-0.6864681418820363,2,1.1472195386643718,136.5649068906708,135.8333071327104,98.67986798679868,0
8453:0x42d4a22cad0f5a49681a5715ce994af73a43b76b,Base,Aerodrome Slipstream,WETH/CBBTC,0.05,ETH/BTC,9383565.027211,Пассивно,30.0,-0.555260965947679,-0.7092525504226979,0.6907730432075428,-0.19124682438761134,-0.7092525504226979,1,2.2172654741700555,162.4143577436339,162.6056045680215,100.0,0
8453:0x42d4a22cad0f5a49681a5715ce994af73a43b76b,Base,Aerodrome Slipstream,WETH/CBBTC,0.05,ETH/BTC,9383565.027211,Авто-ребаланс,30.0,-0.555260965947679,-0.7092525504226979,0.6907730432075428,-0.19124682438761134,-0.7092525504226979,1,2.2172654741700555,162.4143577436339,162.6056045680215,100.0,0
42161:0x4bfc22a4da7f31f8a912a79a7e44a822398b4390,Arbitrum,Pancake v3,WBTC/WETH,0.01,ETH/BTC,1222600.001321,"Комиссии + фарм наград, пассивно",15.0,-0.34868939699478085,-0.7251124731900229,4.643932181688803,1.1900434371679998,-0.7251124731900229,1,5.516712371604159,164.1772073906626,162.98716395349462,100.0,0
8453:0x47ca96ea59c13f72745928887f84c9f52c3d7348,Base,Aerodrome Slipstream,CBETH/WETH,0.006,"Коррелир. (ETH/LST, BTC/BTC)",2223242.165724,"Стейк AERO, пассивно",0.1,-0.31442052486836775,-0.05700848434700371,-0.7611144213745713,-0.37751447686331424,-0.7611144213745713,0,0.6415324756350013,191.18434552077068,191.561859997634,60.860543691323635,0
42161:0x35218a1cbac5bbc3e57fd9bd38219d37571b3537,Arbitrum,Uniswap v3,WSTETH/WETH,0.01,"Коррелир. (ETH/LST, BTC/BTC)",1039596.538786,Пассивно,0.1,-0.4268276827253941,-0.02173580351216515,-0.8267926353704358,-0.42511870720266504,-0.8267926353704358,0,0.4437011478237019,191.88721092677733,192.31232963398,49.40676257229485,0
8453:0x861a2922be165a5bd41b1e482b49216b465e1b5f,Base,Aerodrome Slipstream,WETH/WSTETH,0.009,"Коррелир. (ETH/LST, BTC/BTC)",4052689.02131,Авто-ребаланс,0.1,-0.7091562083843806,-0.8286064624225674,-0.6982638181092018,-0.7453421629720499,-0.8286064624225674,0,0.15823438119882588,188.24884186707123,188.99418403004327,99.8596728711396,3
8453:0x861a2922be165a5bd41b1e482b49216b465e1b5f,Base,Aerodrome Slipstream,WETH/WSTETH,0.009,"Коррелир. (ETH/LST, BTC/BTC)",4052689.02131,Пассивно,0.1,-0.7431608864986357,-0.8546499808979054,-0.711842260057859,-0.7698843758181334,-0.8546499808979054,0,0.07608983361358564,188.22429965422515,188.99418403004327,53.728956898777376,0
42161:0x4bfc22a4da7f31f8a912a79a7e44a822398b4390,Arbitrum,Pancake v3,WBTC/WETH,0.01,ETH/BTC,1222600.001321,Пассивно,30.0,-0.7453564455262889,-0.8807204119347807,2.119523900974709,0.16448234783787985,-0.8807204119347807,1,2.539825153968067,163.15164630133265,162.98716395349476,100.0,0
42161:0x4bfc22a4da7f31f8a912a79a7e44a822398b4390,Arbitrum,Pancake v3,WBTC/WETH,0.01,ETH/BTC,1222600.001321,Авто-ребаланс,30.0,-0.7453564455262889,-0.8807204119347807,2.119523900974709,0.16448234783787985,-0.8807204119347807,1,2.539825153968067,163.15164630133265,162.98716395349476,100.0,0
8453:0x70acdf2ad0bf2402c957154f944c19ef4e1cbae1,Base,Aerodrome Slipstream,WETH/CBBTC,0.25,ETH/BTC,15783940.117581,Пассивно,30.0,-0.8937062541376599,-0.9158869694364935,0.4536725417638597,-0.45197356060343125,-0.9158869694364935,1,1.9009860263429907,162.33022737499368,162.78220093559713,100.0,0
8453:0x70acdf2ad0bf2402c957154f944c19ef4e1cbae1,Base,Aerodrome Slipstream,WETH/CBBTC,0.25,ETH/BTC,15783940.117581,Авто-ребаланс,30.0,-0.8937062541376599,-0.9158869694364935,0.4536725417638597,-0.45197356060343125,-0.9158869694364935,1,1.9009860263429907,162.33022737499368,162.78220093559713,100.0,0
8453:0xa44d3bb767d953711ea4bce8c0f01f4d7d299af6,Base,Aerodrome Slipstream,CBBTC/LBTC,0.02,"Коррелир. (ETH/LST, BTC/BTC)",4716563.420684,Авто-ребаланс,0.25,0.046419715921129666,0.051174243491850985,-0.9801113130244204,-0.29417245120381325,-0.9801113130244204,2,0.2159446029734091,135.92398698264998,136.2181594338538,99.94941831057157,1
8453:0x47ca96ea59c13f72745928887f84c9f52c3d7348,Base,Aerodrome Slipstream,CBETH/WETH,0.006,"Коррелир. (ETH/LST, BTC/BTC)",2223242.165724,Пассивно,0.1,-0.2771483467774821,-0.398925724658693,-0.9903021098919362,-0.5554587271093705,-0.9903021098919362,0,0.4635882253889731,191.00640127052463,191.561859997634,60.860543691323635,0
8453:0x42d4a22cad0f5a49681a5715ce994af73a43b76b,Base,Aerodrome Slipstream,WETH/CBBTC,0.05,ETH/BTC,9383565.027211,Пассивно,20.0,-0.783570316296782,-1.0008212404536667,0.9746863812668378,-0.26990172516120364,-1.0008212404536667,1,3.128588235827133,162.3357028428605,162.6056045680217,100.0,0
8453:0x42d4a22cad0f5a49681a5715ce994af73a43b76b,Base,Aerodrome Slipstream,WETH/CBBTC,0.05,ETH/BTC,9383565.027211,Авто-ребаланс,20.0,-0.783570316296782,-1.0008212404536667,0.9746863812668378,-0.26990172516120364,-1.0008212404536667,1,3.128588235827133,162.3357028428605,162.6056045680217,100.0,0
8453:0x47ca96ea59c13f72745928887f84c9f52c3d7348,Base,Aerodrome Slipstream,CBETH/WETH,0.006,"Коррелир. (ETH/LST, BTC/BTC)",2223242.165724,Авто-ребаланс,0.1,-0.40675251001848056,-0.32298791842455105,-1.052974973477979,-0.5942384673070036,-1.052974973477979,0,0.6704498447460017,190.96762153032702,191.561859997634,99.7681316413907,5
42161:0xab05003a63d2f34ac7eec4670bca3319f0e3d2f62af5c2b9cbd69d03fd804fd2,Arbitrum,Uniswap v4,USDC/USD₮0,0.001,Стейбл/стейбл,584261.904384,Авто-ребаланс,0.05,-0.12364780614811932,-1.137457672230151,0.6955411423800069,-0.1885214453327545,-1.137457672230151,1,1.421572580077966,-0.28247167607168205,-0.09395023073892743,99.49074074074075,11
8453:0x70acdf2ad0bf2402c957154f944c19ef4e1cbae1,Base,Aerodrome Slipstream,WETH/CBBTC,0.25,ETH/BTC,15783940.117581,"Стейк AERO, пассивно",30.0,-0.981712225087928,-1.1434072799255075,0.7238019504941379,-0.4671058515064325,-1.1434072799255075,1,1.8858537354400045,162.3150950840907,162.78220093559713,100.0,0
8453:0x70acdf2ad0bf2402c957154f944c19ef4e1cbae1,Base,Aerodrome Slipstream,WETH/CBBTC,0.25,ETH/BTC,15783940.117581,"Стейк AERO, авто-ребаланс",30.0,-0.981712225087928,-1.1434072799255075,0.7238019504941379,-0.4671058515064325,-1.1434072799255075,1,1.8858537354400045,162.3150950840907,162.78220093559713,100.0,0
42161:0xe9e6b9aaafaf6816c3364345f6ef745ccfc8660a,Arbitrum,Uniswap v3,WBTC/TBTC,0.05,"Коррелир. (ETH/LST, BTC/BTC)",485563.212975,Пассивно,0.1,3.6970286133396217,-1.1617690976904023,-0.4513307136279855,0.694642934007078,-1.1617690976904023,1,1.4133757708717372,136.52795006671724,135.83330713271016,51.15964943092675,0
8453:0x42d4a22cad0f5a49681a5715ce994af73a43b76b,Base,Aerodrome Slipstream,WETH/CBBTC,0.05,ETH/BTC,9383565.027211,"Стейк AERO, пассивно",30.0,-0.9271100380795663,-1.194845592454191,0.8628471852426446,-0.41970281509703755,-1.194845592454191,1,1.9888094834606687,162.18590175292448,162.6056045680215,100.0,0
8453:0x42d4a22cad0f5a49681a5715ce994af73a43b76b,Base,Aerodrome Slipstream,WETH/CBBTC,0.05,ETH/BTC,9383565.027211,"Стейк AERO, авто-ребаланс",30.0,-0.9271100380795663,-1.194845592454191,0.8628471852426446,-0.41970281509703755,-1.194845592454191,1,1.9888094834606687,162.18590175292448,162.6056045680215,100.0,0
42161:0x4bfc22a4da7f31f8a912a79a7e44a822398b4390,Arbitrum,Pancake v3,WBTC/WETH,0.01,ETH/BTC,1222600.001321,"Комиссии + фарм наград, пассивно",10.0,-0.5265781773396278,-1.245211238792487,6.717884967131408,1.6486985169997643,-1.245211238792487,1,7.923851016385183,164.63586247049432,162.98716395349453,99.68701095461658,0
42161:0x4bfc22a4da7f31f8a912a79a7e44a822398b4390,Arbitrum,Pancake v3,WBTC/WETH,0.01,ETH/BTC,1222600.001321,Пассивно,20.0,-1.0561932658654465,-1.2482198383653031,2.986667292437387,0.22741806273554577,-1.2482198383653031,1,3.579104780454859,163.21458201623003,162.98716395349444,100.0,0
42161:0x4bfc22a4da7f31f8a912a79a7e44a822398b4390,Arbitrum,Pancake v3,WBTC/WETH,0.01,ETH/BTC,1222600.001321,Авто-ребаланс,20.0,-1.0561932658654465,-1.2482198383653031,2.986667292437387,0.22741806273554577,-1.2482198383653031,1,3.579104780454859,163.21458201623003,162.98716395349444,100.0,0
8453:0x42d4a22cad0f5a49681a5715ce994af73a43b76b,Base,Aerodrome Slipstream,WETH/CBBTC,0.05,ETH/BTC,9383565.027211,Пассивно,15.0,-1.0116070869230438,-1.2920080465879498,1.2581938243883752,-0.34847376970753946,-1.2920080465879498,1,4.038613144014,162.25713079831405,162.6056045680216,100.0,0
8453:0x42d4a22cad0f5a49681a5715ce994af73a43b76b,Base,Aerodrome Slipstream,WETH/CBBTC,0.05,ETH/BTC,9383565.027211,Авто-ребаланс,15.0,-1.0116070869230438,-1.2920080465879498,1.2581938243883752,-0.34847376970753946,-1.2920080465879498,1,4.038613144014,162.25713079831405,162.6056045680216,100.0,0
8453:0x70acdf2ad0bf2402c957154f944c19ef4e1cbae1,Base,Aerodrome Slipstream,WETH/CBBTC,0.25,ETH/BTC,15783940.117581,Пассивно,20.0,-1.2611468956011411,-1.2924379864518323,0.640101268910339,-0.6378278710475448,-1.2924379864518323,1,2.682275389225122,162.1443730645496,162.78220093559713,100.0,0
8453:0x70acdf2ad0bf2402c957154f944c19ef4e1cbae1,Base,Aerodrome Slipstream,WETH/CBBTC,0.25,ETH/BTC,15783940.117581,Авто-ребаланс,20.0,-1.2611468956011411,-1.2924379864518323,0.640101268910339,-0.6378278710475448,-1.2924379864518323,1,2.682275389225122,162.1443730645496,162.78220093559713,100.0,0
42161:0xe9e6b9aaafaf6816c3364345f6ef745ccfc8660a,Arbitrum,Uniswap v3,WBTC/TBTC,0.05,"Коррелир. (ETH/LST, BTC/BTC)",485563.212975,Авто-ребаланс,0.25,2.0358380916530456,-1.373836367248612,0.8454293241103285,0.5024770161715874,-1.373836367248612,2,1.1520643300663986,136.33578414888197,135.8333071327104,99.66996699669967,1
8453:0xc211e1f853a898bd1302385ccde55f33a8c4b3f3,Base,Pancake v3,WETH/CBBTC,0.01,ETH/BTC,6112991.420759,"Комиссии + фарм наград, пассивно",5.0,9.001309874236167,-1.3808365521423276,15.088035786554817,7.569503036216219,-1.3808365521423276,2,19.964723915054467,169.9710617634998,162.40155872728357,71.73801061144594,0
8453:0x70acdf2ad0bf2402c957154f944c19ef4e1cbae1,Base,Aerodrome Slipstream,WETH/CBBTC,0.25,ETH/BTC,15783940.117581,"Стейк AERO, пассивно",20.0,-1.385329720414402,-1.613471117363782,1.0212505024468919,-0.6591834451104307,-1.613471117363782,1,2.6609198151622677,162.1230174904867,162.78220093559713,100.0,0
8453:0x70acdf2ad0bf2402c957154f944c19ef4e1cbae1,Base,Aerodrome Slipstream,WETH/CBBTC,0.25,ETH/BTC,15783940.117581,"Стейк AERO, авто-ребаланс",20.0,-1.385329720414402,-1.613471117363782,1.0212505024468919,-0.6591834451104307,-1.613471117363782,1,2.6609198151622677,162.1230174904867,162.78220093559713,100.0,0
42161:0x4bfc22a4da7f31f8a912a79a7e44a822398b4390,Arbitrum,Pancake v3,WBTC/WETH,0.01,ETH/BTC,1222600.001321,Пассивно,15.0,-1.3691790371038859,-1.618380293012927,3.8502571485010955,0.28756593946142756,-1.618380293012927,1,4.614234873897623,163.27472989295603,162.98716395349462,100.0,0
42161:0x4bfc22a4da7f31f8a912a79a7e44a822398b4390,Arbitrum,Pancake v3,WBTC/WETH,0.01,ETH/BTC,1222600.001321,Авто-ребаланс,15.0,-1.3691790371038859,-1.618380293012927,3.8502571485010955,0.28756593946142756,-1.618380293012927,1,4.614234873897623,163.27472989295603,162.98716395349462,100.0,0
42161:0x149e36e72726e0bcea5c59d40df2c43f60f5a22d,Arbitrum,Uniswap v3,WBTC/WETH,0.3,ETH/BTC,836790.451023,Пассивно,30.0,-1.6593992704100657,-1.3707685504488496,3.3042581026659703,0.09136342726901832,-1.6593992704100657,1,2.436011907989419,158.74666867506681,158.65530524779777,100.0,0
42161:0x149e36e72726e0bcea5c59d40df2c43f60f5a22d,Arbitrum,Uniswap v3,WBTC/WETH,0.3,ETH/BTC,836790.451023,Авто-ребаланс,30.0,-1.6593992704100657,-1.3707685504488496,3.3042581026659703,0.09136342726901832,-1.6593992704100657,1,2.436011907989419,158.74666867506681,158.65530524779777,100.0,0
8453:0x70acdf2ad0bf2402c957154f944c19ef4e1cbae1,Base,Aerodrome Slipstream,WETH/CBBTC,0.25,ETH/BTC,15783940.117581,Пассивно,15.0,-1.6281320492347853,-1.6685169578490877,0.8262434848678488,-0.8234685074053414,-1.6685169578490877,1,3.462429562780836,161.95873242819167,162.782200935597,100.0,0
8453:0x70acdf2ad0bf2402c957154f944c19ef4e1cbae1,Base,Aerodrome Slipstream,WETH/CBBTC,0.25,ETH/BTC,15783940.117581,Авто-ребаланс,15.0,-1.6281320492347853,-1.6685169578490877,0.8262434848678488,-0.8234685074053414,-1.6685169578490877,1,3.462429562780836,161.95873242819167,162.782200935597,100.0,0
8453:0x42d4a22cad0f5a49681a5715ce994af73a43b76b,Base,Aerodrome Slipstream,WETH/CBBTC,0.05,ETH/BTC,9383565.027211,"Стейк AERO, пассивно",20.0,-1.3082519107205401,-1.6860027910520936,1.2174860305244661,-0.5922562237493892,-1.6860027910520936,1,2.806233737238912,162.01334834427232,162.6056045680217,100.0,0
8453:0x42d4a22cad0f5a49681a5715ce994af73a43b76b,Base,Aerodrome Slipstream,WETH/CBBTC,0.05,ETH/BTC,9383565.027211,"Стейк AERO, авто-ребаланс",20.0,-1.3082519107205401,-1.6860027910520936,1.2174860305244661,-0.5922562237493892,-1.6860027910520936,1,2.806233737238912,162.01334834427232,162.6056045680217,100.0,0
42161:0x44d1592a3ac6c42c77d6543544c3b1543a44bd9c4057335da7a1d48051999d16,Arbitrum,Uniswap v4,WBTC/CBBTC,0.0125,"Коррелир. (ETH/LST, BTC/BTC)",399160.742284,Авто-ребаланс,0.25,1.503659323928526,-0.061516796797025854,-1.936974320963336,-0.16494393127727863,-1.936974320963336,1,1.344788250265269,134.32875980472502,134.49370373600232,99.86085247258431,3
42161:0x9b42809aaae8d088ee01fe637e948784730f0386,Arbitrum,Uniswap v3,WBTC/CBBTC,0.01,"Коррелир. (ETH/LST, BTC/BTC)",1288811.928409,Авто-ребаланс,0.25,0.8695225446659149,-0.9574078460306433,-2.070545388619415,-0.7194768966613811,-2.070545388619415,1,0.7943638441187143,133.7819503496249,134.50142724628628,99.81834395745946,3
8453:0x70acdf2ad0bf2402c957154f944c19ef4e1cbae1,Base,Aerodrome Slipstream,WETH/CBBTC,0.25,ETH/BTC,15783940.117581,"Стейк AERO, пассивно",15.0,-1.7884433117384075,-2.0829292904724146,1.3182505932386934,-0.8510406696573762,-2.0829292904724146,1,3.4348574005288475,161.9311602659396,162.782200935597,100.0,0
8453:0x70acdf2ad0bf2402c957154f944c19ef4e1cbae1,Base,Aerodrome Slipstream,WETH/CBBTC,0.25,ETH/BTC,15783940.117581,"Стейк AERO, авто-ребаланс",15.0,-1.7884433117384075,-2.0829292904724146,1.3182505932386934,-0.8510406696573762,-2.0829292904724146,1,3.4348574005288475,161.9311602659396,162.782200935597,100.0,0
8453:0x42d4a22cad0f5a49681a5715ce994af73a43b76b,Base,Aerodrome Slipstream,WETH/CBBTC,0.05,ETH/BTC,9383565.027211,Пассивно,10.0,-1.4674715097505335,-2.0870519191374144,1.8247483864065666,-0.5765916808271271,-2.0870519191374144,1,5.786187590901267,162.0290128871945,162.60560456802165,99.67592592592592,0
8453:0x42d4a22cad0f5a49681a5715ce994af73a43b76b,Base,Aerodrome Slipstream,WETH/CBBTC,0.05,ETH/BTC,9383565.027211,"Стейк AERO, пассивно",15.0,-1.6889024344784533,-2.17649614870323,1.5716188195041862,-0.7645932545591657,-2.17649614870323,1,3.6224936591624513,161.8410113134624,162.6056045680216,100.0,0
8453:0x42d4a22cad0f5a49681a5715ce994af73a43b76b,Base,Aerodrome Slipstream,WETH/CBBTC,0.05,ETH/BTC,9383565.027211,"Стейк AERO, авто-ребаланс",15.0,-1.6889024344784533,-2.17649614870323,1.5716188195041862,-0.7645932545591657,-2.17649614870323,1,3.6224936591624513,161.8410113134624,162.6056045680216,100.0,0
8453:0xe846373c1a92b167b4e9cd5d8e4d6b1db9e90ec7,Base,Aerodrome Slipstream,EURC/USDC,0.0079,Стейбл/стейбл,1210156.130313,"Стейк AERO, пассивно",1.0,33.40111937854639,26.88040103961305,-2.353607409558996,19.30930433620015,-2.353607409558996,2,26.565431924741866,15.582379942348807,-3.726924393851341,71.5782355389097,0
42161:0x149e36e72726e0bcea5c59d40df2c43f60f5a22d,Arbitrum,Uniswap v3,WBTC/WETH,0.3,ETH/BTC,836790.451023,Пассивно,20.0,-2.3553274115568756,-1.9497009363214037,4.640025198900075,0.11166561700726511,-2.3553274115568756,1,3.4200416334162234,158.76697086480505,158.65530524779777,100.0,0
42161:0x149e36e72726e0bcea5c59d40df2c43f60f5a22d,Arbitrum,Uniswap v3,WBTC/WETH,0.3,ETH/BTC,836790.451023,Авто-ребаланс,20.0,-2.3553274115568756,-1.9497009363214037,4.640025198900075,0.11166561700726511,-2.3553274115568756,1,3.4200416334162234,158.76697086480505,158.65530524779777,100.0,0
42161:0x13fd8faf63c1b0dbd44157df1a390224d734bdcf1f60451fb84a8b48dd3d388a,Arbitrum,Uniswap v4,USDC/USD₮0,0.0001,Стейбл/стейбл,333287.775708,Авто-ребаланс,0.05,0.02673477452860728,-2.4838186006206584,-0.3984071336446566,-0.9518303199122359,-2.4838186006206584,1,0.04342508821605884,-1.0490724861659237,-0.09724216625368774,99.67515217167028,7
42161:0x4bfc22a4da7f31f8a912a79a7e44a822398b4390,Arbitrum,Pancake v3,WBTC/WETH,0.01,ETH/BTC,1222600.001321,Пассивно,10.0,-2.002362527128234,-2.524751222905594,5.569135424291708,0.3473405580859598,-2.524751222905594,1,6.62249305747135,163.3345045115805,162.98716395349453,99.68701095461658,0
8453:0xa41bc0affba7fd420d186b84899d7ab2ac57fcd1,Base,Aerodrome Slipstream,USDC/USDT,0.0009,Стейбл/стейбл,1116451.831753,Авто-ребаланс,0.1,0.23186649071950646,-2.3047568340375557,-2.718867789886772,-1.5972527110682737,-2.718867789886772,1,0.436433239585574,-1.7289086583569355,-0.13165594728866173,99.67547519703292,7
8453:0x70acdf2ad0bf2402c957154f944c19ef4e1cbae1,Base,Aerodrome Slipstream,WETH/CBBTC,0.25,ETH/BTC,15783940.117581,Пассивно,10.0,-2.361715528806644,-2.7966043998493753,1.1981658512647846,-1.3200513591304115,-2.7966043998493753,1,4.895969416849279,161.46214957646703,162.78220093559742,99.57081545064378,0
8453:0xa41bc0affba7fd420d186b84899d7ab2ac57fcd1,Base,Aerodrome Slipstream,USDC/USDT,0.0009,Стейбл/стейбл,1116451.831753,"Стейк AERO, авто-ребаланс",0.1,0.4880591932187174,-2.081959245568093,-3.0378418545526378,-1.5439139689673378,-3.0378418545526378,1,0.48977198168649033,-1.6755699162559992,-0.13165594728866173,99.67547519703292,7
42161:0x149e36e72726e0bcea5c59d40df2c43f60f5a22d,Arbitrum,Uniswap v3,WBTC/WETH,0.3,ETH/BTC,836790.451023,Пассивно,15.0,-3.058109732987991,-2.5366107231253565,5.96114638637069,0.12214197675244758,-3.058109732987991,1,4.392901429882695,158.77744722455031,158.65530524779786,100.0,0
42161:0x149e36e72726e0bcea5c59d40df2c43f60f5a22d,Arbitrum,Uniswap v3,WBTC/WETH,0.3,ETH/BTC,836790.451023,Авто-ребаланс,15.0,-3.058109732987991,-2.5366107231253565,5.96114638637069,0.12214197675244758,-3.058109732987991,1,4.392901429882695,158.77744722455031,158.65530524779786,100.0,0
8453:0x70acdf2ad0bf2402c957154f944c19ef4e1cbae1,Base,Aerodrome Slipstream,WETH/CBBTC,0.25,ETH/BTC,15783940.117581,"Стейк AERO, пассивно",10.0,-2.594234895515489,-3.0884219563188497,1.9116990394459268,-1.256985937462804,-3.0884219563188497,1,4.959034838516845,161.52521499813463,162.78220093559742,99.57081545064378,0
8453:0xe846373c1a92b167b4e9cd5d8e4d6b1db9e90ec7,Base,Aerodrome Slipstream,EURC/USDC,0.0079,Стейбл/стейбл,1210156.130313,Пассивно,0.25,27.806817614249805,15.372594798044826,-3.161963630918644,13.339149593791996,-3.161963630918644,2,22.68946247563806,9.612225199940728,-3.7269243938512697,37.069288389513105,0
42161:0x44d1592a3ac6c42c77d6543544c3b1543a44bd9c4057335da7a1d48051999d16,Arbitrum,Uniswap v4,WBTC/CBBTC,0.0125,"Коррелир. (ETH/LST, BTC/BTC)",399160.742284,Авто-ребаланс,0.1,-2.282174593285778,-3.0373593464364452,-3.2012142808712416,-2.8402494068644883,-3.2012142808712416,0,3.1773579329059727,131.65345432913782,134.49370373600232,98.89259790085943,23
8453:0x42d4a22cad0f5a49681a5715ce994af73a43b76b,Base,Aerodrome Slipstream,WETH/CBBTC,0.05,ETH/BTC,9383565.027211,"Стейк AERO, пассивно",10.0,-2.4497457513397904,-3.210665724674954,2.2793122477618577,-1.1270330760842955,-3.210665724674954,1,5.235746195644046,161.47857149193734,162.60560456802165,99.67592592592592,0
42161:0x9b42809aaae8d088ee01fe637e948784730f0386,Arbitrum,Uniswap v3,WBTC/CBBTC,0.01,"Коррелир. (ETH/LST, BTC/BTC)",1288811.928409,Авто-ребаланс,0.1,-3.537749892143144,-2.1819214382316114,-3.1493681302782197,-2.956346486884325,-3.537749892143144,0,1.9360721221768142,131.54508075940197,134.50142724628628,98.77720426327089,19
8453:0xb07d7eece8866e549601af5c7622d8cdbedc914e,Base,Aerodrome Slipstream,EURC/CBBTC,0.05,Голубая фишка/стейбл,360550.369394,Пассивно,,3.0304888328690653,-3.882609213320117,0.9488446771755903,0.032241432241512845,-3.882609213320117,2,2.9980758257947033,71.46760360286643,71.43536217062493,100.0,0
8453:0x8bb9eaf3c5a906d20c4cc10ea2f73a3ac2d5d41a,Base,Aerodrome Slipstream,CBETH/CBBTC,0.033,ETH/BTC,1202439.932522,"Стейк AERO, авто-ребаланс",2.5,77.4270221960359,-4.056305707690347,-3.832455157773744,23.179420443523938,-4.056305707690347,1,101.0238974863441,184.2999282467703,161.12050780324634,99.15953198033677,18
42161:0x864abca0a6202dba5b8868772308da953ff125b0f95015adbf89aaf579e903a8,Arbitrum,Uniswap v4,ETH/USDC,0.0625,Голубая фишка/стейбл,7143372.960387,Авто-ребаланс,10.0,0.13947972031227132,-4.063778880897758,3.6309587681343634,-0.09778013081704125,-4.063778880897758,2,54.043610377223885,94.95499293303567,95.0527730638527,99.8145568967296,4
8453:0xa41bc0affba7fd420d186b84899d7ab2ac57fcd1,Base,Aerodrome Slipstream,USDC/USDT,0.0009,Стейбл/стейбл,1116451.831753,Авто-ребаланс,0.05,-1.3449516547074534,-2.604190476323653,-4.0889604198059954,-2.6793675169457005,-4.0889604198059954,0,0.864198396122482,-2.8110234642340677,-0.13165594728836671,99.2121258950188,17
42161:0xe9e6b9aaafaf6816c3364345f6ef745ccfc8660a,Arbitrum,Uniswap v3,WBTC/TBTC,0.05,"Коррелир. (ETH/LST, BTC/BTC)",485563.212975,Авто-ребаланс,0.1,-1.707245071047677,-4.1253798722348485,-0.0010195233585853427,-1.944548155547037,-4.1253798722348485,0,2.459593509229768,133.88875897716312,135.83330713271016,97.72450341008022,12
8453:0x7c7420dd105e2779316423ba3e973f434315efa9,Base,Aerodrome Slipstream,WETH/CBBTC,0.0085,ETH/BTC,2267298.339275,"Стейк AERO, пассивно",5.0,1.2363749483507398,-4.421826476705897,12.073424676502285,2.9626577160490424,-4.421826476705897,2,15.332713986340448,165.39747056233912,162.43481284629007,71.66666666666667,0
42161:0x149e36e72726e0bcea5c59d40df2c43f60f5a22d,Arbitrum,Uniswap v3,WBTC/WETH,0.3,ETH/BTC,836790.451023,Пассивно,10.0,-4.485431337165801,-4.063778904180976,8.56372643557106,0.00483873140809384,-4.485431337165801,1,6.198903325369129,158.66014397920577,158.65530524779768,99.42528735632183,0
8453:0xb07d7eece8866e549601af5c7622d8cdbedc914e,Base,Aerodrome Slipstream,EURC/CBBTC,0.05,Голубая фишка/стейбл,360550.369394,"Стейк AERO, пассивно",,2.512292184185007,-4.538264154079712,0.3738929356720594,-0.5506930114075486,-4.538264154079712,2,2.4151413821456154,70.88466915921738,71.43536217062493,100.0,0
8453:0xa41bc0affba7fd420d186b84899d7ab2ac57fcd1,Base,Aerodrome Slipstream,USDC/USDT,0.0009,Стейбл/стейбл,1116451.831753,"Стейк AERO, авто-ребаланс",0.05,-0.8346416597880124,-2.159841230401101,-4.719361519564351,-2.5712814699178215,-4.719361519564351,0,0.9722844431504183,-2.702937417206188,-0.13165594728836671,99.2121258950188,17
8453:0x2fbe93bf7177596c5d04675bdcef7bacaf98bd954dc26829fcda39f122239459,Base,Uniswap v4,ETH/CBBTC,0.0625,ETH/BTC,1981581.017285,Пассивно,5.0,24.27094444469189,-4.976906834404023,11.608844174566459,10.300960594951441,-4.976906834404023,2,22.48904201774456,172.85114958038898,162.55018898543753,71.85185185185185,0
8453:0x12d76c5c8ec8edffd3c143995b0aa43fe44a6d71eb9113796272909e54b8e078,Base,Uniswap v4,USDC/CBBTC,0.0625,Голубая фишка/стейбл,3371381.514772,Пассивно,,1.6086923591954867,-5.556827226731274,0.4694512558051398,-1.1595612039102159,-5.556827226731274,2,1.625629080577849,66.04914762099222,67.20870882490244,100.0,0
8453:0xc211e1f853a898bd1302385ccde55f33a8c4b3f3,Base,Pancake v3,WETH/CBBTC,0.01,ETH/BTC,6112991.420759,"Комиссии + фарм наград, пассивно",2.5,-5.567834295321275,-2.633629727629368,-1.0098556715354274,-3.0704398981620233,-5.567834295321275,0,16.32583125420916,159.33111882912135,162.4015587272834,30.668559728017307,0
8453:0x8bb9eaf3c5a906d20c4cc10ea2f73a3ac2d5d41a,Base,Aerodrome Slipstream,CBETH/CBBTC,0.033,ETH/BTC,1202439.932522,"Стейк AERO, авто-ребаланс",5.0,41.04806348267151,0.18918134681685234,-5.629192600100826,11.869350743129178,-5.629192600100826,2,52.75615270906575,172.98985854637536,161.1205078032462,99.81370358842217,4
8453:0x3e66e55e97ce60096f74b7c475e8249f2d31a9fb,Base,Aerodrome Slipstream,USDC/CBBTC,0.0346,Голубая фишка/стейбл,7355675.077588,Пассивно,,1.1010720920633927,-5.804740790508204,0.38517023862383204,-1.439499486606993,-5.804740790508204,2,1.3403139713581274,65.85099770594445,67.29049719255143,100.0,0
8453:0xf97db19953c4309b3af2ceb9cce172939e8868321a24656667d44cccb31c9ddc,Base,Uniswap v4,USDC/CBBTC,0.1762,Голубая фишка/стейбл,1318687.924526,Пассивно,,1.0631527303514272,-5.945569350790995,-0.11083896579258787,-1.664418528744052,-5.945569350790995,1,1.1041678465539124,65.88658340325695,67.551001932001,100.0,0
8453:0x3e66e55e97ce60096f74b7c475e8249f2d31a9fb,Base,Aerodrome Slipstream,USDC/CBBTC,0.0346,Голубая фишка/стейбл,7355675.077588,"Стейк AERO, пассивно",,1.3797406860899748,-5.961681412610754,0.4226132558028045,-1.3864424902393249,-5.961681412610754,2,1.3933709677258008,65.90405470231211,67.29049719255143,100.0,0
8453:0xb94b22332abf5f89877a14cc88f2abc48c34b3df,Base,Pancake v3,USDC/CBBTC,0.01,Голубая фишка/стейбл,1762252.850586,"Комиссии + фарм наград, пассивно",,1.090512396488842,-5.976105121676616,0.27207209448663283,-1.5378402102337136,-5.976105121676616,2,1.2383383199721452,65.74772159622049,67.2855618064542,100.0,0
8453:0xc211e1f853a898bd1302385ccde55f33a8c4b3f3,Base,Pancake v3,WETH/CBBTC,0.01,ETH/BTC,6112991.420759,Пассивно,5.0,2.413808786502113,-6.137594002122465,8.794280398810521,1.6901650610633898,-6.137594002122465,2,14.085385939901649,164.09172378834694,162.40155872728357,71.73801061144594,0
42161:0x70bf44c3a9b6b047bf60e5a05968225dbf3d6a5b9e8a95a73727e48921e889c1,Arbitrum,Uniswap v4,WBTC/USDC,0.3499,Голубая фишка/стейбл,328691.173448,Пассивно,,0.570667814078309,-6.155590865981975,-0.20764286209718796,-1.9308553046669514,-6.155590865981975,1,0.7925556119755791,66.20721284330146,68.13806814796841,100.0,0
42161:0x5969efdde3cf5c0d9a88ae51e47d721096a97203,Arbitrum,Uniswap v3,WBTC/USD₮0,0.05,Голубая фишка/стейбл,4164592.373085,Пассивно,,1.0309893093333722,-6.202457825561939,0.02624614669337461,-1.7150741231783972,-6.202457825561939,2,1.0511544698184738,66.05324336483642,67.76831748801482,100.0,0
8453:0xfbb6eed8e7aa03b138556eedaf5d271a5e1e43ef,Base,Uniswap v3,USDC/CBBTC,0.05,Голубая фишка/стейбл,8506440.807863,Пассивно,,0.8714436024672765,-6.285656317509944,0.17941716186417275,-1.7449318510594982,-6.285656317509944,2,1.0408185228010165,65.49653697102141,67.2414688220809,100.0,0
8453:0xec558e484cc9f2210714e345298fdc53b253c27d,Base,Uniswap v3,USDC/CBBTC,0.3,Голубая фишка/стейбл,1791948.233748,Пассивно,,0.46006037201092415,-6.371262626784992,0.10778584777160927,-1.934472135667486,-6.371262626784992,2,0.8370451293950524,66.33906670235832,68.2735388380258,100.0,0
8453:0xe846373c1a92b167b4e9cd5d8e4d6b1db9e90ec7,Base,Aerodrome Slipstream,EURC/USDC,0.0079,Стейбл/стейбл,1210156.130313,Пассивно,0.05,25.398646875557258,16.61589133162131,-6.373827604668822,11.880236867503248,-6.373827604668822,2,21.831518329195895,8.153312473653306,-3.72692439384994,9.70505617977528,0
42161:0x80c735c5a0222241f211b3edb8df2ccefad94553ec18f1c29143f0399c78f500,Arbitrum,Uniswap v4,WBTC/USDC,0.0625,Голубая фишка/стейбл,3536486.871302,Пассивно,,0.42609442368676653,-6.413157640945695,0.20004696069546601,-1.9290054188544874,-6.413157640945695,2,0.8366055500168889,65.40708588303475,67.33609130188924,100.0,0
42161:0x0e4831319a50228b9e450861297ab92dee15b44f,Arbitrum,Uniswap v3,WBTC/USDC,0.05,Голубая фишка/стейбл,8037861.079307,Пассивно,,0.737417501642949,-6.525455521364767,0.10809957709762177,-1.8933128142080655,-6.525455521364767,2,0.8738147470868053,65.46672537358114,67.36003818778921,100.0,0
42161:0x843ac8dc6d34aeb07a56812b8b36429ee46bdd07,Arbitrum,Pancake v3,WBTC/USDC,0.05,Голубая фишка/стейбл,406657.816518,"Комиссии + фарм наград, пассивно",,0.9357413025799513,-6.59933714401123,-0.21080824938622145,-1.9581346969391666,-6.59933714401123,1,0.8324759578068819,65.9821881965775,67.94032289351667,100.0,0
8453:0xb94b22332abf5f89877a14cc88f2abc48c34b3df,Base,Pancake v3,USDC/CBBTC,0.01,Голубая фишка/стейбл,1762252.850586,Пассивно,,0.43124074835285375,-6.6272537160781475,-0.3153362335317494,-2.170449733752348,-6.6272537160781475,1,0.6057287964534475,65.11511207270185,67.2855618064542,100.0,0
8453:0x160d7e9d948b16c163332a277b393c288408eb12,Base,Aerodrome Slipstream,USDC/CBBTC,0.0218,Голубая фишка/стейбл,5221477.505015,"Стейк AERO, пассивно",,0.6346041297679796,-6.677787860417629,-0.24883970936998898,-2.097341146673213,-6.677787860417629,1,0.680670049799036,65.22708811881816,67.32442926549137,100.0,0
8453:0x160d7e9d948b16c163332a277b393c288408eb12,Base,Aerodrome Slipstream,USDC/CBBTC,0.0218,Голубая фишка/стейбл,5221477.505015,Пассивно,,0.5505597252240537,-6.705902699872112,-0.2940773148820851,-2.1498067631767146,-6.705902699872112,1,0.6282044332955476,65.17462250231465,67.32442926549137,100.0,0
8453:0x4e962bb3889bf030368f56810a9c96b83cb3e778,Base,Aerodrome Slipstream,USDC/CBBTC,0.0532,Голубая фишка/стейбл,6040393.319163,"Стейк AERO, пассивно",,0.5913915467820637,-6.725200152436063,-0.28038699500509817,-2.138065200219699,-6.725200152436063,1,0.6397309053323624,65.1632283944838,67.30129359470351,100.0,0
8453:0x4e962bb3889bf030368f56810a9c96b83cb3e778,Base,Aerodrome Slipstream,USDC/CBBTC,0.0532,Голубая фишка/стейбл,6040393.319163,Пассивно,,0.5257720260497445,-6.761639363665023,-0.27158094995471405,-2.1691494291899978,-6.761639363665023,1,0.6086466763620971,65.1321441655135,67.30129359470351,100.0,0
8453:0xe070797535b13431808f8fc81fdbe7b41362960ed0b55bc2b6117c49c51b7eb9,Base,Uniswap v4,ETH/USDC,0.3499,Голубая фишка/стейбл,4569506.258214,Пассивно,,3.5484112225800315,-6.763409040431736,1.412003958241921,-0.6009979532032613,-6.763409040431736,2,3.8729121937282143,94.63788588878252,95.2388838419858,100.0,0
42161:0x03df2300e83353309c1069ae3ea89c31b361a009f9c36a1de5c8f0afcc45bde8,Arbitrum,Uniswap v4,ETH/USDC,0.3499,Голубая фишка/стейбл,3237764.513506,Пассивно,,5.354151757446188,-6.770868951371561,1.0372423620233409,-0.12649161063401068,-6.770868951371561,2,4.3380908061966705,94.99323447452645,95.11972608516045,100.0,0
42161:0x843ac8dc6d34aeb07a56812b8b36429ee46bdd07,Arbitrum,Pancake v3,WBTC/USDC,0.05,Голубая фишка/стейбл,406657.816518,Пассивно,,0.6594768560573326,-6.835460256049906,-0.46301416457446376,-2.2129991881890123,-6.835460256049906,1,0.5776114665570284,65.72732370532763,67.94032289351667,100.0,0
8453:0xe846373c1a92b167b4e9cd5d8e4d6b1db9e90ec7,Base,Aerodrome Slipstream,EURC/USDC,0.0079,Стейбл/стейбл,1210156.130313,Пассивно,0.1,34.178864523417175,12.549321281257688,-6.929524340659721,13.266220488005047,-6.929524340659721,2,23.067203534225747,9.539296094154588,-3.7269243938504566,16.152205576362878,0
42161:0x864abca0a6202dba5b8868772308da953ff125b0f95015adbf89aaf579e903a8,Arbitrum,Uniswap v4,ETH/USDC,0.0625,Голубая фишка/стейбл,7143372.960387,Пассивно,,0.8972534715965229,-6.974086440599955,0.25104715050289694,-1.9419286061668453,-6.974086440599955,2,2.6144874005443537,93.11084445768608,95.05277306385292,100.0,0
42161:0xf3eb87c1f6020982173c908e7eb31aa66c1f0296,Arbitrum,Sushi v3,WETH/USDC,0.05,Голубая фишка/стейбл,368038.72732,Пассивно,,2.860822587468286,-7.038087656855793,0.9540194873335258,-1.0744151940179936,-7.038087656855793,2,3.4716048719079864,93.8871937427106,94.9616089367286,100.0,0
8453:0x7c7420dd105e2779316423ba3e973f434315efa9,Base,Aerodrome Slipstream,WETH/CBBTC,0.0085,ETH/BTC,2267298.339275,Пассивно,5.0,-2.094774707992213,-7.13427558924585,14.482363970682577,1.751104557814838,-7.13427558924585,1,14.121160828106262,164.18591740410488,162.43481284629007,71.66666666666667,0
8453:0xb24f7fcd75c3a001b74be4c60f181c024154c4d7c33097777e3950979042b073,Base,Uniswap v4,TBTC/USDC,0.3499,Голубая фишка/стейбл,726649.624081,Пассивно,,-0.06515194186186211,-7.278891456788694,-0.24420928711908038,-2.529417561923212,-7.278891456788694,0,0.25308482398860266,65.3555035533074,67.88492111523061,100.0,0
8453:0x8bb9eaf3c5a906d20c4cc10ea2f73a3ac2d5d41a,Base,Aerodrome Slipstream,CBETH/CBBTC,0.033,ETH/BTC,1202439.932522,Пассивно,5.0,0.20082686267419375,-7.8796741928905885,19.165174850150525,3.8287758399780434,-7.8796741928905885,2,17.231999679541502,164.94928364322425,161.1205078032462,69.47234184505024,0
8453:0x7aea2e8a3843516afa07293a10ac8e49906dabd1,Base,Uniswap v3,WETH/CBBTC,0.05,ETH/BTC,14498572.359732,Пассивно,2.5,-8.06480657762347,-1.8307896577858114,-0.22515433624903988,-3.373583523886107,-8.06480657762347,0,16.01858516177988,159.0320273311779,162.405610855064,30.559668793002192,0
8453:0xb775272e537cc670c65dc852908ad47015244eaf,Base,Pancake v3,WETH/USDC,0.05,Голубая фишка/стейбл,1219742.77141,"Комиссии + фарм наград, пассивно",,1.9708990532620918,-8.578138425402539,0.7066134130726701,-1.966875319689259,-8.578138425402539,2,2.5842142802962056,93.17150086970484,95.13837618939411,100.0,0
8453:0x8c7080564b5a792a33ef2fd473fba6364d5495e5,Base,Uniswap v3,WETH/CBBTC,0.3,ETH/BTC,11649702.280637,Пассивно,5.0,2.253017863152688,-8.63242706639169,12.729747477298714,2.1167794246865705,-8.63242706639169,2,14.255505101328062,166.6166152696038,164.49983584491724,68.79147996623158,0
8453:0x6c561b446416e1a00e8e93e221854d6ea4171372,Base,Uniswap v3,WETH/USDC,0.3,Голубая фишка/стейбл,163067768.867821,Пассивно,,1.131242211075017,-8.729208786220461,0.20442115671552222,-2.4645151394766405,-8.729208786220461,2,2.0087941370591658,92.63107809374306,95.09559323321969,100.0,0
8453:0x9785ef59e2b499fb741674ecf6faf912df7b3c1b,Base,Aerodrome Slipstream,WETH/USDT,0.0445,Голубая фишка/стейбл,2460467.75359,Пассивно,,1.7624965009167528,-8.775075188563038,-0.6954350222315376,-2.569337903292608,-8.775075188563038,1,1.9509491712521023,92.53085006109588,95.10018796438848,100.0,0
8453:0xa44d3bb767d953711ea4bce8c0f01f4d7d299af6,Base,Aerodrome Slipstream,CBBTC/LBTC,0.02,"Коррелир. (ETH/LST, BTC/BTC)",4716563.420684,"Стейк AERO, авто-ребаланс",0.1,3.788045940795909,-1.914855148293046,-8.918685913004545,-2.3484983735005605,-8.918685913004545,1,4.053684807528434,133.8696610603531,136.21815943385366,98.9685420338645,17
42161:0xc31e54c7a869b9fcbecc14363cf510d1c41fa443,Arbitrum,Uniswap v3,WETH/USDC,0.05,Голубая фишка/стейбл,1118511.713936,Пассивно,,1.5639078024739108,-9.049210508104826,0.2400287709899408,-2.4150913115469916,-9.049210508104826,2,2.100607173044202,92.64129169031767,95.05638300186466,100.0,0
42161:0xc82819f72a9e77e2c0c3a69b3196478f44303cf4,Arbitrum,Uniswap v3,WETH/USD₮0,0.3,Голубая фишка/стейбл,367911.495425,Пассивно,,0.143930679546141,-9.09264463639068,0.8198645922264344,-2.7096164548727018,-9.09264463639068,2,1.7373482036045855,92.25662575102734,94.96624220590004,100.0,0
42161:0xd9e2a1a61b6e61b275cec326465d417e52c1b95c,Arbitrum,Pancake v3,WETH/USDC,0.05,Голубая фишка/стейбл,787147.903277,"Комиссии + фарм наград, пассивно",,1.4610010337558077,-9.245341527317766,0.498803607688551,-2.428512295291136,-9.245341527317766,2,2.1224940082424997,92.61577300348372,95.04428529877485,100.0,0
8453:0xaa5fe7dcc07dcb8b7afcd1b93874e7cb1e0ab50b,Base,Aerodrome Slipstream,WETH/EURC,0.05,Голубая фишка/стейбл,892023.559055,"Стейк AERO, пассивно",,0.9382226762624395,-9.270334239483018,-1.6466912047089894,-3.326267589309856,-9.270334239483018,1,1.4238990333648243,95.98519947730327,99.31146706661312,100.0,0
8453:0x72ab388e2e2f6facef59e3c3fa2c4e29011c2d38,Base,Pancake v3,WETH/USDC,0.01,Голубая фишка/стейбл,4969308.957636,"Комиссии + фарм наград, пассивно",,0.9812603252884369,-9.29321207163806,0.16005880696827565,-2.717297646460449,-9.29321207163806,2,1.830907791998749,92.39442008512171,95.11171773158216,100.0,0
42161:0x7fcdc35463e3770c2fb992716cd070b63540b947,Arbitrum,Pancake v3,WETH/USDC,0.01,Голубая фишка/стейбл,473051.619529,"Комиссии + фарм наград, пассивно",,1.4852016767477045,-9.300775852085241,0.2211186947266954,-2.531485160203614,-9.300775852085241,2,2.027123590750774,92.53344201988139,95.06492718008501,100.0,0
42161:0xc473e2aee3441bf9240be85eb122abb059a3b57c,Arbitrum,Uniswap v3,WETH/USDC,0.3,Голубая фишка/стейбл,5705323.513293,Пассивно,,0.708507666661629,-9.398625761197488,0.834001001256429,-2.61870569775981,-9.398625761197488,2,1.8587784176796798,92.43238766365066,95.05109336141047,100.0,0
42161:0x641c00a822e8b671738d32a431a4fb6074e5c79d,Arbitrum,Uniswap v3,WETH/USD₮0,0.05,Голубая фишка/стейбл,6444291.054483,Пассивно,,0.5672720401972916,-9.43837511914734,-0.06722050365170466,-2.979441194200584,-9.43837511914734,1,1.5131000978758264,91.89055150209833,94.86999269629892,100.0,0
8453:0x2fbe93bf7177596c5d04675bdcef7bacaf98bd954dc26829fcda39f122239459,Base,Uniswap v4,ETH/CBBTC,0.0625,ETH/BTC,1981581.017285,Пассивно,2.5,5.070379610395015,-9.46287844177313,-2.622276727441067,-2.338258519606394,-9.46287844177313,1,16.90753596520606,160.21193046583127,162.55018898543767,30.60185185185185,0
42161:0x4d1576158518dd61924218446c1057cf03138d57,Arbitrum,Sushi v3,WETH/USDC,0.3,Голубая фишка/стейбл,497694.662033,Пассивно,,0.46459359540135664,-9.526926807626152,0.3323358618239035,-2.9099991168002974,-9.526926807626152,2,1.5660139554536299,92.32274456167883,95.23274367847911,100.0,0
8453:0xb4cb800910b228ed3d0834cf79d697127bbb00e5,Base,Uniswap v3,WETH/USDC,0.01,Голубая фишка/стейбл,698189.675847,Пассивно,,0.09204737335812144,-9.604871444135888,-0.4759374488193649,-3.329587173199044,-9.604871444135888,1,1.218353304861309,91.78264154653874,95.11222871973777,100.0,0
8453:0xe846373c1a92b167b4e9cd5d8e4d6b1db9e90ec7,Base,Aerodrome Slipstream,EURC/USDC,0.0079,Стейбл/стейбл,1210156.130313,Пассивно,0.5,20.165413402906275,15.457550405822992,-9.636990185788003,8.661991207647088,-9.636990185788003,2,17.261935739855236,4.935066813795893,-3.7269243938511956,51.50905118601747,0
8453:0xd0b53d9277642d899df5c87a3966a349a798f224,Base,Uniswap v3,WETH/USDC,0.05,Голубая фишка/стейбл,10060511.434283,Пассивно,,0.4955496964008065,-9.63870536561367,0.11292684666375558,-3.010076274183036,-9.63870536561367,2,1.5403848077770392,92.10956439010657,95.1196406642896,100.0,0
42161:0xc6962004f452be9203591991d15f6b388e09e8d0,Arbitrum,Uniswap v3,WETH/USDC,0.05,Голубая фишка/стейбл,37096104.750623,Пассивно,,0.7172658424307429,-9.667355479100463,0.11091824716506378,-2.946390463168219,-9.667355479100463,2,1.6093050568135547,92.13765324012938,95.0840437032976,100.0,0
8453:0x9785ef59e2b499fb741674ecf6faf912df7b3c1b,Base,Aerodrome Slipstream,WETH/USDT,0.0445,Голубая фишка/стейбл,2460467.75359,"Стейк AERO, пассивно",,0.5876203773021128,-9.777185709108316,-0.48924594740040445,-3.226270426402203,-9.777185709108316,1,1.2940166481424897,91.87391753798627,95.10018796438848,100.0,0
8453:0xb2cc224c1c9fee385f8ad6a55b4d94e92359dc59,Base,Aerodrome Slipstream,WETH/USDC,0.0728,Голубая фишка/стейбл,8562745.065349,"Стейк AERO, пассивно",,0.7447679665166651,-9.780245755451736,-0.2845877685230486,-3.1066885191527063,-9.780245755451736,1,1.4463624679067204,92.03152615809681,95.13821467724952,100.0,0
8453:0xb775272e537cc670c65dc852908ad47015244eaf,Base,Pancake v3,WETH/USDC,0.05,Голубая фишка/стейбл,1219742.77141,Пассивно,,0.645388816019916,-9.846647804691383,-0.4226235635416652,-3.2079608507377104,-9.846647804691383,1,1.3431287492477442,91.93041533865639,95.13837618939411,100.0,0
8453:0xaa5fe7dcc07dcb8b7afcd1b93874e7cb1e0ab50b,Base,Aerodrome Slipstream,WETH/EURC,0.05,Голубая фишка/стейбл,892023.559055,Пассивно,,0.08988697474004463,-9.900399033543913,-2.305254231361781,-4.0385887633885496,-9.900399033543913,1,0.7115778592862443,95.27287830322457,99.31146706661312,100.0,0
8453:0x3fe04a59ebd38cf06080a6f60a98d124eb59392a,Base,Aerodrome Slipstream,WETH/USDC,0.0625,Голубая фишка/стейбл,12279890.854137,Пассивно,,1.0231297352630038,-9.928700251056915,-0.7623998077072792,-3.222656774500397,-9.928700251056915,1,1.3303409530820025,91.8815657358148,95.1042225103152,100.0,0
42161:0xd9e2a1a61b6e61b275cec326465d417e52c1b95c,Arbitrum,Pancake v3,WETH/USDC,0.05,Голубая фишка/стейбл,787147.903277,Пассивно,,0.6113420658295884,-9.964167928292687,-0.23814418275801166,-3.1969900150737036,-9.964167928292687,1,1.354016288459944,91.84729528370114,95.04428529877485,100.0,0
8453:0x72ab388e2e2f6facef59e3c3fa2c4e29011c2d38,Base,Pancake v3,WETH/USDC,0.01,Голубая фишка/стейбл,4969308.957636,Пассивно,,0.23636219038615305,-10.012072542391518,-0.4727949795024082,-3.4161684438359243,-10.012072542391518,1,1.132036994623343,91.69554928774625,95.11171773158216,100.0,0
8453:0xb2cc224c1c9fee385f8ad6a55b4d94e92359dc59,Base,Aerodrome Slipstream,WETH/USDC,0.0728,Голубая фишка/стейбл,8562745.065349,Пассивно,,0.30184972017483835,-10.1421862325753,0.42258185093649747,-3.1392515538213215,-10.1421862325753,2,1.4137994332381194,91.99896312342821,95.13821467724952,100.0,0
42161:0xe88bba0ec2fc9091d68344b32b504abcc59f0aa9e1ae2ef048b69bc7ec3f4df8,Arbitrum,Uniswap v4,ETH/USD₮0,0.0625,Голубая фишка/стейбл,926636.364251,Пассивно,,-0.37767786444331247,-10.327272617816988,-0.24897652173303864,-3.651309001331113,-10.327272617816988,0,0.8757959142087866,91.12775147121651,94.77906047254763,100.0,0
8453:0xc211e1f853a898bd1302385ccde55f33a8c4b3f3,Base,Pancake v3,WETH/CBBTC,0.01,ETH/BTC,6112991.420759,Пассивно,2.5,-10.358184758159046,-10.22759845948522,-3.951445853685673,-8.17907635710998,-10.358184758159046,0,11.217194795261236,154.22248237017345,162.4015587272834,30.668559728017307,0
8453:0x3fe04a59ebd38cf06080a6f60a98d124eb59392a,Base,Aerodrome Slipstream,WETH/USDC,0.0625,Голубая фишка/стейбл,12279890.854137,"Стейк AERO, пассивно",,0.01854182447419589,-10.492450811427393,-0.9127071494049172,-3.795538712119371,-10.492450811427393,1,0.7574590154630991,91.30868379819583,95.1042225103152,100.0,0
42161:0x7fcdc35463e3770c2fb992716cd070b63540b947,Arbitrum,Pancake v3,WETH/USDC,0.01,Голубая фишка/стейбл,473051.619529,Пассивно,,0.14232473649910996,-10.49774998086102,-0.9423907767124486,-3.7659386736914526,-10.49774998086102,1,0.7926700772628711,91.29898850639354,95.06492718008501,100.0,0
8453:0x70acdf2ad0bf2402c957154f944c19ef4e1cbae1,Base,Aerodrome Slipstream,WETH/CBBTC,0.25,ETH/BTC,15783940.117581,"Стейк AERO, пассивно",5.0,-7.897145712586886,-10.531432698673136,2.5671226479759843,-5.287151921094679,-10.531432698673136,1,6.7161006817832405,157.4950490145024,162.78220093559707,70.80295387691933,0
8453:0xe846373c1a92b167b4e9cd5d8e4d6b1db9e90ec7,Base,Aerodrome Slipstream,EURC/USDC,0.0079,Стейбл/стейбл,1210156.130313,Пассивно,1.0,15.548495270812488,11.980907309753364,-10.802008098174444,5.575798160797136,-10.802008098174444,2,12.831925749338831,1.8488737669457944,-3.726924393851341,71.5782355389097,0
42161:0x8b3781471ab98774c59775df9cc505ce20b36afffd297aef2dc17daafce3b140,Arbitrum,Uniswap v4,ETH/WBTC,0.0625,ETH/BTC,1296036.003108,Пассивно,5.0,5.5969129810399885,-10.9682024693572,12.337076563082574,2.3219290249217877,-10.9682024693572,2,14.680591162069296,164.81188338096055,162.48995435603877,71.489574339018,0
8453:0x42d4a22cad0f5a49681a5715ce994af73a43b76b,Base,Aerodrome Slipstream,WETH/CBBTC,0.05,ETH/BTC,9383565.027211,"Стейк AERO, пассивно",5.0,-7.925156332175119,-11.0444823580042,3.51371183195959,-5.151975619406577,-11.0444823580042,1,7.134469880390583,157.45362894861515,162.6056045680217,71.62037037037038,0
8453:0x7c7420dd105e2779316423ba3e973f434315efa9,Base,Aerodrome Slipstream,WETH/CBBTC,0.0085,ETH/BTC,2267298.339275,"Стейк AERO, пассивно",2.5,-11.17080435439868,-6.11450354415002,-0.9350724850161047,-6.0734601278549345,-11.17080435439868,0,13.289143795023218,156.36135271843514,162.43481284629007,30.694444444444446,0
8453:0x12d76c5c8ec8edffd3c143995b0aa43fe44a6d71eb9113796272909e54b8e078,Base,Uniswap v4,USDC/CBBTC,0.0625,Голубая фишка/стейбл,3371381.514772,Авто-ребаланс,5.0,31.683705399363603,-9.97950597330625,-11.18108771473633,3.5077039037736744,-11.18108771473633,1,64.622517778482,70.71641272867663,67.20870882490296,99.58320455364961,9
8453:0x42d4a22cad0f5a49681a5715ce994af73a43b76b,Base,Aerodrome Slipstream,WETH/CBBTC,0.05,ETH/BTC,9383565.027211,Пассивно,5.0,-6.919725502504112,-11.759739417595432,2.784671828348995,-5.298264363916849,-11.759739417595432,1,6.988181135880335,157.30734020410486,162.6056045680217,71.62037037037038,0
8453:0xa44d3bb767d953711ea4bce8c0f01f4d7d299af6,Base,Aerodrome Slipstream,CBBTC/LBTC,0.02,"Коррелир. (ETH/LST, BTC/BTC)",4716563.420684,Авто-ребаланс,0.1,0.11491080232848741,-5.445949741771924,-12.335522532493638,-5.888853823979025,-12.335522532493638,1,0.5133293570500176,130.3293056098746,136.21815943385366,98.9685420338645,17
8453:0x7c7420dd105e2779316423ba3e973f434315efa9,Base,Aerodrome Slipstream,WETH/CBBTC,0.0085,ETH/BTC,2267298.339275,Пассивно,2.5,-11.60888214684743,-12.519239729475101,-1.3498276416956743,-8.492649839339402,-12.519239729475101,0,10.869954083538735,153.94216300695066,162.43481284629007,30.694444444444446,0
8453:0x70acdf2ad0bf2402c957154f944c19ef4e1cbae1,Base,Aerodrome Slipstream,WETH/CBBTC,0.25,ETH/BTC,15783940.117581,Пассивно,5.0,-7.9827422142646505,-12.79813498330725,0.990272003699268,-6.596868397957544,-12.79813498330725,1,5.406384204920306,156.1853325376395,162.78220093559707,70.80295387691933,0
42161:0x2f5e87c9312fa29aed5c179e456625d79015299c,Arbitrum,Uniswap v3,WBTC/WETH,0.05,ETH/BTC,36435974.017664,Пассивно,5.0,-1.5595562816274227,-12.894045065458752,10.636101895246311,-1.2724998172799544,-12.894045065458752,1,10.858582382873081,161.71902627903341,162.9915260963134,72.61122360449548,0
8453:0x8bb9eaf3c5a906d20c4cc10ea2f73a3ac2d5d41a,Base,Aerodrome Slipstream,CBETH/CBBTC,0.033,ETH/BTC,1202439.932522,Пассивно,2.5,-11.24191849290326,-12.951620103786835,-3.620013268461395,-9.271183955050496,-12.951620103786835,0,11.422052407624411,151.84932384819587,161.12050780324634,28.58674767310069,0
42161:0x4bfc22a4da7f31f8a912a79a7e44a822398b4390,Arbitrum,Pancake v3,WBTC/WETH,0.01,ETH/BTC,1222600.001321,"Комиссии + фарм наград, пассивно",5.0,-4.375286873171599,-13.081589180688313,11.546944808848524,-1.9699770816704627,-13.081589180688313,1,10.147459987197097,161.01718687182407,162.98716395349456,73.46617031483764,0
42161:0x4bfc22a4da7f31f8a912a79a7e44a822398b4390,Arbitrum,Pancake v3,WBTC/WETH,0.01,ETH/BTC,1222600.001321,Пассивно,5.0,-6.48348361552825,-14.43071655912406,9.536742533994367,-3.792485880219314,-14.43071655912406,1,8.32495118864829,159.1946780732752,162.98716395349456,73.46617031483764,0
8453:0xb07d7eece8866e549601af5c7622d8cdbedc914e,Base,Aerodrome Slipstream,EURC/CBBTC,0.05,Голубая фишка/стейбл,360550.369394,Авто-ребаланс,10.0,61.60089562700279,-14.931938270441325,24.55002932815717,23.739662228239546,-14.931938270441325,2,60.45187876876146,95.17502439886447,71.43536217062493,99.85710595149675,3
42161:0x149e36e72726e0bcea5c59d40df2c43f60f5a22d,Arbitrum,Uniswap v3,WBTC/WETH,0.3,ETH/BTC,836790.451023,Пассивно,5.0,-11.573261068295784,-15.082044763025879,14.04068493770006,-4.2048736312072,-15.082044763025879,1,7.755565907292583,154.45043161659075,158.6553052477979,67.50276093809873,0
42161:0x03df2300e83353309c1069ae3ea89c31b361a009f9c36a1de5c8f0afcc45bde8,Arbitrum,Uniswap v4,ETH/USDC,0.3499,Голубая фишка/стейбл,3237764.513506,Авто-ребаланс,10.0,92.94418751958997,-15.890844472063916,22.68335223514073,33.245565094222265,-15.890844472063916,2,89.09337276588427,128.36529117938272,95.11972608516045,99.80974235091247,4
8453:0x8c7080564b5a792a33ef2fd473fba6364d5495e5,Base,Uniswap v3,WETH/CBBTC,0.3,ETH/BTC,11649702.280637,Пассивно,2.5,-10.723497915199308,-17.07062243613931,-4.314499401868051,-10.70287325106889,-17.07062243613931,0,8.394751915933892,153.7969625938485,164.49983584491738,25.370478602506658,0
8453:0x42d4a22cad0f5a49681a5715ce994af73a43b76b,Base,Aerodrome Slipstream,WETH/CBBTC,0.05,ETH/BTC,9383565.027211,"Стейк AERO, пассивно",2.5,-17.71479663797699,-16.64864869475143,-4.484483221197076,-12.949309517975164,-17.71479663797699,0,6.2407638455795755,149.65629505004657,162.6056045680217,30.74074074074074,0
42161:0x8b3781471ab98774c59775df9cc505ce20b36afffd297aef2dc17daafce3b140,Arbitrum,Uniswap v4,ETH/WBTC,0.0625,ETH/BTC,1296036.003108,Пассивно,2.5,-7.227947664263174,-17.750924068323815,-1.958651134182889,-8.979174288923293,-17.750924068323815,0,10.30460961726554,153.5107800671156,162.4899543560389,31.51678557624316,0
8453:0x70acdf2ad0bf2402c957154f944c19ef4e1cbae1,Base,Aerodrome Slipstream,WETH/CBBTC,0.25,ETH/BTC,15783940.117581,"Стейк AERO, пассивно",2.5,-17.81673187361901,-16.29811794645592,-6.29413202522575,-13.469660615100226,-17.81673187361901,0,5.541239673014081,149.3125403204969,162.78220093559713,28.562194439757455,0
8453:0x42d4a22cad0f5a49681a5715ce994af73a43b76b,Base,Aerodrome Slipstream,WETH/CBBTC,0.05,ETH/BTC,9383565.027211,Пассивно,2.5,-16.306368077733353,-18.385893277307037,-4.793700553623976,-13.161987302888122,-18.385893277307037,0,6.028086060666578,149.44361726513358,162.6056045680217,30.74074074074074,0
8453:0xb07d7eece8866e549601af5c7622d8cdbedc914e,Base,Aerodrome Slipstream,EURC/CBBTC,0.05,Голубая фишка/стейбл,360550.369394,Авто-ребаланс,15.0,43.220014423355245,-19.098840005551335,12.774785037493796,12.298653151765903,-19.098840005551335,2,42.583946559078974,83.73401532239104,71.43536217062515,99.95183044315992,1
42161:0x2f5e87c9312fa29aed5c179e456625d79015299c,Arbitrum,Uniswap v3,WBTC/WETH,0.05,ETH/BTC,36435974.017664,Пассивно,2.5,-12.763441466630935,-20.006439569945176,-0.9264771907103688,-11.232119409095493,-20.006439569945176,0,7.575670495230485,151.75940668721782,162.99152609631332,32.35738211506544,0
42161:0x4bfc22a4da7f31f8a912a79a7e44a822398b4390,Arbitrum,Pancake v3,WBTC/WETH,0.01,ETH/BTC,1222600.001321,"Комиссии + фарм наград, пассивно",2.5,-14.710175016094787,-20.162374863148578,1.9231090338046122,-10.983146948479584,-20.162374863148578,1,7.825492490656124,152.00401700501496,162.98716395349456,33.21096674098472,0
42161:0x03df2300e83353309c1069ae3ea89c31b361a009f9c36a1de5c8f0afcc45bde8,Arbitrum,Uniswap v4,ETH/USDC,0.3499,Голубая фишка/стейбл,3237764.513506,Авто-ребаланс,5.0,177.41229148496322,-20.247619785825623,20.76962507203837,59.311432257058655,-20.247619785825623,2,164.54385876254264,154.4311583422192,95.11972608516054,99.42929162193816,12
8453:0x70acdf2ad0bf2402c957154f944c19ef4e1cbae1,Base,Aerodrome Slipstream,WETH/CBBTC,0.25,ETH/BTC,15783940.117581,Пассивно,2.5,-17.77695793640877,-21.296808625534307,-7.327646511802052,-15.467137691248377,-21.296808625534307,0,3.543762596865949,147.31506324434878,162.78220093559713,28.562194439757455,0
8453:0xb07d7eece8866e549601af5c7622d8cdbedc914e,Base,Aerodrome Slipstream,EURC/CBBTC,0.05,Голубая фишка/стейбл,360550.369394,Пассивно,50.0,16.29951912853916,-21.30414075264387,5.0120494213642415,0.002475932419843415,-21.30414075264387,2,16.148597754775214,71.43783810304477,71.43536217062493,100.0,0
8453:0xb07d7eece8866e549601af5c7622d8cdbedc914e,Base,Aerodrome Slipstream,EURC/CBBTC,0.05,Голубая фишка/стейбл,360550.369394,Авто-ребаланс,50.0,16.29951912853916,-21.30414075264387,5.0120494213642415,0.002475932419843415,-21.30414075264387,2,16.148597754775214,71.43783810304477,71.43536217062493,100.0,0
42161:0x4bfc22a4da7f31f8a912a79a7e44a822398b4390,Arbitrum,Pancake v3,WBTC/WETH,0.01,ETH/BTC,1222600.001321,Пассивно,2.5,-16.14224829653764,-22.442368806948735,0.8334137031596432,-12.583734466775578,-22.442368806948735,1,6.224904972360143,150.40342948671895,162.98716395349456,33.21096674098472,0
8453:0x8bb9eaf3c5a906d20c4cc10ea2f73a3ac2d5d41a,Base,Aerodrome Slipstream,CBETH/CBBTC,0.033,ETH/BTC,1202439.932522,Авто-ребаланс,5.0,6.847686428819097,-22.622428441142375,-22.021210207642795,-12.598650739988692,-22.622428441142375,1,28.28815122594782,148.5218570632575,161.1205078032462,99.81370358842217,4
8453:0x7aea2e8a3843516afa07293a10ac8e49906dabd1,Base,Uniswap v3,WETH/CBBTC,0.05,ETH/BTC,14498572.359732,Авто-ребаланс,2.5,29.10570942607461,-8.886870830323634,-22.948056313061382,-0.9097392391034683,-22.948056313061382,1,71.0945715598529,161.4958716159605,162.405610855064,99.25797020690985,16
8453:0x7aea2e8a3843516afa07293a10ac8e49906dabd1,Base,Uniswap v3,WETH/CBBTC,0.05,ETH/BTC,14498572.359732,Авто-ребаланс,5.0,14.953072224445105,-2.305615378681256,-24.111741053637004,-3.821428069291052,-24.111741053637004,1,37.00778708277049,158.58418278577292,162.405610855064,99.81455707608849,4
42161:0x149e36e72726e0bcea5c59d40df2c43f60f5a22d,Arbitrum,Uniswap v3,WBTC/WETH,0.3,ETH/BTC,836790.451023,Пассивно,2.5,-20.850974755693233,-24.76388236007243,-0.383043325357995,-15.332633480374552,-24.76388236007243,0,3.2199571907334814,143.3226717674231,158.65530524779763,25.68116361501072,0
8453:0xb07d7eece8866e549601af5c7622d8cdbedc914e,Base,Aerodrome Slipstream,EURC/CBBTC,0.05,Голубая фишка/стейбл,360550.369394,"Стейк AERO, пассивно",50.0,13.51736743630913,-24.832946883699574,1.9152972198610314,-3.133427409176471,-24.832946883699574,2,13.012694413178911,68.30193476144845,71.43536217062493,100.0,0
8453:0xb07d7eece8866e549601af5c7622d8cdbedc914e,Base,Aerodrome Slipstream,EURC/CBBTC,0.05,Голубая фишка/стейбл,360550.369394,"Стейк AERO, авто-ребаланс",50.0,13.51736743630913,-24.832946883699574,1.9152972198610314,-3.133427409176471,-24.832946883699574,2,13.012694413178911,68.30193476144845,71.43536217062493,100.0,0
42161:0xf3eb87c1f6020982173c908e7eb31aa66c1f0296,Arbitrum,Sushi v3,WETH/USDC,0.05,Голубая фишка/стейбл,368038.72732,Авто-ребаланс,10.0,29.681121802780396,-25.028325824606913,12.20553195828089,5.619442645484791,-25.028325824606913,2,60.30812454289289,100.5810515822133,94.96160893672852,99.79492514329723,4
8453:0xb07d7eece8866e549601af5c7622d8cdbedc914e,Base,Aerodrome Slipstream,EURC/CBBTC,0.05,Голубая фишка/стейбл,360550.369394,"Стейк AERO, авто-ребаланс",10.0,51.1502405252585,-27.578622898608746,12.880789433044995,12.150802353231585,-27.578622898608746,2,48.86301889375352,83.5861645238565,71.43536217062493,99.85710595149675,3
8453:0xb07d7eece8866e549601af5c7622d8cdbedc914e,Base,Aerodrome Slipstream,EURC/CBBTC,0.05,Голубая фишка/стейбл,360550.369394,"Стейк AERO, авто-ребаланс",15.0,35.86952106867079,-28.036134125586138,4.539883121701011,4.124423354928555,-28.036134125586138,2,34.40971676224162,75.55978552555369,71.43536217062515,99.95183044315992,1
8453:0x7c7420dd105e2779316423ba3e973f434315efa9,Base,Aerodrome Slipstream,WETH/CBBTC,0.0085,ETH/BTC,2267298.339275,Авто-ребаланс,5.0,0.9573298484657244,-28.123647086133154,-27.091116685645904,-18.08581130777111,-28.123647086133154,1,22.41366750191652,144.34900153851893,162.43481284629007,99.81481481481482,4
8453:0x8bb9eaf3c5a906d20c4cc10ea2f73a3ac2d5d41a,Base,Aerodrome Slipstream,CBETH/CBBTC,0.033,ETH/BTC,1202439.932522,"Стейк AERO, авто-ребаланс",10.0,22.35421675716564,-28.838226151789094,20.885210587200426,4.8004003975256575,-28.838226151789094,2,27.808264699199384,165.9209082007721,161.12050780324643,99.95278564683665,1
8453:0x12d76c5c8ec8edffd3c143995b0aa43fe44a6d71eb9113796272909e54b8e078,Base,Uniswap v4,USDC/CBBTC,0.0625,Голубая фишка/стейбл,3371381.514772,Пассивно,50.0,8.748905428331772,-30.26205158657041,2.5486722624403413,-6.321491298599432,-30.26205158657041,2,8.841196722530345,60.887217526303225,67.20870882490266,100.0,0
8453:0x12d76c5c8ec8edffd3c143995b0aa43fe44a6d71eb9113796272909e54b8e078,Base,Uniswap v4,USDC/CBBTC,0.0625,Голубая фишка/стейбл,3371381.514772,Авто-ребаланс,50.0,8.748905428331772,-30.26205158657041,2.5486722624403413,-6.321491298599432,-30.26205158657041,2,8.841196722530345,60.887217526303225,67.20870882490266,100.0,0
8453:0x7aea2e8a3843516afa07293a10ac8e49906dabd1,Base,Uniswap v3,WETH/CBBTC,0.05,ETH/BTC,14498572.359732,Авто-ребаланс,10.0,9.18724720763466,-30.512375754877464,10.74219292812481,-3.5276452063726644,-30.512375754877464,2,19.3860632467525,158.87796564869126,162.4056108550639,99.9535747446611,1
8453:0x3e66e55e97ce60096f74b7c475e8249f2d31a9fb,Base,Aerodrome Slipstream,USDC/CBBTC,0.0346,Голубая фишка/стейбл,7355675.077588,Пассивно,50.0,5.987641554788448,-31.609597568147723,2.0922637073766297,-7.843230768660882,-31.609597568147723,2,7.290185592445509,59.44726642389055,67.29049719255143,100.0,0
8453:0x3e66e55e97ce60096f74b7c475e8249f2d31a9fb,Base,Aerodrome Slipstream,USDC/CBBTC,0.0346,Голубая фишка/стейбл,7355675.077588,Авто-ребаланс,50.0,5.987641554788448,-31.609597568147723,2.0922637073766297,-7.843230768660882,-31.609597568147723,2,7.290185592445509,59.44726642389055,67.29049719255143,100.0,0
8453:0x2fbe93bf7177596c5d04675bdcef7bacaf98bd954dc26829fcda39f122239459,Base,Uniswap v4,ETH/CBBTC,0.0625,ETH/BTC,1981581.017285,Авто-ребаланс,5.0,35.176855137805255,-28.09627581742231,-31.8137175101638,-8.244379396593619,-31.8137175101638,1,33.2362207723593,154.30580958884389,162.55018898543753,99.81481481481482,4
8453:0xb07d7eece8866e549601af5c7622d8cdbedc914e,Base,Aerodrome Slipstream,EURC/CBBTC,0.05,Голубая фишка/стейбл,360550.369394,Пассивно,30.0,24.153323509564157,-31.94657817001758,7.344955269587723,-0.14943313028856706,-31.94657817001758,2,23.95029702257914,71.28592904033643,71.435362170625,100.0,0
8453:0xb07d7eece8866e549601af5c7622d8cdbedc914e,Base,Aerodrome Slipstream,EURC/CBBTC,0.05,Голубая фишка/стейбл,360550.369394,Авто-ребаланс,30.0,24.153323509564157,-31.94657817001758,7.344955269587723,-0.14943313028856706,-31.94657817001758,2,23.95029702257914,71.28592904033643,71.435362170625,100.0,0
8453:0x3e66e55e97ce60096f74b7c475e8249f2d31a9fb,Base,Aerodrome Slipstream,USDC/CBBTC,0.0346,Голубая фишка/стейбл,7355675.077588,"Стейк AERO, пассивно",50.0,7.503065597917303,-32.46313289510352,2.295910753320668,-7.554718847955183,-32.46313289510352,2,7.578697513151192,59.73577834459625,67.29049719255143,100.0,0
8453:0x3e66e55e97ce60096f74b7c475e8249f2d31a9fb,Base,Aerodrome Slipstream,USDC/CBBTC,0.0346,Голубая фишка/стейбл,7355675.077588,"Стейк AERO, авто-ребаланс",50.0,7.503065597917303,-32.46313289510352,2.295910753320668,-7.554718847955183,-32.46313289510352,2,7.578697513151192,59.73577834459625,67.29049719255143,100.0,0
8453:0xb94b22332abf5f89877a14cc88f2abc48c34b3df,Base,Pancake v3,USDC/CBBTC,0.01,Голубая фишка/стейбл,1762252.850586,"Комиссии + фарм наград, пассивно",50.0,5.928042106933832,-32.544548064625324,1.4733281063910058,-8.38105928376683,-32.544548064625324,2,6.732568384299699,58.90450252268729,67.28556180645413,100.0,0
8453:0xf97db19953c4309b3af2ceb9cce172939e8868321a24656667d44cccb31c9ddc,Base,Uniswap v4,USDC/CBBTC,0.1762,Голубая фишка/стейбл,1318687.924526,Пассивно,50.0,5.70857486969476,-32.907160383502884,-0.9493834686134566,-9.38265632747386,-32.907160383502884,1,5.689639343667214,58.16834560452706,67.55100193200091,100.0,0
8453:0xf97db19953c4309b3af2ceb9cce172939e8868321a24656667d44cccb31c9ddc,Base,Uniswap v4,USDC/CBBTC,0.1762,Голубая фишка/стейбл,1318687.924526,Авто-ребаланс,50.0,5.70857486969476,-32.907160383502884,-0.9493834686134566,-9.38265632747386,-32.907160383502884,1,5.689639343667214,58.16834560452706,67.55100193200091,100.0,0
8453:0x7c7420dd105e2779316423ba3e973f434315efa9,Base,Aerodrome Slipstream,WETH/CBBTC,0.0085,ETH/BTC,2267298.339275,"Стейк AERO, авто-ребаланс",5.0,5.84193524805545,-33.09260387820221,-30.08258754020392,-19.111085390116894,-33.09260387820221,1,21.388393419570694,143.32372745617317,162.43481284629007,99.81481481481482,4
8453:0xc211e1f853a898bd1302385ccde55f33a8c4b3f3,Base,Pancake v3,WETH/CBBTC,0.01,ETH/BTC,6112991.420759,Авто-ребаланс,5.0,8.347767812436413,-29.383192113522092,-33.46545804766646,-18.16696078291738,-33.46545804766646,1,22.34946972568479,144.2345979443662,162.40155872728357,99.81475042497296,4
42161:0x70bf44c3a9b6b047bf60e5a05968225dbf3d6a5b9e8a95a73727e48921e889c1,Arbitrum,Uniswap v4,WBTC/USDC,0.3499,Голубая фишка/стейбл,328691.173448,Пассивно,50.0,3.0806146658031377,-33.55781095537771,-1.1648008550823519,-10.547332381552309,-33.55781095537771,1,4.279026274218534,57.59073576641597,68.13806814796827,100.0,0
42161:0x70bf44c3a9b6b047bf60e5a05968225dbf3d6a5b9e8a95a73727e48921e889c1,Arbitrum,Uniswap v4,WBTC/USDC,0.3499,Голубая фишка/стейбл,328691.173448,Авто-ребаланс,50.0,3.0806146658031377,-33.55781095537771,-1.1648008550823519,-10.547332381552309,-33.55781095537771,1,4.279026274218534,57.59073576641597,68.13806814796827,100.0,0
42161:0x5969efdde3cf5c0d9a88ae51e47d721096a97203,Arbitrum,Uniswap v3,WBTC/USD₮0,0.05,Голубая фишка/стейбл,4164592.373085,Пассивно,50.0,5.609487251740626,-33.77085980962095,0.1379291192332645,-9.341147812882353,-33.77085980962095,2,5.718311996503434,58.42716967513232,67.76831748801467,100.0,0
42161:0x5969efdde3cf5c0d9a88ae51e47d721096a97203,Arbitrum,Uniswap v3,WBTC/USD₮0,0.05,Голубая фишка/стейбл,4164592.373085,Авто-ребаланс,50.0,5.609487251740626,-33.77085980962095,0.1379291192332645,-9.341147812882353,-33.77085980962095,2,5.718311996503434,58.42716967513232,67.76831748801467,100.0,0
8453:0xe070797535b13431808f8fc81fdbe7b41362960ed0b55bc2b6117c49c51b7eb9,Base,Uniswap v4,ETH/USDC,0.3499,Голубая фишка/стейбл,4569506.258214,Авто-ребаланс,10.0,56.99999641724837,-33.95685824639284,31.21149881635834,18.084878995737956,-33.95685824639284,2,80.13997588005226,113.32376283772389,95.23888384198594,99.81342393896043,4
8453:0xfbb6eed8e7aa03b138556eedaf5d271a5e1e43ef,Base,Uniswap v3,USDC/CBBTC,0.05,Голубая фишка/стейбл,8506440.807863,Пассивно,50.0,4.741966173987142,-34.221976584084615,0.9745760825617799,-9.501811442511897,-34.221976584084615,2,5.6639257277078405,57.73965737956916,67.24146882208106,100.0,0
8453:0xfbb6eed8e7aa03b138556eedaf5d271a5e1e43ef,Base,Uniswap v3,USDC/CBBTC,0.05,Голубая фишка/стейбл,8506440.807863,Авто-ребаланс,50.0,4.741966173987142,-34.221976584084615,0.9745760825617799,-9.501811442511897,-34.221976584084615,2,5.6639257277078405,57.73965737956916,67.24146882208106,100.0,0
8453:0xec558e484cc9f2210714e345298fdc53b253c27d,Base,Uniswap v3,USDC/CBBTC,0.3,Голубая фишка/стейбл,1791948.233748,Пассивно,50.0,2.501399613567322,-34.69111143451668,0.5787180353841646,-10.53699792852173,-34.69111143451668,2,4.551253624475542,57.73654090950414,68.27353883802587,100.0,0
8453:0xec558e484cc9f2210714e345298fdc53b253c27d,Base,Uniswap v3,USDC/CBBTC,0.3,Голубая фишка/стейбл,1791948.233748,Авто-ребаланс,50.0,2.501399613567322,-34.69111143451668,0.5787180353841646,-10.53699792852173,-34.69111143451668,2,4.551253624475542,57.73654090950414,68.27353883802587,100.0,0
42161:0x80c735c5a0222241f211b3edb8df2ccefad94553ec18f1c29143f0399c78f500,Arbitrum,Uniswap v4,WBTC/USDC,0.0625,Голубая фишка/стейбл,3536486.871302,Пассивно,50.0,2.316735832291388,-34.91911035747866,1.0846870380491507,-10.50589582904604,-34.91911035747866,2,4.5502016097403875,56.83019547284334,67.3360913018894,100.0,0
42161:0x80c735c5a0222241f211b3edb8df2ccefad94553ec18f1c29143f0399c78f500,Arbitrum,Uniswap v4,WBTC/USDC,0.0625,Голубая фишка/стейбл,3536486.871302,Авто-ребаланс,50.0,2.316735832291388,-34.91911035747866,1.0846870380491507,-10.50589582904604,-34.91911035747866,2,4.5502016097403875,56.83019547284334,67.3360913018894,100.0,0
42161:0x864abca0a6202dba5b8868772308da953ff125b0f95015adbf89aaf579e903a8,Arbitrum,Uniswap v4,ETH/USDC,0.0625,Голубая фишка/стейбл,7143372.960387,Авто-ребаланс,20.0,10.182393041191531,-35.33224200821311,2.844439838463149,-7.435136376186143,-35.33224200821311,2,29.185464863245077,87.61763668766656,95.05277306385271,99.9535747446611,1
8453:0x8c7080564b5a792a33ef2fd473fba6364d5495e5,Base,Uniswap v3,WETH/CBBTC,0.3,ETH/BTC,11649702.280637,Авто-ребаланс,5.0,8.910306256186274,-24.532412336082345,-35.36742478090951,-16.996510286935195,-35.36742478090951,1,26.666400723729005,147.50332555798204,164.49983584491724,99.7918696019222,4
42161:0x0e4831319a50228b9e450861297ab92dee15b44f,Arbitrum,Uniswap v3,WBTC/USDC,0.05,Голубая фишка/стейбл,8037861.079307,Пассивно,50.0,4.012861614728135,-35.52632792064386,0.5866610395954649,-10.308935088773419,-35.52632792064386,2,4.755418740213904,57.051103099015734,67.36003818778914,100.0,0
42161:0x0e4831319a50228b9e450861297ab92dee15b44f,Arbitrum,Uniswap v3,WBTC/USDC,0.05,Голубая фишка/стейбл,8037861.079307,Авто-ребаланс,50.0,4.012861614728135,-35.52632792064386,0.5866610395954649,-10.308935088773419,-35.52632792064386,2,4.755418740213904,57.051103099015734,67.36003818778914,100.0,0
42161:0x843ac8dc6d34aeb07a56812b8b36429ee46bdd07,Arbitrum,Pancake v3,WBTC/USDC,0.05,Голубая фишка/стейбл,406657.816518,"Комиссии + фарм наград, пассивно",50.0,5.077909250671024,-35.944251698827046,-1.165174096475063,-10.677172181543694,-35.944251698827046,1,4.51502455345555,57.26315071197282,67.94032289351651,100.0,0
8453:0xb94b22332abf5f89877a14cc88f2abc48c34b3df,Base,Pancake v3,USDC/CBBTC,0.01,Голубая фишка/стейбл,1762252.850586,Пассивно,50.0,2.343887968576961,-36.08466355946018,-1.7205306743410833,-11.820435421741434,-36.08466355946018,1,3.2931922463250887,55.46512638471269,67.28556180645413,100.0,0
8453:0xb94b22332abf5f89877a14cc88f2abc48c34b3df,Base,Pancake v3,USDC/CBBTC,0.01,Голубая фишка/стейбл,1762252.850586,Авто-ребаланс,50.0,2.343887968576961,-36.08466355946018,-1.7205306743410833,-11.820435421741434,-36.08466355946018,1,3.2931922463250887,55.46512638471269,67.28556180645413,100.0,0
8453:0x160d7e9d948b16c163332a277b393c288408eb12,Base,Aerodrome Slipstream,USDC/CBBTC,0.0218,Голубая фишка/стейбл,5221477.505015,"Стейк AERO, пассивно",50.0,3.454090411919836,-36.35479090233245,-1.3551945188356906,-11.418631669749434,-36.35479090233245,1,3.704973107242847,55.905797595741944,67.32442926549137,100.0,0
8453:0x160d7e9d948b16c163332a277b393c288408eb12,Base,Aerodrome Slipstream,USDC/CBBTC,0.0218,Голубая фишка/стейбл,5221477.505015,"Стейк AERO, авто-ребаланс",50.0,3.454090411919836,-36.35479090233245,-1.3551945188356906,-11.418631669749434,-36.35479090233245,1,3.704973107242847,55.905797595741944,67.32442926549137,100.0,0
8453:0x160d7e9d948b16c163332a277b393c288408eb12,Base,Aerodrome Slipstream,USDC/CBBTC,0.0218,Голубая фишка/стейбл,5221477.505015,Пассивно,50.0,2.996678214376137,-36.50780124229364,-1.6014046402019144,-11.704175889373138,-36.50780124229364,1,3.419428887619181,55.620253376118235,67.32442926549137,100.0,0
8453:0x160d7e9d948b16c163332a277b393c288408eb12,Base,Aerodrome Slipstream,USDC/CBBTC,0.0218,Голубая фишка/стейбл,5221477.505015,Авто-ребаланс,50.0,2.996678214376137,-36.50780124229364,-1.6014046402019144,-11.704175889373138,-36.50780124229364,1,3.419428887619181,55.620253376118235,67.32442926549137,100.0,0
8453:0x4e962bb3889bf030368f56810a9c96b83cb3e778,Base,Aerodrome Slipstream,USDC/CBBTC,0.0532,Голубая фишка/стейбл,6040393.319163,"Стейк AERO, пассивно",50.0,3.2191331046124954,-36.61279623947078,-1.526968405768936,-11.640210513542408,-36.61279623947078,1,3.4822232998211873,55.661083081161095,67.3012935947035,100.0,0
8453:0x4e962bb3889bf030368f56810a9c96b83cb3e778,Base,Aerodrome Slipstream,USDC/CBBTC,0.0532,Голубая фишка/стейбл,6040393.319163,"Стейк AERO, авто-ребаланс",50.0,3.2191331046124954,-36.61279623947078,-1.526968405768936,-11.640210513542408,-36.61279623947078,1,3.4822232998211873,55.661083081161095,67.3012935947035,100.0,0
8453:0xfbb6eed8e7aa03b138556eedaf5d271a5e1e43ef,Base,Uniswap v3,USDC/CBBTC,0.05,Голубая фишка/стейбл,8506440.807863,Авто-ребаланс,5.0,2.387380334311532,-36.72818540168051,-21.495700133968995,-18.61216840044599,-36.72818540168051,1,41.58150928421224,48.629300421635065,67.24146882208106,99.58333333333333,9
8453:0x4e962bb3889bf030368f56810a9c96b83cb3e778,Base,Aerodrome Slipstream,USDC/CBBTC,0.0532,Голубая фишка/стейбл,6040393.319163,Пассивно,50.0,2.8619565416726407,-36.81117601671796,-1.479017064092556,-11.809412179712625,-36.81117601671796,1,3.3130216336509157,55.49188141499088,67.3012935947035,100.0,0
8453:0x4e962bb3889bf030368f56810a9c96b83cb3e778,Base,Aerodrome Slipstream,USDC/CBBTC,0.0532,Голубая фишка/стейбл,6040393.319163,Авто-ребаланс,50.0,2.8619565416726407,-36.81117601671796,-1.479017064092556,-11.809412179712625,-36.81117601671796,1,3.3130216336509157,55.49188141499088,67.3012935947035,100.0,0
8453:0xe070797535b13431808f8fc81fdbe7b41362960ed0b55bc2b6117c49c51b7eb9,Base,Uniswap v4,ETH/USDC,0.3499,Голубая фишка/стейбл,4569506.258214,Пассивно,50.0,19.261817953585638,-36.8590999785448,7.667577411130226,-3.3099015379429777,-36.8590999785448,2,21.04624539043838,91.92898230404288,95.23888384198585,100.0,0
8453:0xe070797535b13431808f8fc81fdbe7b41362960ed0b55bc2b6117c49c51b7eb9,Base,Uniswap v4,ETH/USDC,0.3499,Голубая фишка/стейбл,4569506.258214,Авто-ребаланс,50.0,19.261817953585638,-36.8590999785448,7.667577411130226,-3.3099015379429777,-36.8590999785448,2,21.04624539043838,91.92898230404288,95.23888384198585,100.0,0
42161:0x03df2300e83353309c1069ae3ea89c31b361a009f9c36a1de5c8f0afcc45bde8,Arbitrum,Uniswap v4,ETH/USDC,0.3499,Голубая фишка/стейбл,3237764.513506,Пассивно,50.0,28.942908098174392,-36.96215071039928,5.6113672315237455,-0.8026251269003802,-36.96215071039928,2,23.502741263342223,94.31710095826007,95.11972608516045,100.0,0
42161:0x03df2300e83353309c1069ae3ea89c31b361a009f9c36a1de5c8f0afcc45bde8,Arbitrum,Uniswap v4,ETH/USDC,0.3499,Голубая фишка/стейбл,3237764.513506,Авто-ребаланс,50.0,28.942908098174392,-36.96215071039928,5.6113672315237455,-0.8026251269003802,-36.96215071039928,2,23.502741263342223,94.31710095826007,95.11972608516045,100.0,0
8453:0xb07d7eece8866e549601af5c7622d8cdbedc914e,Base,Aerodrome Slipstream,EURC/CBBTC,0.05,Голубая фишка/стейбл,360550.369394,"Стейк AERO, пассивно",30.0,20.03497005741847,-37.17780159584183,2.752223415236319,-4.79686937439568,-37.17780159584183,2,19.302860778471977,66.63849279622931,71.435362170625,100.0,0
8453:0xb07d7eece8866e549601af5c7622d8cdbedc914e,Base,Aerodrome Slipstream,EURC/CBBTC,0.05,Голубая фишка/стейбл,360550.369394,"Стейк AERO, авто-ребаланс",30.0,20.03497005741847,-37.17780159584183,2.752223415236319,-4.79686937439568,-37.17780159584183,2,19.302860778471977,66.63849279622931,71.435362170625,100.0,0
42161:0x843ac8dc6d34aeb07a56812b8b36429ee46bdd07,Arbitrum,Pancake v3,WBTC/USDC,0.05,Голубая фишка/стейбл,406657.816518,Пассивно,50.0,3.578345094496608,-37.2244046651765,-2.532341701080804,-12.0594670905869,-37.2244046651765,1,3.1327296444123442,55.88085580292962,67.94032289351651,100.0,0
42161:0x843ac8dc6d34aeb07a56812b8b36429ee46bdd07,Arbitrum,Pancake v3,WBTC/USDC,0.05,Голубая фишка/стейбл,406657.816518,Авто-ребаланс,50.0,3.578345094496608,-37.2244046651765,-2.532341701080804,-12.0594670905869,-37.2244046651765,1,3.1327296444123442,55.88085580292962,67.94032289351651,100.0,0
8453:0x9785ef59e2b499fb741674ecf6faf912df7b3c1b,Base,Aerodrome Slipstream,WETH/USDT,0.0445,Голубая фишка/стейбл,2460467.75359,Авто-ребаланс,5.0,49.20374954045181,-23.970197471136704,-37.290250302187154,-4.018899410957349,-37.290250302187154,1,76.36987913652287,91.0812885534312,95.10018796438855,99.4904831813733,11
42161:0x2f5e87c9312fa29aed5c179e456625d79015299c,Arbitrum,Uniswap v3,WBTC/WETH,0.05,ETH/BTC,36435974.017664,Авто-ребаланс,10.0,2.0720732011962353,-37.37228673896618,6.493955839528992,-9.602085899413652,-37.37228673896618,2,9.646153512848837,153.3894401968997,162.99152609631332,99.9471737982039,1
8453:0xb07d7eece8866e549601af5c7622d8cdbedc914e,Base,Aerodrome Slipstream,EURC/CBBTC,0.05,Голубая фишка/стейбл,360550.369394,Авто-ребаланс,20.0,33.77799100252679,-37.49761757497208,10.128120870921116,2.1361647661586076,-37.49761757497208,2,33.147299447069415,73.5715269367836,71.435362170625,99.95183044315992,1
42161:0x864abca0a6202dba5b8868772308da953ff125b0f95015adbf89aaf579e903a8,Arbitrum,Uniswap v4,ETH/USDC,0.0625,Голубая фишка/стейбл,7143372.960387,Пассивно,50.0,4.863388131676586,-37.992096793141656,1.3598488321495612,-10.58961994310517,-37.992096793141656,2,14.215692207028003,84.46315312074769,95.05277306385285,100.0,0
42161:0x864abca0a6202dba5b8868772308da953ff125b0f95015adbf89aaf579e903a8,Arbitrum,Uniswap v4,ETH/USDC,0.0625,Голубая фишка/стейбл,7143372.960387,Авто-ребаланс,50.0,4.863388131676586,-37.992096793141656,1.3598488321495612,-10.58961994310517,-37.992096793141656,2,14.215692207028003,84.46315312074769,95.05277306385285,100.0,0
42161:0x5969efdde3cf5c0d9a88ae51e47d721096a97203,Arbitrum,Uniswap v3,WBTC/USD₮0,0.05,Голубая фишка/стейбл,4164592.373085,Авто-ребаланс,5.0,10.717774352857443,-38.45633398113943,-24.86701815683294,-17.53519259503831,-38.45633398113943,1,41.93787497051947,50.23312489297673,67.76831748801504,99.5520758364017,9
8453:0xe070797535b13431808f8fc81fdbe7b41362960ed0b55bc2b6117c49c51b7eb9,Base,Uniswap v4,ETH/USDC,0.3499,Голубая фишка/стейбл,4569506.258214,Авто-ребаланс,20.0,40.40893186123056,-38.9443816630405,16.093464885860403,5.852671694683488,-38.9443816630405,2,43.5842066296951,101.0915555366694,95.23888384198594,99.95370370370371,1
42161:0x864abca0a6202dba5b8868772308da953ff125b0f95015adbf89aaf579e903a8,Arbitrum,Uniswap v4,ETH/USDC,0.0625,Голубая фишка/стейбл,7143372.960387,Авто-ребаланс,15.0,13.10138004523138,-39.42638368965339,3.6579079240488435,-7.555698573457723,-39.42638368965339,2,37.43870905340875,87.49707449039506,95.05277306385278,99.9535747446611,1
42161:0xf3eb87c1f6020982173c908e7eb31aa66c1f0296,Arbitrum,Sushi v3,WETH/USDC,0.05,Голубая фишка/стейбл,368038.72732,Пассивно,50.0,14.719082263652455,-39.54719131404913,4.769426636270136,-6.6862274713755125,-39.54719131404913,2,18.062488758655128,88.27538146535315,94.96160893672868,100.0,0
42161:0xf3eb87c1f6020982173c908e7eb31aa66c1f0296,Arbitrum,Sushi v3,WETH/USDC,0.05,Голубая фишка/стейбл,368038.72732,Авто-ребаланс,50.0,14.719082263652455,-39.54719131404913,4.769426636270136,-6.6862274713755125,-39.54719131404913,2,18.062488758655128,88.27538146535315,94.96160893672868,100.0,0
8453:0xb24f7fcd75c3a001b74be4c60f181c024154c4d7c33097777e3950979042b073,Base,Uniswap v4,TBTC/USDC,0.3499,Голубая фишка/стейбл,726649.624081,Пассивно,50.0,-0.4053311527162289,-39.72155711494392,-1.3376668982861337,-13.82151838864876,-39.72155711494392,0,1.3265366044368296,54.06340272658193,67.88492111523068,100.0,0
8453:0xb24f7fcd75c3a001b74be4c60f181c024154c4d7c33097777e3950979042b073,Base,Uniswap v4,TBTC/USDC,0.3499,Голубая фишка/стейбл,726649.624081,Авто-ребаланс,50.0,-0.4053311527162289,-39.72155711494392,-1.3376668982861337,-13.82151838864876,-39.72155711494392,0,1.3265366044368296,54.06340272658193,67.88492111523068,100.0,0
42161:0xf3eb87c1f6020982173c908e7eb31aa66c1f0296,Arbitrum,Sushi v3,WETH/USDC,0.05,Голубая фишка/стейбл,368038.72732,Авто-ребаланс,20.0,28.801377956807382,-40.21563300853377,8.9222957101908,-0.8306531138451962,-40.21563300853377,2,35.37300149123838,94.13095582288348,94.96160893672867,99.945085118067,1
42161:0x4bfc22a4da7f31f8a912a79a7e44a822398b4390,Arbitrum,Pancake v3,WBTC/WETH,0.01,ETH/BTC,1222600.001321,Авто-ребаланс,10.0,-2.002362527128234,-40.36457116624247,5.569135424291708,-12.265932756359666,-40.36457116624247,1,6.621994253088452,150.72123119713487,162.98716395349453,99.94783515910277,1
42161:0x03df2300e83353309c1069ae3ea89c31b361a009f9c36a1de5c8f0afcc45bde8,Arbitrum,Uniswap v4,ETH/USDC,0.3499,Голубая фишка/стейбл,3237764.513506,Авто-ребаланс,20.0,60.3794361035982,-40.43602478727265,11.717627677002975,10.553679664442843,-40.43602478727265,2,48.609446467526006,105.67340574960329,95.11972608516045,99.9535747446611,1
8453:0x8bb9eaf3c5a906d20c4cc10ea2f73a3ac2d5d41a,Base,Aerodrome Slipstream,CBETH/CBBTC,0.033,ETH/BTC,1202439.932522,Авто-ребаланс,10.0,4.3268998833984424,-40.72100682102783,12.136385539682758,-8.085907132648876,-40.72100682102783,2,14.921957169024857,153.03460067059757,161.12050780324643,99.95278564683665,1
8453:0x42d4a22cad0f5a49681a5715ce994af73a43b76b,Base,Aerodrome Slipstream,WETH/CBBTC,0.05,ETH/BTC,9383565.027211,"Стейк AERO, авто-ребаланс",5.0,-6.332684455795003,-41.53134068818519,-40.85338298501601,-29.57246937633207,-41.53134068818519,0,9.957431843192593,133.03313519168967,162.6056045680217,99.81481481481482,4
8453:0x42d4a22cad0f5a49681a5715ce994af73a43b76b,Base,Aerodrome Slipstream,WETH/CBBTC,0.05,ETH/BTC,9383565.027211,Авто-ребаланс,5.0,-4.4657657288267085,-39.16930082425649,-41.69872108533358,-28.44459587947226,-41.69872108533358,0,11.085305340052367,134.16100868854946,162.6056045680217,99.81481481481482,4
8453:0x12d76c5c8ec8edffd3c143995b0aa43fe44a6d71eb9113796272909e54b8e078,Base,Uniswap v4,USDC/CBBTC,0.0625,Голубая фишка/стейбл,3371381.514772,Авто-ребаланс,10.0,34.37247214407684,-41.88030910975489,9.950136613247835,0.8140998825232609,-41.88030910975489,2,34.10911350503042,68.02280870742598,67.20870882490274,99.9074074074074,2
42161:0x03df2300e83353309c1069ae3ea89c31b361a009f9c36a1de5c8f0afcc45bde8,Arbitrum,Uniswap v4,ETH/USDC,0.3499,Голубая фишка/стейбл,3237764.513506,Авто-ребаланс,15.0,77.53573298794846,-42.06632218576961,15.054678439356092,16.84136308051165,-42.06632218576961,2,62.36455217406094,111.96108916567216,95.11972608516054,99.9535747446611,1
42161:0xf3eb87c1f6020982173c908e7eb31aa66c1f0296,Arbitrum,Sushi v3,WETH/USDC,0.05,Голубая фишка/стейбл,368038.72732,Авто-ребаланс,15.0,35.742205270786954,-42.18868085683178,10.765782190099896,1.4397688680183567,-42.18868085683178,2,44.35190790376143,96.40137780474689,94.96160893672851,99.945085118067,1
8453:0x12d76c5c8ec8edffd3c143995b0aa43fe44a6d71eb9113796272909e54b8e078,Base,Uniswap v4,USDC/CBBTC,0.0625,Голубая фишка/стейбл,3371381.514772,Авто-ребаланс,15.0,23.735522048188056,-42.23025659537395,6.889060892341559,-3.8685578849481126,-42.23025659537395,2,23.68478146754528,63.34015093995433,67.20870882490244,99.95370370370371,1
8453:0x7c7420dd105e2779316423ba3e973f434315efa9,Base,Aerodrome Slipstream,WETH/CBBTC,0.0085,ETH/BTC,2267298.339275,Авто-ребаланс,10.0,1.6814617738630657,-42.95923275230969,8.852318208289422,-10.808484256719067,-42.95923275230969,2,11.784607904274182,151.6263285895708,162.43481284628984,99.95370370370371,1
8453:0x9785ef59e2b499fb741674ecf6faf912df7b3c1b,Base,Aerodrome Slipstream,WETH/USDT,0.0445,Голубая фишка/стейбл,2460467.75359,Авто-ребаланс,10.0,21.120607800590534,-43.457377060956986,-14.849842035116525,-12.395537098494327,-43.457377060956986,1,40.65477961254801,82.70465086589407,95.1001879643884,99.8146860351311,4
8453:0xc211e1f853a898bd1302385ccde55f33a8c4b3f3,Base,Pancake v3,WETH/CBBTC,0.01,ETH/BTC,6112991.420759,Авто-ребаланс,10.0,5.558955490949763,-43.64793153573634,5.44122887629057,-10.882582389498669,-43.64793153573634,2,11.723972719160711,151.51897633778475,162.40155872728343,99.95363931386184,1
8453:0x2fbe93bf7177596c5d04675bdcef7bacaf98bd954dc26829fcda39f122239459,Base,Uniswap v4,ETH/CBBTC,0.0625,ETH/BTC,1981581.017285,Авто-ребаланс,10.0,20.097941668680832,-44.2511081584242,7.4779433795286305,-5.558407703404913,-44.2511081584242,2,17.507575016334286,156.9917812820328,162.55018898543773,99.95370370370371,1
8453:0xb07d7eece8866e549601af5c7622d8cdbedc914e,Base,Aerodrome Slipstream,EURC/CBBTC,0.05,Голубая фишка/стейбл,360550.369394,"Стейк AERO, авто-ребаланс",20.0,28.026007396859665,-44.35530608727686,3.6986976079111473,-4.210200360835349,-44.35530608727686,2,26.800934320075402,67.22516180978964,71.435362170625,99.95183044315992,1
8453:0x12d76c5c8ec8edffd3c143995b0aa43fe44a6d71eb9113796272909e54b8e078,Base,Uniswap v4,USDC/CBBTC,0.0625,Голубая фишка/стейбл,3371381.514772,Пассивно,30.0,13.05064598220913,-45.17859804661341,3.797822290204937,-9.443376591399781,-45.17859804661341,2,13.188478520420398,57.765332233502654,67.20870882490243,100.0,0
8453:0x12d76c5c8ec8edffd3c143995b0aa43fe44a6d71eb9113796272909e54b8e078,Base,Uniswap v4,USDC/CBBTC,0.0625,Голубая фишка/стейбл,3371381.514772,Авто-ребаланс,30.0,13.05064598220913,-45.17859804661341,3.797822290204937,-9.443376591399781,-45.17859804661341,2,13.188478520420398,57.765332233502654,67.20870882490243,100.0,0
8453:0x3e66e55e97ce60096f74b7c475e8249f2d31a9fb,Base,Aerodrome Slipstream,USDC/CBBTC,0.0346,Голубая фишка/стейбл,7355675.077588,Авто-ребаланс,15.0,16.241094159279758,-45.467309681371525,5.661985334629422,-7.8547433958207815,-45.467309681371525,2,19.536148114061564,59.43575379673081,67.29049719255158,99.95318352059925,1
8453:0x7c7420dd105e2779316423ba3e973f434315efa9,Base,Aerodrome Slipstream,WETH/CBBTC,0.0085,ETH/BTC,2267298.339275,"Стейк AERO, авто-ребаланс",10.0,4.256357737968079,-45.538697296370515,7.237227759702678,-11.348370599566586,-45.538697296370515,2,11.244721561426614,151.08644224672327,162.43481284628984,99.95370370370371,1
42161:0x8b3781471ab98774c59775df9cc505ce20b36afffd297aef2dc17daafce3b140,Arbitrum,Uniswap v4,ETH/WBTC,0.0625,ETH/BTC,1296036.003108,Авто-ребаланс,10.0,7.389131731423166,-45.75712832642097,7.68261382986126,-10.22846092171218,-45.75712832642097,2,12.853464855190257,152.26149343432672,162.48995435603894,99.95363931386184,1
8453:0x8c7080564b5a792a33ef2fd473fba6364d5495e5,Base,Uniswap v3,WETH/CBBTC,0.3,ETH/BTC,11649702.280637,Авто-ребаланс,10.0,6.3721917580084,-45.7822760672282,8.78005290224014,-10.210010468993222,-45.7822760672282,2,14.025432789391397,154.289825375924,164.49983584491724,99.94252873563218,1
42161:0x80c735c5a0222241f211b3edb8df2ccefad94553ec18f1c29143f0399c78f500,Arbitrum,Uniswap v4,WBTC/USDC,0.0625,Голубая фишка/стейбл,3536486.871302,Авто-ребаланс,5.0,-14.668275369387404,-45.9972739492967,-9.490658546159723,-23.38540262161461,-45.9972739492967,0,33.25036252435433,43.95068868027471,67.33609130188933,99.58255957907768,9
8453:0x3e66e55e97ce60096f74b7c475e8249f2d31a9fb,Base,Aerodrome Slipstream,USDC/CBBTC,0.0346,Голубая фишка/стейбл,7355675.077588,Авто-ребаланс,10.0,23.516158308723735,-46.608386225354394,8.184626310274028,-4.96920053545221,-46.608386225354394,2,28.116347882113203,62.321296657099225,67.29049719255143,99.90636704119851,2
8453:0xb775272e537cc670c65dc852908ad47015244eaf,Base,Pancake v3,WETH/USDC,0.05,Голубая фишка/стейбл,1219742.77141,"Комиссии + фарм наград, пассивно",50.0,10.707449922129895,-46.72659282176027,3.8243066287706946,-10.73161209028656,-46.72659282176027,2,14.044702887226993,84.40676409910763,95.13837618939418,100.0,0
8453:0x70acdf2ad0bf2402c957154f944c19ef4e1cbae1,Base,Aerodrome Slipstream,WETH/CBBTC,0.25,ETH/BTC,15783940.117581,"Стейк AERO, авто-ребаланс",5.0,-7.965609406511358,-46.125103733412345,-47.07684979617246,-33.72252097869872,-47.07684979617246,0,9.423892703606473,129.05967995689835,162.78220093559707,99.81152161715795,4
8453:0x3e66e55e97ce60096f74b7c475e8249f2d31a9fb,Base,Aerodrome Slipstream,USDC/CBBTC,0.0346,Голубая фишка/стейбл,7355675.077588,Пассивно,30.0,8.931194401604897,-47.18805518125403,3.1187610340290455,-11.712699915206695,-47.18805518125403,2,10.875464264794099,55.57779727734475,67.29049719255143,100.0,0
8453:0x3e66e55e97ce60096f74b7c475e8249f2d31a9fb,Base,Aerodrome Slipstream,USDC/CBBTC,0.0346,Голубая фишка/стейбл,7355675.077588,Авто-ребаланс,30.0,8.931194401604897,-47.18805518125403,3.1187610340290455,-11.712699915206695,-47.18805518125403,2,10.875464264794099,55.57779727734475,67.29049719255143,100.0,0
42161:0x149e36e72726e0bcea5c59d40df2c43f60f5a22d,Arbitrum,Uniswap v3,WBTC/WETH,0.3,ETH/BTC,836790.451023,Авто-ребаланс,10.0,-4.485431337165801,-47.41215490884781,8.56372643557106,-14.444619936814185,-47.41215490884781,1,6.234902761107006,144.21068531098354,158.65530524779768,99.80842911877394,1
8453:0x3e66e55e97ce60096f74b7c475e8249f2d31a9fb,Base,Aerodrome Slipstream,USDC/CBBTC,0.0346,Голубая фишка/стейбл,7355675.077588,"Стейк AERO, авто-ребаланс",15.0,20.351708093058605,-47.49826220071204,6.214544408118066,-6.977336566511791,-47.49826220071204,2,20.413554943370503,60.313160626039796,67.29049719255158,99.95318352059925,1
8453:0x6c561b446416e1a00e8e93e221854d6ea4171372,Base,Uniswap v3,WETH/USDC,0.3,Голубая фишка/стейбл,163067768.867821,Пассивно,50.0,6.1583386190342715,-47.52235695443531,1.1127490767939858,-13.417089752869018,-47.52235695443531,2,10.935786012890938,81.67850348035074,95.09559323321977,100.0,0
8453:0x6c561b446416e1a00e8e93e221854d6ea4171372,Base,Uniswap v3,WETH/USDC,0.3,Голубая фишка/стейбл,163067768.867821,Авто-ребаланс,50.0,6.1583386190342715,-47.52235695443531,1.1127490767939858,-13.417089752869018,-47.52235695443531,2,10.935786012890938,81.67850348035074,95.09559323321977,100.0,0
8453:0x9785ef59e2b499fb741674ecf6faf912df7b3c1b,Base,Aerodrome Slipstream,WETH/USDT,0.0445,Голубая фишка/стейбл,2460467.75359,Пассивно,50.0,9.564091044902758,-47.78978966725723,-3.7880146146437226,-14.0045710789994,-47.78978966725723,1,10.60405371012023,81.09561688538906,95.10018796438847,100.0,0
8453:0x9785ef59e2b499fb741674ecf6faf912df7b3c1b,Base,Aerodrome Slipstream,WETH/USDT,0.0445,Голубая фишка/стейбл,2460467.75359,Авто-ребаланс,50.0,9.564091044902758,-47.78978966725723,-3.7880146146437226,-14.0045710789994,-47.78978966725723,1,10.60405371012023,81.09561688538906,95.10018796438847,100.0,0
8453:0x8bb9eaf3c5a906d20c4cc10ea2f73a3ac2d5d41a,Base,Aerodrome Slipstream,CBETH/CBBTC,0.033,ETH/BTC,1202439.932522,Авто-ребаланс,2.5,11.516279990117093,-47.8153102467451,-35.17259097014326,-23.82387374225709,-47.8153102467451,1,54.02060330056301,137.29663406098928,161.12050780324634,99.15953198033677,18
8453:0x70acdf2ad0bf2402c957154f944c19ef4e1cbae1,Base,Aerodrome Slipstream,WETH/CBBTC,0.25,ETH/BTC,15783940.117581,Авто-ребаланс,5.0,-7.539374201454454,-45.119416414284366,-48.44503639386162,-33.70127566986682,-48.44503639386162,0,9.445138012438322,129.08092526573023,162.78220093559707,99.81152161715795,4
8453:0x3e66e55e97ce60096f74b7c475e8249f2d31a9fb,Base,Aerodrome Slipstream,USDC/CBBTC,0.0346,Голубая фишка/стейбл,7355675.077588,"Стейк AERO, пассивно",30.0,11.191627368667067,-48.46127403765597,3.4225502618272516,-11.282365469053882,-48.46127403765597,2,11.305798710946918,56.008131723497556,67.29049719255143,100.0,0
8453:0x3e66e55e97ce60096f74b7c475e8249f2d31a9fb,Base,Aerodrome Slipstream,USDC/CBBTC,0.0346,Голубая фишка/стейбл,7355675.077588,"Стейк AERO, авто-ребаланс",30.0,11.191627368667067,-48.46127403765597,3.4225502618272516,-11.282365469053882,-48.46127403765597,2,11.305798710946918,56.008131723497556,67.29049719255143,100.0,0
8453:0xb94b22332abf5f89877a14cc88f2abc48c34b3df,Base,Pancake v3,USDC/CBBTC,0.01,Голубая фишка/стейбл,1762252.850586,"Комиссии + фарм наград, пассивно",30.0,8.840341289141241,-48.585389208499436,2.192041852776714,-12.517668688860493,-48.585389208499436,2,10.040958852708519,54.76789311759356,67.28556180645406,100.0,0
42161:0x0e4831319a50228b9e450861297ab92dee15b44f,Arbitrum,Uniswap v3,WBTC/USDC,0.05,Голубая фишка/стейбл,8037861.079307,Авто-ребаланс,5.0,-1.4135196237166625,-48.696555585716844,-11.994472687503903,-20.701515965645804,-48.696555585716844,0,35.047624684953995,46.65852222214341,67.36003818778921,99.55308100374579,9
8453:0x3e66e55e97ce60096f74b7c475e8249f2d31a9fb,Base,Aerodrome Slipstream,USDC/CBBTC,0.0346,Голубая фишка/стейбл,7355675.077588,"Стейк AERO, авто-ребаланс",10.0,29.468216883425697,-49.27597162993654,8.984884164848962,-3.607623527220628,-49.27597162993654,2,29.477924890344767,63.68287366533081,67.29049719255143,99.90636704119851,2
42161:0xc31e54c7a869b9fcbecc14363cf510d1c41fa443,Arbitrum,Uniswap v3,WETH/USDC,0.05,Голубая фишка/стейбл,1118511.713936,Пассивно,50.0,8.212281844501588,-49.496107867469405,1.1258204784411008,-13.386001848175573,-49.496107867469405,2,11.197642472532387,81.67038115368902,95.05638300186459,100.0,0
42161:0xc31e54c7a869b9fcbecc14363cf510d1c41fa443,Arbitrum,Uniswap v3,WETH/USDC,0.05,Голубая фишка/стейбл,1118511.713936,Авто-ребаланс,50.0,8.212281844501588,-49.496107867469405,1.1258204784411008,-13.386001848175573,-49.496107867469405,2,11.197642472532387,81.67038115368902,95.05638300186459,100.0,0
8453:0xf97db19953c4309b3af2ceb9cce172939e8868321a24656667d44cccb31c9ddc,Base,Uniswap v4,USDC/CBBTC,0.1762,Голубая фишка/стейбл,1318687.924526,Авто-ребаланс,5.0,4.478869235297219,-49.52722573265216,-41.42941810633025,-28.825924867895065,-49.52722573265216,1,31.91769188952936,38.72507706410593,67.551001932001,99.58041494216279,9
8453:0xf97db19953c4309b3af2ceb9cce172939e8868321a24656667d44cccb31c9ddc,Base,Uniswap v4,USDC/CBBTC,0.1762,Голубая фишка/стейбл,1318687.924526,Пассивно,30.0,8.453891732636972,-49.5323310043435,-1.6777596568811257,-14.252066309529217,-49.5323310043435,1,8.244869019907576,53.29893562247157,67.55100193200079,100.0,0
8453:0xf97db19953c4309b3af2ceb9cce172939e8868321a24656667d44cccb31c9ddc,Base,Uniswap v4,USDC/CBBTC,0.1762,Голубая фишка/стейбл,1318687.924526,Авто-ребаланс,30.0,8.453891732636972,-49.5323310043435,-1.6777596568811257,-14.252066309529217,-49.5323310043435,1,8.244869019907576,53.29893562247157,67.55100193200079,100.0,0
42161:0xc82819f72a9e77e2c0c3a69b3196478f44303cf4,Arbitrum,Uniswap v3,WETH/USD₮0,0.3,Голубая фишка/стейбл,367911.495425,Пассивно,50.0,0.6653350058509355,-49.74285193964816,4.171177162774017,-14.968779923674404,-49.74285193964816,2,9.240674680923957,79.99746228222557,94.96624220589997,100.0,0
42161:0xc82819f72a9e77e2c0c3a69b3196478f44303cf4,Arbitrum,Uniswap v3,WETH/USD₮0,0.3,Голубая фишка/стейбл,367911.495425,Авто-ребаланс,50.0,0.6653350058509355,-49.74285193964816,4.171177162774017,-14.968779923674404,-49.74285193964816,2,9.240674680923957,79.99746228222557,94.96624220589997,100.0,0
42161:0x70bf44c3a9b6b047bf60e5a05968225dbf3d6a5b9e8a95a73727e48921e889c1,Arbitrum,Uniswap v4,WBTC/USDC,0.3499,Голубая фишка/стейбл,328691.173448,Пассивно,30.0,4.57489356079703,-50.129707457774984,-1.7691692894382292,-15.774661062138728,-50.129707457774984,1,6.355188240682268,52.36340708582954,68.13806814796827,100.0,0
42161:0x70bf44c3a9b6b047bf60e5a05968225dbf3d6a5b9e8a95a73727e48921e889c1,Arbitrum,Uniswap v4,WBTC/USDC,0.3499,Голубая фишка/стейбл,328691.173448,Авто-ребаланс,30.0,4.57489356079703,-50.129707457774984,-1.7691692894382292,-15.774661062138728,-50.129707457774984,1,6.355188240682268,52.36340708582954,68.13806814796827,100.0,0
8453:0x42d4a22cad0f5a49681a5715ce994af73a43b76b,Base,Aerodrome Slipstream,WETH/CBBTC,0.05,ETH/BTC,9383565.027211,Авто-ребаланс,10.0,-1.4674715097505335,-50.40253365410494,1.8247483864065666,-16.681752259149636,-50.40253365410494,1,5.804626889182895,145.923852308872,162.60560456802165,99.95370370370371,1
42161:0x5969efdde3cf5c0d9a88ae51e47d721096a97203,Arbitrum,Uniswap v3,WBTC/USD₮0,0.05,Голубая фишка/стейбл,4164592.373085,Пассивно,30.0,8.369796852615623,-50.41043012755885,0.20141588532634158,-13.946405796538961,-50.41043012755885,2,8.53137070280932,53.82191169147579,67.76831748801474,100.0,0
42161:0x5969efdde3cf5c0d9a88ae51e47d721096a97203,Arbitrum,Uniswap v3,WBTC/USD₮0,0.05,Голубая фишка/стейбл,4164592.373085,Авто-ребаланс,30.0,8.369796852615623,-50.41043012755885,0.20141588532634158,-13.946405796538961,-50.41043012755885,2,8.53137070280932,53.82191169147579,67.76831748801474,100.0,0
42161:0xd9e2a1a61b6e61b275cec326465d417e52c1b95c,Arbitrum,Pancake v3,WETH/USDC,0.05,Голубая фишка/стейбл,787147.903277,"Комиссии + фарм наград, пассивно",50.0,7.87342780106204,-50.41654694470603,2.6450529183124516,-13.299355408443844,-50.41654694470603,2,11.476506099834147,81.74492989033094,95.04428529877478,100.0,0
8453:0xaa5fe7dcc07dcb8b7afcd1b93874e7cb1e0ab50b,Base,Aerodrome Slipstream,WETH/EURC,0.05,Голубая фишка/стейбл,892023.559055,"Стейк AERO, пассивно",50.0,5.102416964508938,-50.47217325993974,-8.967952944778263,-18.112569746736355,-50.47217325993974,1,7.747528555753899,81.19889731987655,99.3114670666129,100.0,0
8453:0xaa5fe7dcc07dcb8b7afcd1b93874e7cb1e0ab50b,Base,Aerodrome Slipstream,WETH/EURC,0.05,Голубая фишка/стейбл,892023.559055,"Стейк AERO, авто-ребаланс",50.0,5.102416964508938,-50.47217325993974,-8.967952944778263,-18.112569746736355,-50.47217325993974,1,7.747528555753899,81.19889731987655,99.3114670666129,100.0,0
8453:0x72ab388e2e2f6facef59e3c3fa2c4e29011c2d38,Base,Pancake v3,WETH/USDC,0.01,Голубая фишка/стейбл,4969308.957636,"Комиссии + фарм наград, пассивно",50.0,5.336315098471672,-50.59814687654829,0.867471239013239,-14.798120179687794,-50.59814687654829,2,9.962493306381331,80.31359755189422,95.11171773158202,100.0,0
42161:0x7fcdc35463e3770c2fb992716cd070b63540b947,Arbitrum,Pancake v3,WETH/USDC,0.01,Голубая фишка/стейбл,473051.619529,"Комиссии + фарм наград, пассивно",50.0,7.849574751951492,-50.83302401974687,1.0464867988397903,-13.978987489651864,-50.83302401974687,2,10.838262048405168,81.085939690433,95.06492718008485,100.0,0
8453:0xfbb6eed8e7aa03b138556eedaf5d271a5e1e43ef,Base,Uniswap v3,USDC/CBBTC,0.05,Голубая фишка/стейбл,8506440.807863,Пассивно,30.0,7.075879872661341,-51.082132881284615,1.4526933066797119,-14.184519900647853,-51.082132881284615,2,8.451886376527915,53.056948921433126,67.24146882208098,100.0,0
8453:0xfbb6eed8e7aa03b138556eedaf5d271a5e1e43ef,Base,Uniswap v3,USDC/CBBTC,0.05,Голубая фишка/стейбл,8506440.807863,Авто-ребаланс,30.0,7.075879872661341,-51.082132881284615,1.4526933066797119,-14.184519900647853,-51.082132881284615,2,8.451886376527915,53.056948921433126,67.24146882208098,100.0,0
42161:0xc473e2aee3441bf9240be85eb122abb059a3b57c,Arbitrum,Uniswap v3,WETH/USDC,0.3,Голубая фишка/стейбл,5705323.513293,Пассивно,50.0,3.8488161503246645,-51.17494386033379,4.526551920151369,-14.266525263285919,-51.17494386033379,2,10.109078493515314,80.78456809812434,95.05109336141025,100.0,0
42161:0xc473e2aee3441bf9240be85eb122abb059a3b57c,Arbitrum,Uniswap v3,WETH/USDC,0.3,Голубая фишка/стейбл,5705323.513293,Авто-ребаланс,50.0,3.8488161503246645,-51.17494386033379,4.526551920151369,-14.266525263285919,-51.17494386033379,2,10.109078493515314,80.78456809812434,95.05109336141025,100.0,0
42161:0x641c00a822e8b671738d32a431a4fb6074e5c79d,Arbitrum,Uniswap v3,WETH/USD₮0,0.05,Голубая фишка/стейбл,6444291.054483,Пассивно,50.0,3.0793936734356766,-51.392475945016116,-0.3748254742188509,-16.229302581933098,-51.392475945016116,1,8.228273050577332,78.64069011436567,94.86999269629877,100.0,0
42161:0x641c00a822e8b671738d32a431a4fb6074e5c79d,Arbitrum,Uniswap v3,WETH/USD₮0,0.05,Голубая фишка/стейбл,6444291.054483,Авто-ребаланс,50.0,3.0793936734356766,-51.392475945016116,-0.3748254742188509,-16.229302581933098,-51.392475945016116,1,8.228273050577332,78.64069011436567,94.86999269629877,100.0,0
8453:0x42d4a22cad0f5a49681a5715ce994af73a43b76b,Base,Aerodrome Slipstream,WETH/CBBTC,0.05,ETH/BTC,9383565.027211,"Стейк AERO, авто-ребаланс",10.0,-2.4497457513397904,-51.6219230620609,2.2793122477618577,-17.264118855212946,-51.6219230620609,1,5.2222602931195015,145.3414857128087,162.60560456802165,99.95370370370371,1
8453:0xec558e484cc9f2210714e345298fdc53b253c27d,Base,Uniswap v3,USDC/CBBTC,0.3,Голубая фишка/стейбл,1791948.233748,Пассивно,30.0,3.730727282449188,-51.78513996905628,0.8565414547951113,-15.732623743937328,-51.78513996905628,2,6.788127363140194,52.54091509408832,68.27353883802564,100.0,0
8453:0xec558e484cc9f2210714e345298fdc53b253c27d,Base,Uniswap v3,USDC/CBBTC,0.3,Голубая фишка/стейбл,1791948.233748,Авто-ребаланс,30.0,3.730727282449188,-51.78513996905628,0.8565414547951113,-15.732623743937328,-51.78513996905628,2,6.788127363140194,52.54091509408832,68.27353883802564,100.0,0
42161:0x4d1576158518dd61924218446c1057cf03138d57,Arbitrum,Sushi v3,WETH/USDC,0.3,Голубая фишка/стейбл,497694.662033,Пассивно,50.0,2.2662804193669883,-52.1006553403984,1.5027013684202666,-16.110557850870382,-52.1006553403984,2,8.25703748761477,79.12218582760873,95.23274367847911,100.0,0
42161:0x4d1576158518dd61924218446c1057cf03138d57,Arbitrum,Sushi v3,WETH/USDC,0.3,Голубая фишка/стейбл,497694.662033,Авто-ребаланс,50.0,2.2662804193669883,-52.1006553403984,1.5027013684202666,-16.110557850870382,-52.1006553403984,2,8.25703748761477,79.12218582760873,95.23274367847911,100.0,0
42161:0x80c735c5a0222241f211b3edb8df2ccefad94553ec18f1c29143f0399c78f500,Arbitrum,Uniswap v4,WBTC/USDC,0.0625,Голубая фишка/стейбл,3536486.871302,Пассивно,30.0,3.455321217273752,-52.125380662341215,1.6150683972441948,-15.68499701594109,-52.125380662341215,2,6.787760803069471,51.651094285948226,67.33609130188933,100.0,0
42161:0x80c735c5a0222241f211b3edb8df2ccefad94553ec18f1c29143f0399c78f500,Arbitrum,Uniswap v4,WBTC/USDC,0.0625,Голубая фишка/стейбл,3536486.871302,Авто-ребаланс,30.0,3.455321217273752,-52.125380662341215,1.6150683972441948,-15.68499701594109,-52.125380662341215,2,6.787760803069471,51.651094285948226,67.33609130188933,100.0,0
8453:0xfbb6eed8e7aa03b138556eedaf5d271a5e1e43ef,Base,Uniswap v3,USDC/CBBTC,0.05,Голубая фишка/стейбл,8506440.807863,Авто-ребаланс,15.0,12.879659534967885,-52.191093598950246,2.6371873059048445,-12.224748919359172,-52.191093598950246,2,15.213886763267807,55.01671990272181,67.24146882208098,99.95370370370371,1
8453:0xb4cb800910b228ed3d0834cf79d697127bbb00e5,Base,Uniswap v3,WETH/USDC,0.01,Голубая фишка/стейбл,698189.675847,Пассивно,50.0,0.46178206447937253,-52.334529607140155,-2.6128143004948527,-18.161853947718544,-52.334529607140155,1,6.597317083273,76.95037477201923,95.11222871973777,100.0,0
8453:0xb4cb800910b228ed3d0834cf79d697127bbb00e5,Base,Uniswap v3,WETH/USDC,0.01,Голубая фишка/стейбл,698189.675847,Авто-ребаланс,50.0,0.46178206447937253,-52.334529607140155,-2.6128143004948527,-18.161853947718544,-52.334529607140155,1,6.597317083273,76.95037477201923,95.11222871973777,100.0,0
8453:0xd0b53d9277642d899df5c87a3966a349a798f224,Base,Uniswap v3,WETH/USDC,0.05,Голубая фишка/стейбл,10060511.434283,Пассивно,50.0,2.6954045755945693,-52.47681528390572,0.6118520727226556,-16.3898528785295,-52.47681528390572,2,8.383040421554776,78.7297877857602,95.11964066428968,100.0,0
8453:0xd0b53d9277642d899df5c87a3966a349a798f224,Base,Uniswap v3,WETH/USDC,0.05,Голубая фишка/стейбл,10060511.434283,Авто-ребаланс,50.0,2.6954045755945693,-52.47681528390572,0.6118520727226556,-16.3898528785295,-52.47681528390572,2,8.383040421554776,78.7297877857602,95.11964066428968,100.0,0
42161:0xc6962004f452be9203591991d15f6b388e09e8d0,Arbitrum,Uniswap v3,WETH/USDC,0.05,Голубая фишка/стейбл,37096104.750623,Пассивно,50.0,3.9037017279310353,-52.63060654567219,0.6027605796751747,-16.041381412688658,-52.63060654567219,2,8.76000837868844,79.04266229060886,95.08404370329751,100.0,0
42161:0xc6962004f452be9203591991d15f6b388e09e8d0,Arbitrum,Uniswap v3,WETH/USDC,0.05,Голубая фишка/стейбл,37096104.750623,Авто-ребаланс,50.0,3.9037017279310353,-52.63060654567219,0.6027605796751747,-16.041381412688658,-52.63060654567219,2,8.76000837868844,79.04266229060886,95.08404370329751,100.0,0
42161:0x5969efdde3cf5c0d9a88ae51e47d721096a97203,Arbitrum,Uniswap v3,WBTC/USD₮0,0.05,Голубая фишка/стейбл,4164592.373085,Авто-ребаланс,15.0,15.2322349824555,-52.77146142381658,0.3467065446283262,-12.397506632244252,-52.77146142381658,2,15.363501803666502,55.37081085577071,67.76831748801497,99.94725738396625,1
8453:0xf97db19953c4309b3af2ceb9cce172939e8868321a24656667d44cccb31c9ddc,Base,Uniswap v4,USDC/CBBTC,0.1762,Голубая фишка/стейбл,1318687.924526,Авто-ребаланс,15.0,15.120129407341901,-52.8806457859086,-4.021197477266717,-13.927237951944472,-52.8806457859086,1,13.946526767516753,53.62376398005653,67.551001932001,99.95370370370371,1
42161:0x0e4831319a50228b9e450861297ab92dee15b44f,Arbitrum,Uniswap v3,WBTC/USDC,0.05,Голубая фишка/стейбл,8037861.079307,Пассивно,30.0,5.9881020660261335,-53.027997410297715,0.8739972306404553,-15.388632704543708,-53.027997410297715,2,7.096448617167687,51.971405483245654,67.36003818778937,100.0,0
42161:0x0e4831319a50228b9e450861297ab92dee15b44f,Arbitrum,Uniswap v3,WBTC/USDC,0.05,Голубая фишка/стейбл,8037861.079307,Авто-ребаланс,30.0,5.9881020660261335,-53.027997410297715,0.8739972306404553,-15.388632704543708,-53.027997410297715,2,7.096448617167687,51.971405483245654,67.36003818778937,100.0,0
8453:0x9785ef59e2b499fb741674ecf6faf912df7b3c1b,Base,Aerodrome Slipstream,WETH/USDT,0.0445,Голубая фишка/стейбл,2460467.75359,"Стейк AERO, пассивно",50.0,3.182778846811519,-53.2372711745012,-2.6659787616377373,-17.57349036310914,-53.2372711745012,1,7.035134426010521,77.52669760127934,95.10018796438847,100.0,0
8453:0x9785ef59e2b499fb741674ecf6faf912df7b3c1b,Base,Aerodrome Slipstream,WETH/USDT,0.0445,Голубая фишка/стейбл,2460467.75359,"Стейк AERO, авто-ребаланс",50.0,3.182778846811519,-53.2372711745012,-2.6659787616377373,-17.57349036310914,-53.2372711745012,1,7.035134426010521,77.52669760127934,95.10018796438847,100.0,0
8453:0xb2cc224c1c9fee385f8ad6a55b4d94e92359dc59,Base,Aerodrome Slipstream,WETH/USDC,0.0728,Голубая фишка/стейбл,8562745.065349,"Стейк AERO, пассивно",50.0,4.053532759180577,-53.244960937835565,-1.5500304794131625,-16.913819552689382,-53.244960937835565,1,7.87317329500792,78.22439512456029,95.13821467724966,100.0,0
8453:0xb2cc224c1c9fee385f8ad6a55b4d94e92359dc59,Base,Aerodrome Slipstream,WETH/USDC,0.0728,Голубая фишка/стейбл,8562745.065349,"Стейк AERO, авто-ребаланс",50.0,4.053532759180577,-53.244960937835565,-1.5500304794131625,-16.913819552689382,-53.244960937835565,1,7.87317329500792,78.22439512456029,95.13821467724966,100.0,0
42161:0xf3eb87c1f6020982173c908e7eb31aa66c1f0296,Arbitrum,Sushi v3,WETH/USDC,0.05,Голубая фишка/стейбл,368038.72732,Авто-ребаланс,5.0,52.90960676846838,-53.60553378001514,11.46528989624055,3.589787628231262,-53.60553378001514,2,98.11615234904986,98.55139656495984,94.9616089367286,99.33756107672836,13
8453:0xb775272e537cc670c65dc852908ad47015244eaf,Base,Pancake v3,WETH/USDC,0.05,Голубая фишка/стейбл,1219742.77141,Пассивно,50.0,3.502008343273031,-53.619851931710215,-2.3122829892022825,-17.476708859213154,-53.619851931710215,1,7.299606118300436,77.66166733018103,95.13837618939418,100.0,0
8453:0xb775272e537cc670c65dc852908ad47015244eaf,Base,Pancake v3,WETH/USDC,0.05,Голубая фишка/стейбл,1219742.77141,Авто-ребаланс,50.0,3.502008343273031,-53.619851931710215,-2.3122829892022825,-17.476708859213154,-53.619851931710215,1,7.299606118300436,77.66166733018103,95.13837618939418,100.0,0
42161:0x843ac8dc6d34aeb07a56812b8b36429ee46bdd07,Arbitrum,Pancake v3,WBTC/USDC,0.05,Голубая фишка/стейбл,406657.816518,"Комиссии + фарм наград, пассивно",30.0,7.564681427196125,-53.66582915536283,-1.7548162431492498,-15.951987990438651,-53.66582915536283,1,6.723911880193502,51.988334903077934,67.9403228935166,100.0,0
8453:0xb94b22332abf5f89877a14cc88f2abc48c34b3df,Base,Pancake v3,USDC/CBBTC,0.01,Голубая фишка/стейбл,1762252.850586,Пассивно,30.0,3.4950726253673103,-53.86509052614239,-2.5715076777403163,-17.647175192838464,-53.86509052614239,1,4.911452348730565,49.63838661361558,67.28556180645406,100.0,0
8453:0xb94b22332abf5f89877a14cc88f2abc48c34b3df,Base,Pancake v3,USDC/CBBTC,0.01,Голубая фишка/стейбл,1762252.850586,Авто-ребаланс,30.0,3.4950726253673103,-53.86509052614239,-2.5715076777403163,-17.647175192838464,-53.86509052614239,1,4.911452348730565,49.63838661361558,67.28556180645406,100.0,0
8453:0xaa5fe7dcc07dcb8b7afcd1b93874e7cb1e0ab50b,Base,Aerodrome Slipstream,WETH/EURC,0.05,Голубая фишка/стейбл,892023.559055,Пассивно,50.0,0.4869885108246762,-53.9006553669206,-12.551580400405316,-21.988415752167082,-53.9006553669206,1,3.8716825503231673,77.32305131444582,99.3114670666129,100.0,0
8453:0xaa5fe7dcc07dcb8b7afcd1b93874e7cb1e0ab50b,Base,Aerodrome Slipstream,WETH/EURC,0.05,Голубая фишка/стейбл,892023.559055,Авто-ребаланс,50.0,0.4869885108246762,-53.9006553669206,-12.551580400405316,-21.988415752167082,-53.9006553669206,1,3.8716825503231673,77.32305131444582,99.3114670666129,100.0,0
8453:0x3fe04a59ebd38cf06080a6f60a98d124eb59392a,Base,Aerodrome Slipstream,WETH/USDC,0.0625,Голубая фишка/стейбл,12279890.854137,Пассивно,50.0,5.568947803555502,-54.052702682261334,-4.150733924419198,-17.544829601041677,-54.052702682261334,1,7.2418732999190665,77.55939290927351,95.1042225103152,100.0,0
8453:0x3fe04a59ebd38cf06080a6f60a98d124eb59392a,Base,Aerodrome Slipstream,WETH/USDC,0.0625,Голубая фишка/стейбл,12279890.854137,Авто-ребаланс,50.0,5.568947803555502,-54.052702682261334,-4.150733924419198,-17.544829601041677,-54.052702682261334,1,7.2418732999190665,77.55939290927351,95.1042225103152,100.0,0
8453:0x160d7e9d948b16c163332a277b393c288408eb12,Base,Aerodrome Slipstream,USDC/CBBTC,0.0218,Голубая фишка/стейбл,5221477.505015,"Стейк AERO, пассивно",30.0,5.154933165169413,-54.26380635573908,-2.023217008920104,-17.04403006649659,-54.26380635573908,1,5.52948932560285,50.280399198994864,67.32442926549145,100.0,0
8453:0x160d7e9d948b16c163332a277b393c288408eb12,Base,Aerodrome Slipstream,USDC/CBBTC,0.0218,Голубая фишка/стейбл,5221477.505015,"Стейк AERO, авто-ребаланс",30.0,5.154933165169413,-54.26380635573908,-2.023217008920104,-17.04403006649659,-54.26380635573908,1,5.52948932560285,50.280399198994864,67.32442926549145,100.0,0
42161:0xd9e2a1a61b6e61b275cec326465d417e52c1b95c,Arbitrum,Pancake v3,WETH/USDC,0.05,Голубая фишка/стейбл,787147.903277,Пассивно,50.0,3.2786431738768287,-54.29992941874314,-1.3425719828826006,-17.454619409249638,-54.29992941874314,1,7.321242099028387,77.58966588952514,95.04428529877478,100.0,0
42161:0xd9e2a1a61b6e61b275cec326465d417e52c1b95c,Arbitrum,Pancake v3,WETH/USDC,0.05,Голубая фишка/стейбл,787147.903277,Авто-ребаланс,50.0,3.2786431738768287,-54.29992941874314,-1.3425719828826006,-17.454619409249638,-54.29992941874314,1,7.321242099028387,77.58966588952514,95.04428529877478,100.0,0
8453:0x160d7e9d948b16c163332a277b393c288408eb12,Base,Aerodrome Slipstream,USDC/CBBTC,0.0218,Голубая фишка/стейбл,5221477.505015,Пассивно,30.0,4.472314982198477,-54.49214666489522,-2.390651946080058,-17.47016120959227,-54.49214666489522,1,5.1033581825071375,49.854268055899176,67.32442926549145,100.0,0
8453:0x160d7e9d948b16c163332a277b393c288408eb12,Base,Aerodrome Slipstream,USDC/CBBTC,0.0218,Голубая фишка/стейбл,5221477.505015,Авто-ребаланс,30.0,4.472314982198477,-54.49214666489522,-2.390651946080058,-17.47016120959227,-54.49214666489522,1,5.1033581825071375,49.854268055899176,67.32442926549145,100.0,0
8453:0x72ab388e2e2f6facef59e3c3fa2c4e29011c2d38,Base,Pancake v3,WETH/USDC,0.01,Голубая фишка/стейбл,4969308.957636,Пассивно,50.0,1.2834515533736461,-54.50959732407077,-2.576403916623406,-18.60084989577351,-54.50959732407077,1,6.159763590295571,76.51086783580851,95.11171773158202,100.0,0
8453:0x72ab388e2e2f6facef59e3c3fa2c4e29011c2d38,Base,Pancake v3,WETH/USDC,0.01,Голубая фишка/стейбл,4969308.957636,Авто-ребаланс,50.0,1.2834515533736461,-54.50959732407077,-2.576403916623406,-18.60084989577351,-54.50959732407077,1,6.159763590295571,76.51086783580851,95.11171773158202,100.0,0
8453:0x4e962bb3889bf030368f56810a9c96b83cb3e778,Base,Aerodrome Slipstream,USDC/CBBTC,0.0532,Голубая фишка/стейбл,6040393.319163,"Стейк AERO, пассивно",30.0,4.804499916141755,-54.64880736147184,-2.2796332931363548,-17.374646912822147,-54.64880736147184,1,5.197124696881963,49.92664668188128,67.30129359470342,100.0,0
8453:0x4e962bb3889bf030368f56810a9c96b83cb3e778,Base,Aerodrome Slipstream,USDC/CBBTC,0.0532,Голубая фишка/стейбл,6040393.319163,"Стейк AERO, авто-ребаланс",30.0,4.804499916141755,-54.64880736147184,-2.2796332931363548,-17.374646912822147,-54.64880736147184,1,5.197124696881963,49.92664668188128,67.30129359470342,100.0,0
8453:0x4e962bb3889bf030368f56810a9c96b83cb3e778,Base,Aerodrome Slipstream,USDC/CBBTC,0.0532,Голубая фишка/стейбл,6040393.319163,Пассивно,30.0,4.271430446128006,-54.94491228634786,-2.2080512442917066,-17.627177694837187,-54.94491228634786,1,4.944593914866989,49.67411589986624,67.30129359470342,100.0,0
8453:0x4e962bb3889bf030368f56810a9c96b83cb3e778,Base,Aerodrome Slipstream,USDC/CBBTC,0.0532,Голубая фишка/стейбл,6040393.319163,Авто-ребаланс,30.0,4.271430446128006,-54.94491228634786,-2.2080512442917066,-17.627177694837187,-54.94491228634786,1,4.944593914866989,49.67411589986624,67.30129359470342,100.0,0
8453:0xb07d7eece8866e549601af5c7622d8cdbedc914e,Base,Aerodrome Slipstream,EURC/CBBTC,0.05,Голубая фишка/стейбл,360550.369394,Пассивно,20.0,33.77799100252679,-54.95580776195948,10.128120870921116,-3.6832319628371906,-54.95580776195948,2,30.03788020868358,67.7521302077878,71.435362170625,90.1252408477842,0
42161:0xc31e54c7a869b9fcbecc14363cf510d1c41fa443,Arbitrum,Uniswap v3,WETH/USDC,0.05,Голубая фишка/стейбл,1118511.713936,Авто-ребаланс,10.0,10.524447723438966,-55.05355370027662,4.792949135664368,-13.24538561372443,-55.05355370027662,2,40.21242411841376,81.81099738814008,95.05638300186452,99.79849475116339,4
8453:0xb2cc224c1c9fee385f8ad6a55b4d94e92359dc59,Base,Aerodrome Slipstream,WETH/USDC,0.0728,Голубая фишка/стейбл,8562745.065349,Пассивно,50.0,1.6426844328783983,-55.21506687540241,2.299577120092023,-17.09093510747733,-55.21506687540241,2,7.6960577402198735,78.04727956977234,95.13821467724966,100.0,0
8453:0xb2cc224c1c9fee385f8ad6a55b4d94e92359dc59,Base,Aerodrome Slipstream,WETH/USDC,0.0728,Голубая фишка/стейбл,8562745.065349,Авто-ребаланс,50.0,1.6426844328783983,-55.21506687540241,2.299577120092023,-17.09093510747733,-55.21506687540241,2,7.6960577402198735,78.04727956977234,95.13821467724966,100.0,0
42161:0x843ac8dc6d34aeb07a56812b8b36429ee46bdd07,Arbitrum,Pancake v3,WBTC/USDC,0.05,Голубая фишка/стейбл,406657.816518,Пассивно,30.0,5.3304010260982855,-55.57183716116718,-3.7902195203801026,-18.010551885149667,-55.57183716116718,1,4.66534798548251,49.92977100836692,67.9403228935166,100.0,0
42161:0x843ac8dc6d34aeb07a56812b8b36429ee46bdd07,Arbitrum,Pancake v3,WBTC/USDC,0.05,Голубая фишка/стейбл,406657.816518,Авто-ребаланс,30.0,5.3304010260982855,-55.57183716116718,-3.7902195203801026,-18.010551885149667,-55.57183716116718,1,4.66534798548251,49.92977100836692,67.9403228935166,100.0,0
42161:0x80c735c5a0222241f211b3edb8df2ccefad94553ec18f1c29143f0399c78f500,Arbitrum,Uniswap v4,WBTC/USDC,0.0625,Голубая фишка/стейбл,3536486.871302,Авто-ребаланс,15.0,6.281886872145169,-55.724192236222315,2.924010615034679,-15.506098249680822,-55.724192236222315,2,12.19042974059161,51.82999305220835,67.33609130188917,99.9535747446611,1
8453:0x4e962bb3889bf030368f56810a9c96b83cb3e778,Base,Aerodrome Slipstream,USDC/CBBTC,0.0532,Голубая фишка/стейбл,6040393.319163,"Стейк AERO, авто-ребаланс",5.0,-9.246755264218546,-55.78652620423462,-39.95353789916775,-34.99560645587364,-55.78652620423462,0,25.796847227293885,32.30568713882994,67.30129359470357,99.58333333333333,9
8453:0xfbb6eed8e7aa03b138556eedaf5d271a5e1e43ef,Base,Uniswap v3,USDC/CBBTC,0.05,Голубая фишка/стейбл,8506440.807863,Авто-ребаланс,10.0,18.66689935415417,-55.83243328909189,3.8119760048453277,-11.11785264336413,-55.83243328909189,2,21.937067241905527,56.12361617871693,67.24146882208106,99.9074074074074,2
8453:0x9785ef59e2b499fb741674ecf6faf912df7b3c1b,Base,Aerodrome Slipstream,WETH/USDT,0.0445,Голубая фишка/стейбл,2460467.75359,Авто-ребаланс,20.0,20.055018038018126,-56.09921972301376,-7.9837873831337225,-14.675996356043118,-56.09921972301376,1,21.977389237945648,80.42419160834544,95.10018796438854,99.95363931386184,1
8453:0x9785ef59e2b499fb741674ecf6faf912df7b3c1b,Base,Aerodrome Slipstream,WETH/USDT,0.0445,Голубая фишка/стейбл,2460467.75359,Авто-ребаланс,15.0,25.826263881234834,-56.12577947880686,-10.310366832597632,-13.53662747672322,-56.12577947880686,1,28.380505583512303,81.56356048766526,95.10018796438847,99.95363931386184,1
42161:0x5969efdde3cf5c0d9a88ae51e47d721096a97203,Arbitrum,Uniswap v3,WBTC/USD₮0,0.05,Голубая фишка/стейбл,4164592.373085,Авто-ребаланс,10.0,22.072749257185357,-56.194789768312724,0.47371053457395335,-11.216109992184471,-56.194789768312724,2,22.20942653922206,56.55220749583043,67.7683174880149,99.89451476793249,2
42161:0xe88bba0ec2fc9091d68344b32b504abcc59f0aa9e1ae2ef048b69bc7ec3f4df8,Arbitrum,Uniswap v4,ETH/USD₮0,0.0625,Голубая фишка/стейбл,926636.364251,Пассивно,50.0,-2.0713603932176037,-56.250285343967356,-1.3911843640257606,-19.904276700403575,-56.250285343967356,0,4.741464689533041,74.87478377214411,94.7790604725477,100.0,0
42161:0xe88bba0ec2fc9091d68344b32b504abcc59f0aa9e1ae2ef048b69bc7ec3f4df8,Arbitrum,Uniswap v4,ETH/USD₮0,0.0625,Голубая фишка/стейбл,926636.364251,Авто-ребаланс,50.0,-2.0713603932176037,-56.250285343967356,-1.3911843640257606,-19.904276700403575,-56.250285343967356,0,4.741464689533041,74.87478377214411,94.7790604725477,100.0,0
8453:0x70acdf2ad0bf2402c957154f944c19ef4e1cbae1,Base,Aerodrome Slipstream,WETH/CBBTC,0.25,ETH/BTC,15783940.117581,Авто-ребаланс,10.0,-2.361715528806644,-56.34013377092894,1.1981658512647846,-19.1678944828236,-56.34013377092894,1,4.959200023762628,143.61430645277383,162.78220093559742,99.95231282784931,1
8453:0xb2cc224c1c9fee385f8ad6a55b4d94e92359dc59,Base,Aerodrome Slipstream,WETH/USDC,0.0728,Голубая фишка/стейбл,8562745.065349,"Стейк AERO, авто-ребаланс",5.0,8.834638707814529,-56.690149290022816,-26.614446727502877,-24.823319103237054,-56.690149290022816,1,57.661542698539726,70.31489557401261,95.13821467724966,99.49074074074073,11
8453:0x70acdf2ad0bf2402c957154f944c19ef4e1cbae1,Base,Aerodrome Slipstream,WETH/CBBTC,0.25,ETH/BTC,15783940.117581,"Стейк AERO, авто-ребаланс",10.0,-2.594234895515489,-56.850143855997345,1.9116990394459268,-19.177559904022303,-56.850143855997345,1,4.949534602563905,143.6046410315751,162.78220093559742,99.95231282784931,1
42161:0x0e4831319a50228b9e450861297ab92dee15b44f,Arbitrum,Uniswap v3,WBTC/USDC,0.05,Голубая фишка/стейбл,8037861.079307,Авто-ребаланс,15.0,10.900476531949971,-56.962594778453614,1.5844850499211707,-14.825877732194158,-56.962594778453614,2,12.798158750603614,52.534160455595135,67.36003818778929,99.94734070563455,1
8453:0xec558e484cc9f2210714e345298fdc53b253c27d,Base,Uniswap v3,USDC/CBBTC,0.3,Голубая фишка/стейбл,1791948.233748,Авто-ребаланс,15.0,6.782524776743114,-57.01639039533315,1.527393394015509,-16.235490741524842,-57.01639039533315,2,12.18555710559167,52.03804809650096,68.2735388380258,99.9273783587509,1
42161:0x70bf44c3a9b6b047bf60e5a05968225dbf3d6a5b9e8a95a73727e48921e889c1,Arbitrum,Uniswap v4,WBTC/USDC,0.3499,Голубая фишка/стейбл,328691.173448,Авто-ребаланс,15.0,8.229474379712443,-57.056458044980154,-3.35896501603657,-17.39531622710143,-57.056458044980154,1,11.29404386824551,50.74275192086699,68.13806814796841,99.95203836930456,1
8453:0x3fe04a59ebd38cf06080a6f60a98d124eb59392a,Base,Aerodrome Slipstream,WETH/USDC,0.0625,Голубая фишка/стейбл,12279890.854137,"Стейк AERO, пассивно",50.0,0.10048759787984636,-57.12159599454053,-4.968981590028749,-20.663363328896477,-57.12159599454053,1,4.12333957206426,74.44085918141872,95.1042225103152,100.0,0
8453:0x3fe04a59ebd38cf06080a6f60a98d124eb59392a,Base,Aerodrome Slipstream,WETH/USDC,0.0625,Голубая фишка/стейбл,12279890.854137,"Стейк AERO, авто-ребаланс",50.0,0.10048759787984636,-57.12159599454053,-4.968981590028749,-20.663363328896477,-57.12159599454053,1,4.12333957206426,74.44085918141872,95.1042225103152,100.0,0
42161:0x7fcdc35463e3770c2fb992716cd070b63540b947,Arbitrum,Pancake v3,WETH/USDC,0.01,Голубая фишка/стейбл,473051.619529,Пассивно,50.0,0.6792496246853382,-57.22892214424169,-5.187999418804395,-20.579223979453584,-57.22892214424169,1,4.238025558603416,74.48570320063126,95.06492718008485,100.0,0
42161:0x7fcdc35463e3770c2fb992716cd070b63540b947,Arbitrum,Pancake v3,WETH/USDC,0.01,Голубая фишка/стейбл,473051.619529,Авто-ребаланс,50.0,0.6792496246853382,-57.22892214424169,-5.187999418804395,-20.579223979453584,-57.22892214424169,1,4.238025558603416,74.48570320063126,95.06492718008485,100.0,0
8453:0xb94b22332abf5f89877a14cc88f2abc48c34b3df,Base,Pancake v3,USDC/CBBTC,0.01,Голубая фишка/стейбл,1762252.850586,Авто-ребаланс,15.0,6.350792866184274,-57.26838805073412,-4.699539861219481,-18.53904501525644,-57.26838805073412,1,8.816165299957785,48.74651679119768,67.28556180645413,99.95363931386184,1
8453:0xe070797535b13431808f8fc81fdbe7b41362960ed0b55bc2b6117c49c51b7eb9,Base,Uniswap v4,ETH/USDC,0.3499,Голубая фишка/стейбл,4569506.258214,Авто-ребаланс,15.0,52.05078201795591,-57.51161809780988,20.73549814474483,5.091554021630287,-57.51161809780988,2,56.062286444996076,100.33043786361607,95.23888384198578,99.9074074074074,2
42161:0x2f5e87c9312fa29aed5c179e456625d79015299c,Arbitrum,Uniswap v3,WBTC/WETH,0.05,ETH/BTC,36435974.017664,Авто-ребаланс,5.0,0.3604699472461076,-57.638020336203965,-20.260476425436725,-25.846008938131526,-57.638020336203965,1,18.287537234664022,137.14551715818186,162.9915260963134,99.79997773064945,4
8453:0x4e962bb3889bf030368f56810a9c96b83cb3e778,Base,Aerodrome Slipstream,USDC/CBBTC,0.0532,Голубая фишка/стейбл,6040393.319163,Авто-ребаланс,5.0,-11.956767805496717,-57.6907249294644,-39.667313846387984,-36.4382688604497,-57.6907249294644,0,24.354184822717745,30.863024734253877,67.30129359470357,99.58333333333333,9
8453:0x160d7e9d948b16c163332a277b393c288408eb12,Base,Aerodrome Slipstream,USDC/CBBTC,0.0218,Голубая фишка/стейбл,5221477.505015,"Стейк AERO, авто-ребаланс",15.0,9.386733382537356,-57.863468384581495,-3.6873198252829873,-17.388018275775707,-57.863468384581495,1,9.995230932503176,49.93641098971574,67.32442926549145,99.95370370370371,1
42161:0xc31e54c7a869b9fcbecc14363cf510d1c41fa443,Arbitrum,Uniswap v3,WETH/USDC,0.05,Голубая фишка/стейбл,1118511.713936,Авто-ребаланс,5.0,25.115455725855035,-57.95003203939949,-4.57735257264443,-12.47064296206296,-57.95003203939949,1,70.13937357350764,82.58574003980155,95.05638300186452,99.50846967897208,10
42161:0x5969efdde3cf5c0d9a88ae51e47d721096a97203,Arbitrum,Uniswap v3,WBTC/USD₮0,0.05,Голубая фишка/стейбл,4164592.373085,Авто-ребаланс,20.0,11.804906297712423,-58.101633600271676,0.2763808562299649,-15.340115482109763,-58.101633600271676,2,11.8937557702702,52.42820200590506,67.76831748801482,99.94725738396625,1
8453:0x160d7e9d948b16c163332a277b393c288408eb12,Base,Aerodrome Slipstream,USDC/CBBTC,0.0218,Голубая фишка/стейбл,5221477.505015,Авто-ребаланс,15.0,8.143875547535487,-58.353967824540035,-4.356333627372842,-18.188808634792462,-58.353967824540035,1,9.19444057348641,49.13562063069898,67.32442926549145,99.95370370370371,1
8453:0xb4cb800910b228ed3d0834cf79d697127bbb00e5,Base,Uniswap v3,WETH/USDC,0.01,Голубая фишка/стейбл,698189.675847,Авто-ребаланс,10.0,-14.762645936321181,-58.45176762100061,-11.413154538839956,-28.20918936538725,-58.45176762100061,0,24.889954663486705,66.90303935435038,95.11222871973763,99.8146860351311,4
8453:0x6c561b446416e1a00e8e93e221854d6ea4171372,Base,Uniswap v3,WETH/USDC,0.3,Голубая фишка/стейбл,163067768.867821,Авто-ребаланс,15.0,16.741977383374568,-58.56338445452721,3.0245685482704507,-12.932279507627397,-58.56338445452721,2,29.365423100926492,82.16331372559237,95.09559323321977,99.95370370370371,1
42161:0x2f5e87c9312fa29aed5c179e456625d79015299c,Arbitrum,Uniswap v3,WBTC/WETH,0.05,ETH/BTC,36435974.017664,Авто-ребаланс,2.5,-0.9759062961249735,-58.79107836364599,-31.036468657900468,-30.26781777255714,-58.79107836364599,0,35.336439723377026,132.7237083237562,162.99152609631332,99.35925775746581,13
8453:0x4e962bb3889bf030368f56810a9c96b83cb3e778,Base,Aerodrome Slipstream,USDC/CBBTC,0.0532,Голубая фишка/стейбл,6040393.319163,"Стейк AERO, авто-ребаланс",15.0,8.74962013597561,-58.926898567523644,-4.154499155085407,-18.110592528877813,-58.926898567523644,1,9.39430144720977,49.19070106582562,67.30129359470342,99.95370370370371,1
42161:0x03df2300e83353309c1069ae3ea89c31b361a009f9c36a1de5c8f0afcc45bde8,Arbitrum,Uniswap v4,ETH/USDC,0.3499,Голубая фишка/стейбл,3237764.513506,Пассивно,30.0,43.017124913567336,-58.94584395226757,8.343751900424824,-2.5283223794251377,-58.94584395226757,2,33.7499107291852,92.59140370573532,95.11972608516045,95.7288765088208,0
8453:0xd0b53d9277642d899df5c87a3966a349a798f224,Base,Uniswap v3,WETH/USDC,0.05,Голубая фишка/стейбл,10060511.434283,Авто-ребаланс,10.0,-5.388107254983982,-59.05439732168467,1.290497477510768,-21.05066903305263,-59.05439732168467,1,32.23653768401276,74.06897163123683,95.11964066428946,99.8146860351311,4
8453:0x2fbe93bf7177596c5d04675bdcef7bacaf98bd954dc26829fcda39f122239459,Base,Uniswap v4,ETH/CBBTC,0.0625,ETH/BTC,1981581.017285,Авто-ребаланс,2.5,67.40659435366523,-59.1254629090069,-38.181998348868426,-9.9669556347367,-59.1254629090069,1,63.89374350910896,152.58323335070097,162.55018898543767,99.25925925925927,16
8453:0xb24f7fcd75c3a001b74be4c60f181c024154c4d7c33097777e3950979042b073,Base,Uniswap v4,TBTC/USDC,0.3499,Голубая фишка/стейбл,726649.624081,Пассивно,30.0,-0.6122584040849202,-59.307610494347266,-2.0039475586282998,-20.641272152353494,-59.307610494347266,0,1.9687416757785838,47.24364896287727,67.88492111523077,100.0,0
8453:0xb24f7fcd75c3a001b74be4c60f181c024154c4d7c33097777e3950979042b073,Base,Uniswap v4,TBTC/USDC,0.3499,Голубая фишка/стейбл,726649.624081,Авто-ребаланс,30.0,-0.6122584040849202,-59.307610494347266,-2.0039475586282998,-20.641272152353494,-59.307610494347266,0,1.9687416757785838,47.24364896287727,67.88492111523077,100.0,0
42161:0x70bf44c3a9b6b047bf60e5a05968225dbf3d6a5b9e8a95a73727e48921e889c1,Arbitrum,Uniswap v4,WBTC/USDC,0.3499,Голубая фишка/стейбл,328691.173448,Авто-ребаланс,10.0,11.788839612080443,-59.32254813285183,-5.0647512235117595,-17.53281991476105,-59.32254813285183,1,16.11418519834794,50.60524823320738,68.13806814796841,99.9040767386091,2
8453:0x4e962bb3889bf030368f56810a9c96b83cb3e778,Base,Aerodrome Slipstream,USDC/CBBTC,0.0532,Голубая фишка/стейбл,6040393.319163,Авто-ребаланс,15.0,7.778877918895656,-59.55035255549986,-4.024068644120258,-18.598514426908157,-59.55035255549986,1,8.90637954917935,48.70277916779527,67.30129359470342,99.95370370370371,1
42161:0x8b3781471ab98774c59775df9cc505ce20b36afffd297aef2dc17daafce3b140,Arbitrum,Uniswap v4,ETH/WBTC,0.0625,ETH/BTC,1296036.003108,Авто-ребаланс,5.0,9.636370462424727,-59.57676358870296,-16.56103030162324,-22.167141142633824,-59.57676358870296,1,23.952095630324823,140.32281321340494,162.48995435603877,99.81436228480734,4
8453:0xf97db19953c4309b3af2ceb9cce172939e8868321a24656667d44cccb31c9ddc,Base,Uniswap v4,USDC/CBBTC,0.1762,Голубая фишка/стейбл,1318687.924526,Авто-ребаланс,10.0,21.568237156062764,-59.603658342604604,-6.91029338224958,-14.981904856263807,-59.603658342604604,1,19.067360613119874,52.5690970757372,67.551001932001,99.9074074074074,2
8453:0x6c561b446416e1a00e8e93e221854d6ea4171372,Base,Uniswap v3,WETH/USDC,0.3,Голубая фишка/стейбл,163067768.867821,Авто-ребаланс,20.0,12.96959856577743,-59.80820162473447,2.3432070354679038,-14.83179867449638,-59.80820162473447,2,22.69078848319874,80.26379455872348,95.09559323321984,99.95370370370371,1
8453:0xb07d7eece8866e549601af5c7622d8cdbedc914e,Base,Aerodrome Slipstream,EURC/CBBTC,0.05,Голубая фишка/стейбл,360550.369394,"Стейк AERO, пассивно",20.0,28.026007396859665,-59.87022748293307,3.6986976079111473,-9.381840826054084,-59.87022748293307,2,24.33927134546663,62.05352134457091,71.435362170625,90.1252408477842,0
42161:0xc31e54c7a869b9fcbecc14363cf510d1c41fa443,Arbitrum,Uniswap v3,WETH/USDC,0.05,Голубая фишка/стейбл,1118511.713936,Авто-ребаланс,20.0,16.481555647278586,-60.00784134276942,1.8754392767973997,-13.88361547289781,-60.00784134276942,2,22.661013572080545,81.17276752896684,95.05638300186466,99.94666666666666,1
8453:0xe070797535b13431808f8fc81fdbe7b41362960ed0b55bc2b6117c49c51b7eb9,Base,Uniswap v4,ETH/USDC,0.3499,Голубая фишка/стейбл,4569506.258214,Пассивно,30.0,28.700085539783828,-60.27000284605521,11.427171863599252,-6.714248480890711,-60.27000284605521,2,29.639779749274126,88.52463536109514,95.23888384198585,95.87962962962963,0
42161:0x80c735c5a0222241f211b3edb8df2ccefad94553ec18f1c29143f0399c78f500,Arbitrum,Uniswap v4,WBTC/USDC,0.0625,Голубая фишка/стейбл,3536486.871302,Авто-ребаланс,10.0,9.09363279952103,-60.27556734022353,4.215061057928379,-15.65562449425804,-60.27556734022353,2,17.601304577860763,51.68046680763135,67.3360913018894,99.9071494893222,2
42161:0x80c735c5a0222241f211b3edb8df2ccefad94553ec18f1c29143f0399c78f500,Arbitrum,Uniswap v4,WBTC/USDC,0.0625,Голубая фишка/стейбл,3536486.871302,Авто-ребаланс,20.0,4.870934308955372,-60.425543263114925,2.272002053108457,-17.760868967017032,-60.425543263114925,2,9.433762222027624,49.57522233487228,67.33609130188931,99.9535747446611,1
8453:0x12d76c5c8ec8edffd3c143995b0aa43fe44a6d71eb9113796272909e54b8e078,Base,Uniswap v4,USDC/CBBTC,0.0625,Голубая фишка/стейбл,3371381.514772,Авто-ребаланс,20.0,18.400875287557,-60.45617241004072,5.347741668257261,-12.235851818075487,-60.45617241004072,2,18.285711144270017,54.97285700682702,67.20870882490252,99.95370370370371,1
42161:0x641c00a822e8b671738d32a431a4fb6074e5c79d,Arbitrum,Uniswap v3,WETH/USD₮0,0.05,Голубая фишка/стейбл,6444291.054483,Авто-ребаланс,10.0,-6.141816446163354,-60.68507349700765,1.2677694566338051,-21.853040162179067,-60.68507349700765,1,31.51578874134251,73.01695253411962,94.8699926962987,99.7995080071661,4
42161:0x843ac8dc6d34aeb07a56812b8b36429ee46bdd07,Arbitrum,Pancake v3,WBTC/USDC,0.05,Голубая фишка/стейбл,406657.816518,Авто-ребаланс,5.0,-5.236166899529602,-60.96506170164668,-34.058902064770294,-33.42004355531552,-60.96506170164668,0,22.56503142067243,34.520279338201064,67.9403228935166,99.5403616224703,9
42161:0xc6962004f452be9203591991d15f6b388e09e8d0,Arbitrum,Uniswap v3,WETH/USDC,0.05,Голубая фишка/стейбл,37096104.750623,Авто-ребаланс,10.0,-2.952287292200572,-61.35763850298744,1.2733089774613198,-21.012205605908896,-61.35763850298744,1,33.69556606983612,74.07183809738892,95.08404370329782,99.80014578224814,4
42161:0x0e4831319a50228b9e450861297ab92dee15b44f,Arbitrum,Uniswap v3,WBTC/USDC,0.05,Голубая фишка/стейбл,8037861.079307,Авто-ребаланс,20.0,8.446769930859734,-61.38874436725706,1.2303332924920747,-17.237213714635086,-61.38874436725706,2,9.905715706490481,50.12282447315413,67.36003818778921,99.94734070563455,1
42161:0x843ac8dc6d34aeb07a56812b8b36429ee46bdd07,Arbitrum,Pancake v3,WBTC/USDC,0.05,Голубая фишка/стейбл,406657.816518,Авто-ребаланс,15.0,9.661331411277654,-61.499265675929735,-6.9507702630011,-19.59623484255106,-61.499265675929735,1,8.384677829459697,48.34408805096553,67.9403228935166,99.94435169727323,1
8453:0x9785ef59e2b499fb741674ecf6faf912df7b3c1b,Base,Aerodrome Slipstream,WETH/USDT,0.0445,Голубая фишка/стейбл,2460467.75359,"Стейк AERO, авто-ребаланс",5.0,2.6363192822856063,-61.51018077653784,-29.085465587548132,-29.319775693933455,-61.51018077653784,1,51.06900285354672,65.78041227045509,95.10018796438855,99.4904831813733,11
42161:0x70bf44c3a9b6b047bf60e5a05968225dbf3d6a5b9e8a95a73727e48921e889c1,Arbitrum,Uniswap v4,WBTC/USDC,0.3499,Голубая фишка/стейбл,328691.173448,Авто-ребаланс,20.0,6.414914713440188,-61.8396227895446,-2.5495444368058635,-19.324750837636756,-61.8396227895446,1,8.790391539051965,48.813317310331584,68.13806814796834,99.95203836930456,1
42161:0x0e4831319a50228b9e450861297ab92dee15b44f,Arbitrum,Uniswap v3,WBTC/USDC,0.05,Голубая фишка/стейбл,8037861.079307,Авто-ребаланс,10.0,15.799580543717381,-61.93605697033336,2.287203665839182,-14.616424253592266,-61.93605697033336,2,18.510982719443607,52.7436139341968,67.36003818778906,99.89468141126909,2
8453:0xb2cc224c1c9fee385f8ad6a55b4d94e92359dc59,Base,Aerodrome Slipstream,WETH/USDC,0.0728,Голубая фишка/стейбл,8562745.065349,"Стейк AERO, авто-ребаланс",10.0,-0.7779327919792133,-62.037292257105015,-7.843962048207996,-23.553062365764074,-62.037292257105015,0,30.47023673924053,71.5851523114856,95.13821467724966,99.81481481481482,4
8453:0xb94b22332abf5f89877a14cc88f2abc48c34b3df,Base,Pancake v3,USDC/CBBTC,0.01,Голубая фишка/стейбл,1762252.850586,Авто-ребаланс,10.0,9.18853508410017,-62.739023775210676,-6.83839015990257,-20.129626283671026,-62.739023775210676,1,12.692403616647953,47.155935522782954,67.28556180645397,99.90727862772368,2
42161:0x641c00a822e8b671738d32a431a4fb6074e5c79d,Arbitrum,Uniswap v3,WETH/USD₮0,0.05,Голубая фишка/стейбл,6444291.054483,Авто-ребаланс,20.0,6.4603350518104525,-62.936077119878384,-0.8146891224851432,-19.096810396851026,-62.936077119878384,1,17.067098758459963,75.77318229944781,94.86999269629884,99.94700582935877,1
8453:0x3e66e55e97ce60096f74b7c475e8249f2d31a9fb,Base,Aerodrome Slipstream,USDC/CBBTC,0.0346,Голубая фишка/стейбл,7355675.077588,Авто-ребаланс,20.0,12.591731893875677,-62.99552001234361,4.393378183403077,-15.336803311688286,-62.99552001234361,2,15.083982731495846,51.9536938808633,67.29049719255158,99.95318352059925,1
8453:0xb775272e537cc670c65dc852908ad47015244eaf,Base,Pancake v3,WETH/USDC,0.05,Голубая фишка/стейбл,1219742.77141,Авто-ребаланс,10.0,-2.448921356310353,-63.312139025583456,-10.132582594654787,-25.297880992182865,-63.312139025583456,0,27.98536296963107,69.8404951972114,95.13837618939425,99.8136454895633,4
8453:0xec558e484cc9f2210714e345298fdc53b253c27d,Base,Uniswap v3,USDC/CBBTC,0.3,Голубая фишка/стейбл,1791948.233748,Авто-ребаланс,10.0,9.81826520841028,-63.533494631122956,2.1679603111170143,-17.182423037198554,-63.533494631122956,2,17.51767677026967,51.091115800827104,68.27353883802564,99.85475671750181,2
42161:0xc6962004f452be9203591991d15f6b388e09e8d0,Arbitrum,Uniswap v3,WETH/USDC,0.05,Голубая фишка/стейбл,37096104.750623,Авто-ребаланс,5.0,7.358565151042187,-63.58873963022802,-0.2892473538170422,-18.839807277667624,-63.58873963022802,1,63.55289164155811,76.24423642563004,95.08404370329765,99.51115147885092,10
8453:0x3fe04a59ebd38cf06080a6f60a98d124eb59392a,Base,Aerodrome Slipstream,WETH/USDC,0.0625,Голубая фишка/стейбл,12279890.854137,Авто-ребаланс,5.0,19.761374476269125,-63.60801021662373,-42.92188823525261,-28.922841325202405,-63.60801021662373,1,52.806527423188186,66.18138118511278,95.1042225103152,99.4904831813733,11
8453:0x9785ef59e2b499fb741674ecf6faf912df7b3c1b,Base,Aerodrome Slipstream,WETH/USDT,0.0445,Голубая фишка/стейбл,2460467.75359,"Стейк AERO, авто-ребаланс",10.0,-3.6679628898140892,-63.655022531781356,-10.481927232691508,-25.93497088476232,-63.655022531781356,0,27.115345826280024,69.16521707962609,95.1001879643884,99.8146860351311,4
8453:0x160d7e9d948b16c163332a277b393c288408eb12,Base,Aerodrome Slipstream,USDC/CBBTC,0.0218,Голубая фишка/стейбл,5221477.505015,"Стейк AERO, авто-ребаланс",10.0,13.609726786700977,-63.87770015018822,-5.3508380650674185,-18.53960380951822,-63.87770015018822,1,14.450089455233197,48.7848254559733,67.32442926549152,99.9074074074074,2
42161:0x4bfc22a4da7f31f8a912a79a7e44a822398b4390,Arbitrum,Pancake v3,WBTC/WETH,0.01,ETH/BTC,1222600.001321,Авто-ребаланс,5.0,-6.993265809551397,-64.15471195215672,-21.85043966849308,-30.999472476733732,-64.15471195215672,0,12.478946152094675,131.9876914767608,162.98716395349456,99.8011609697507,4
8453:0x3e66e55e97ce60096f74b7c475e8249f2d31a9fb,Base,Aerodrome Slipstream,USDC/CBBTC,0.0346,Голубая фишка/стейбл,7355675.077588,"Стейк AERO, авто-ребаланс",20.0,15.77865954955631,-64.50557519426987,4.8217280854170745,-14.635062519765494,-64.50557519426987,2,15.785723523418707,52.655434672786086,67.29049719255158,99.95318352059925,1
8453:0x160d7e9d948b16c163332a277b393c288408eb12,Base,Aerodrome Slipstream,USDC/CBBTC,0.0218,Голубая фишка/стейбл,5221477.505015,Авто-ребаланс,10.0,11.807918287741188,-64.66520307289743,-6.3207521079409315,-19.726012297699057,-64.66520307289743,1,13.263680967052343,47.59841696779247,67.32442926549152,99.9074074074074,2
42161:0x843ac8dc6d34aeb07a56812b8b36429ee46bdd07,Arbitrum,Pancake v3,WBTC/USDC,0.05,Голубая фишка/стейбл,406657.816518,Авто-ребаланс,20.0,7.502742507831442,-64.75457201535755,-5.366366969159432,-20.872732158895182,-64.75457201535755,1,6.507617582018378,47.06759073462126,67.94032289351644,99.94435169727323,1
8453:0xb4cb800910b228ed3d0834cf79d697127bbb00e5,Base,Uniswap v3,WETH/USDC,0.01,Голубая фишка/стейбл,698189.675847,Авто-ребаланс,20.0,0.8624636301657906,-64.75502116708634,-5.56452944114505,-23.152362326021866,-64.75502116708634,1,13.577039715857925,71.95986639371598,95.11222871973786,99.95363931386184,1
8453:0xd0b53d9277642d899df5c87a3966a349a798f224,Base,Uniswap v3,WETH/USDC,0.05,Голубая фишка/стейбл,10060511.434283,Авто-ребаланс,20.0,5.670009727540106,-64.76904334600704,1.2802831758102757,-19.272916814218885,-64.76904334600704,2,17.401037467556808,75.84672385007059,95.11964066428946,99.95363931386184,1
42161:0xc6962004f452be9203591991d15f6b388e09e8d0,Arbitrum,Uniswap v3,WETH/USDC,0.05,Голубая фишка/стейбл,37096104.750623,Авто-ребаланс,20.0,8.21842374649798,-64.8910452314475,1.2663908459816442,-18.468743546322628,-64.8910452314475,2,18.204363582771908,76.61530015697504,95.08404370329767,99.94742376445846,1
8453:0x3fe04a59ebd38cf06080a6f60a98d124eb59392a,Base,Aerodrome Slipstream,WETH/USDC,0.0625,Голубая фишка/стейбл,12279890.854137,Авто-ребаланс,10.0,5.468837172004854,-65.30815899082137,-17.80082355255297,-25.880048457123163,-65.30815899082137,1,27.938517115565933,69.22417405319203,95.1042225103152,99.8146860351311,4
8453:0xaa5fe7dcc07dcb8b7afcd1b93874e7cb1e0ab50b,Base,Aerodrome Slipstream,WETH/EURC,0.05,Голубая фишка/стейбл,892023.559055,"Стейк AERO, авто-ребаланс",20.0,10.731135578078204,-65.32135562708818,-18.89690274866251,-24.49570759922416,-65.32135562708818,1,16.160263904567458,74.81575946738904,99.3114670666132,99.95291902071563,1
42161:0xc82819f72a9e77e2c0c3a69b3196478f44303cf4,Arbitrum,Uniswap v3,WETH/USD₮0,0.3,Голубая фишка/стейбл,367911.495425,Авто-ребаланс,10.0,-16.02717808304529,-65.37845268386081,14.367924865619997,-22.34590196709537,-65.37845268386081,1,32.755592362309216,72.62034023880446,94.96624220589982,99.65599366439082,4
42161:0x864abca0a6202dba5b8868772308da953ff125b0f95015adbf89aaf579e903a8,Arbitrum,Uniswap v4,ETH/USDC,0.0625,Голубая фишка/стейбл,7143372.960387,Пассивно,30.0,7.239992789172985,-65.46906124023664,2.0235388518704225,-18.73517653306441,-65.46906124023664,2,18.28927650606477,76.31759653078838,95.05277306385278,95.12534818941504,0
42161:0xf3eb87c1f6020982173c908e7eb31aa66c1f0296,Arbitrum,Sushi v3,WETH/USDC,0.05,Голубая фишка/стейбл,368038.72732,Пассивно,30.0,21.253148554149455,-65.57421973249757,6.756129526777571,-12.52164721719018,-65.57421973249757,2,24.418330650921096,82.43996171953835,94.96160893672851,95.44206479956068,0
8453:0x4e962bb3889bf030368f56810a9c96b83cb3e778,Base,Aerodrome Slipstream,USDC/CBBTC,0.0532,Голубая фишка/стейбл,6040393.319163,"Стейк AERO, авто-ребаланс",10.0,12.687428130678278,-65.66950592377813,-6.0285802784752285,-19.670219357191694,-65.66950592377813,1,13.580935281691206,47.63107423751166,67.30129359470335,99.9074074074074,2
42161:0xc473e2aee3441bf9240be85eb122abb059a3b57c,Arbitrum,Uniswap v3,WETH/USDC,0.3,Голубая фишка/стейбл,5705323.513293,Авто-ребаланс,10.0,-2.2584870660192458,-65.9954301678199,19.121790485409175,-16.377375582809993,-65.9954301678199,1,38.75509970726789,78.67371777860018,95.05109336141017,99.71089449205171,4
8453:0x72ab388e2e2f6facef59e3c3fa2c4e29011c2d38,Base,Pancake v3,WETH/USDC,0.01,Голубая фишка/стейбл,4969308.957636,Авто-ребаланс,10.0,-11.119768899622699,-66.0639888596873,-11.034099939584893,-29.405952566298296,-66.0639888596873,0,23.69563111941254,65.70576516528364,95.11171773158193,99.81481481481482,4
8453:0xb2cc224c1c9fee385f8ad6a55b4d94e92359dc59,Base,Aerodrome Slipstream,WETH/USDC,0.0728,Голубая фишка/стейбл,8562745.065349,"Стейк AERO, авто-ребаланс",20.0,8.534293416828268,-66.53092521366976,-3.266598297822572,-20.421076698221356,-66.53092521366976,1,16.43253566016975,74.71713797902838,95.13821467724975,99.95370370370371,1
42161:0xc473e2aee3441bf9240be85eb122abb059a3b57c,Arbitrum,Uniswap v3,WETH/USDC,0.3,Голубая фишка/стейбл,5705323.513293,Авто-ребаланс,20.0,8.082320333615002,-66.54923081833272,9.494174860324144,-16.32424520813119,-66.54923081833272,2,20.995906517872754,78.72684815327906,95.05109336141025,99.91830065359477,1
8453:0x4e962bb3889bf030368f56810a9c96b83cb3e778,Base,Aerodrome Slipstream,USDC/CBBTC,0.0532,Голубая фишка/стейбл,6040393.319163,Авто-ребаланс,10.0,11.279866397694024,-66.64797573307803,-5.839347199129822,-20.402485511504608,-66.64797573307803,1,12.848669127378313,46.898808083198745,67.30129359470335,99.9074074074074,2
42161:0xc82819f72a9e77e2c0c3a69b3196478f44303cf4,Arbitrum,Uniswap v3,WETH/USD₮0,0.3,Голубая фишка/стейбл,367911.495425,Авто-ребаланс,20.0,1.0812468276896683,-66.95601528176537,7.991616251572789,-19.29438406750097,-66.95601528176537,2,18.578030061599527,75.67185813839899,94.96624220589997,99.89484752891693,1
8453:0xb775272e537cc670c65dc852908ad47015244eaf,Base,Pancake v3,WETH/USDC,0.05,Голубая фишка/стейбл,1219742.77141,Авто-ребаланс,20.0,7.342869987288565,-67.00542805391598,-4.902612255096683,-21.5217234405747,-67.00542805391598,1,15.155221605785531,73.61665274881949,95.13837618939418,99.95318352059925,1
8453:0x9785ef59e2b499fb741674ecf6faf912df7b3c1b,Base,Aerodrome Slipstream,WETH/USDT,0.0445,Голубая фишка/стейбл,2460467.75359,"Стейк AERO, авто-ребаланс",20.0,6.657158182993668,-67.01194621022543,-5.621984083046123,-21.99225737009263,-67.01194621022543,1,14.661128223896194,73.10793059429591,95.10018796438854,99.95363931386184,1
8453:0xb4cb800910b228ed3d0834cf79d697127bbb00e5,Base,Uniswap v3,WETH/USDC,0.01,Голубая фишка/стейбл,698189.675847,Авто-ребаланс,15.0,1.0359556241851169,-67.10892367311007,-7.226957741438021,-24.433308596787658,-67.10892367311007,1,17.49252682198805,70.67892012295026,95.11222871973791,99.95363931386184,1
42161:0xd9e2a1a61b6e61b275cec326465d417e52c1b95c,Arbitrum,Pancake v3,WETH/USDC,0.05,Голубая фишка/стейбл,787147.903277,Авто-ребаланс,20.0,6.766040741282356,-67.22934977899544,-2.9572869464521654,-21.140198661388418,-67.22934977899544,1,15.102592575672421,73.90408663738643,95.04428529877484,99.94526546250684,1
8453:0xd0b53d9277642d899df5c87a3966a349a798f224,Base,Uniswap v3,WETH/USDC,0.05,Голубая фишка/стейбл,10060511.434283,Авто-ребаланс,15.0,7.31451082296138,-67.53594323538674,1.6467460922261126,-19.524895440066416,-67.53594323538674,2,22.495985393769388,75.59474522422327,95.11964066428969,99.95363931386184,1
8453:0x3fe04a59ebd38cf06080a6f60a98d124eb59392a,Base,Aerodrome Slipstream,WETH/USDC,0.0625,Голубая фишка/стейбл,12279890.854137,Авто-ребаланс,20.0,11.725931060599995,-67.57997676127292,-8.742469722435674,-21.532171807702866,-67.57997676127292,1,15.064321043720515,73.57205070261233,95.1042225103152,99.95363931386184,1
8453:0xfbb6eed8e7aa03b138556eedaf5d271a5e1e43ef,Base,Uniswap v3,USDC/CBBTC,0.05,Голубая фишка/стейбл,8506440.807863,Авто-ребаланс,20.0,9.980808584849065,-67.94719065518193,2.0463541130017653,-18.640009319110366,-67.94719065518193,2,11.746106169396514,48.60145950297062,67.24146882208099,99.95370370370371,1
8453:0x72ab388e2e2f6facef59e3c3fa2c4e29011c2d38,Base,Pancake v3,WETH/USDC,0.01,Голубая фишка/стейбл,4969308.957636,Авто-ребаланс,20.0,2.693646746253332,-68.01535114536047,-5.433286705122979,-23.584997034743374,-68.01535114536047,1,12.800750067967396,71.5267206968385,95.11171773158186,99.95370370370371,1
42161:0x864abca0a6202dba5b8868772308da953ff125b0f95015adbf89aaf579e903a8,Arbitrum,Uniswap v4,ETH/USDC,0.0625,Голубая фишка/стейбл,7143372.960387,Авто-ребаланс,30.0,7.239992789172985,-68.3106372868736,2.0235388518704225,-19.682368548610064,-68.3106372868736,2,20.561436973685634,75.37040451524273,95.05277306385278,99.9535747446611,1
42161:0x843ac8dc6d34aeb07a56812b8b36429ee46bdd07,Arbitrum,Pancake v3,WBTC/USDC,0.05,Голубая фишка/стейбл,406657.816518,Авто-ребаланс,10.0,13.9434107549896,-68.33784143311334,-10.148069850775327,-21.514166842966354,-68.33784143311334,1,12.069781545088603,46.42615605055023,67.94032289351658,99.88870339454647,2
8453:0xf97db19953c4309b3af2ceb9cce172939e8868321a24656667d44cccb31c9ddc,Base,Uniswap v4,USDC/CBBTC,0.1762,Голубая фишка/стейбл,1318687.924526,Авто-ребаланс,20.0,11.817629250246755,-68.4208466601751,-2.767486039340826,-19.790234483089723,-68.4208466601751,1,11.111705819318173,47.76076744891128,67.551001932001,99.95370370370371,1
42161:0xd9e2a1a61b6e61b275cec326465d417e52c1b95c,Arbitrum,Pancake v3,WETH/USDC,0.05,Голубая фишка/стейбл,787147.903277,Авто-ребаланс,10.0,-5.814797101511676,-68.4626482216226,-7.019869479334605,-27.099104934156294,-68.4626482216226,0,27.563192039306085,67.94518036461855,95.04428529877484,99.79555471980014,4
42161:0x03df2300e83353309c1069ae3ea89c31b361a009f9c36a1de5c8f0afcc45bde8,Arbitrum,Uniswap v4,ETH/USDC,0.3499,Голубая фишка/стейбл,3237764.513506,Авто-ребаланс,30.0,43.017124913567336,-68.76568727497823,8.343751900424824,-5.801603486995358,-68.76568727497823,2,34.6380282213589,89.31812259816509,95.11972608516045,99.9535747446611,1
8453:0xb2cc224c1c9fee385f8ad6a55b4d94e92359dc59,Base,Aerodrome Slipstream,WETH/USDC,0.0728,Голубая фишка/стейбл,8562745.065349,"Стейк AERO, авто-ребаланс",15.0,11.01479168909044,-69.41466727859267,-4.218303896317878,-20.87272649527337,-69.41466727859267,1,21.23232568458478,74.26548818197628,95.13821467724966,99.95370370370371,1
42161:0x641c00a822e8b671738d32a431a4fb6074e5c79d,Arbitrum,Uniswap v3,WETH/USD₮0,0.05,Голубая фишка/стейбл,6444291.054483,Авто-ребаланс,15.0,8.32162414370762,-69.66007036581627,-1.0697029057277518,-20.802716375945465,-69.66007036581627,1,21.989096053724516,74.0672763203533,94.86999269629878,99.94700582935877,1
42161:0x149e36e72726e0bcea5c59d40df2c43f60f5a22d,Arbitrum,Uniswap v3,WBTC/WETH,0.3,ETH/BTC,836790.451023,Авто-ребаланс,2.5,-30.770603006940544,-69.93156121931314,-31.530118855382298,-44.07742769387866,-69.93156121931314,0,20.909618669554366,114.57787755391897,158.65530524779763,98.72605003391976,11
8453:0xb2cc224c1c9fee385f8ad6a55b4d94e92359dc59,Base,Aerodrome Slipstream,WETH/USDC,0.0728,Голубая фишка/стейбл,8562745.065349,Авто-ребаланс,10.0,-10.11918275542046,-69.96187650919309,6.8090536247564675,-24.42400187995236,-69.96187650919309,1,29.599297225052137,70.71421279729731,95.13821467724966,99.81481481481482,4
8453:0xb24f7fcd75c3a001b74be4c60f181c024154c4d7c33097777e3950979042b073,Base,Uniswap v4,TBTC/USDC,0.3499,Голубая фишка/стейбл,726649.624081,Авто-ребаланс,15.0,-1.1278112935887414,-70.01134018743358,-3.6833186102417126,-24.940823363754678,-70.01134018743358,0,3.5552532851004197,42.94409775147594,67.88492111523061,99.94871794871796,1
42161:0x4bfc22a4da7f31f8a912a79a7e44a822398b4390,Arbitrum,Pancake v3,WBTC/WETH,0.01,ETH/BTC,1222600.001321,Авто-ребаланс,2.5,-15.173185963617064,-70.12499502342784,-34.01002939854006,-39.76940346186166,-70.12499502342784,0,23.814389503812894,123.21776049163287,162.98716395349456,99.36227706854336,13
42161:0xf3eb87c1f6020982173c908e7eb31aa66c1f0296,Arbitrum,Sushi v3,WETH/USDC,0.05,Голубая фишка/стейбл,368038.72732,Авто-ребаланс,30.0,21.253148554149455,-70.26945056770346,6.756129526777571,-14.086724162258811,-70.26945056770346,2,25.74841755000728,80.8748847744697,94.96160893672851,99.945085118067,1
8453:0x9785ef59e2b499fb741674ecf6faf912df7b3c1b,Base,Aerodrome Slipstream,WETH/USDT,0.0445,Голубая фишка/стейбл,2460467.75359,"Стейк AERO, авто-ребаланс",15.0,8.560858420031385,-70.27489086413627,-7.2624799270121,-22.992170790372327,-70.27489086413627,1,18.9249622698633,72.10801717401614,95.10018796438847,99.95363931386184,1
8453:0xb775272e537cc670c65dc852908ad47015244eaf,Base,Pancake v3,WETH/USDC,0.05,Голубая фишка/стейбл,1219742.77141,Авто-ребаланс,15.0,9.455519353722474,-70.4708416172402,-6.3520329430936755,-22.455785068870465,-70.4708416172402,1,19.56660712673748,72.68259112052364,95.13837618939411,99.95318352059925,1
8453:0xaa5fe7dcc07dcb8b7afcd1b93874e7cb1e0ab50b,Base,Aerodrome Slipstream,WETH/EURC,0.05,Голубая фишка/стейбл,892023.559055,"Стейк AERO, авто-ребаланс",15.0,13.841954227560379,-70.74587211437941,-28.461631226307993,-28.45518303770901,-70.74587211437941,1,20.80670342227801,70.85628402890404,99.31146706661305,99.90662272441934,2
8453:0xb2cc224c1c9fee385f8ad6a55b4d94e92359dc59,Base,Aerodrome Slipstream,WETH/USDC,0.0728,Голубая фишка/стейбл,8562745.065349,Авто-ребаланс,20.0,3.457969322605607,-70.75224565365579,4.8403794290789905,-20.817965633990397,-70.75224565365579,2,16.035646724400642,74.32024904325934,95.13821467724975,99.95370370370371,1
42161:0xc82819f72a9e77e2c0c3a69b3196478f44303cf4,Arbitrum,Uniswap v3,WETH/USD₮0,0.3,Голубая фишка/стейбл,367911.495425,Авто-ребаланс,15.0,1.1773220274876772,-70.83721094746018,9.773343391232334,-19.962181842913388,-70.83721094746018,2,23.581938502084082,75.00406036298672,94.96624220590013,99.89484752891693,1
42161:0x4d1576158518dd61924218446c1057cf03138d57,Arbitrum,Sushi v3,WETH/USDC,0.3,Голубая фишка/стейбл,497694.662033,Авто-ребаланс,20.0,4.085292962085577,-71.04791781448218,2.344370627852568,-21.53941807484801,-71.04791781448218,2,16.45280475631367,73.69332560363125,95.23274367847925,99.88738738738739,1
42161:0xc31e54c7a869b9fcbecc14363cf510d1c41fa443,Arbitrum,Uniswap v3,WETH/USDC,0.05,Голубая фишка/стейбл,1118511.713936,Авто-ребаланс,15.0,20.721295691567573,-71.36412204370016,2.079079844026988,-16.187915502701866,-71.36412204370016,2,28.749787620648558,78.86846749916279,95.05638300186466,99.94666666666666,1
8453:0x3fe04a59ebd38cf06080a6f60a98d124eb59392a,Base,Aerodrome Slipstream,WETH/USDC,0.0625,Голубая фишка/стейбл,12279890.854137,Авто-ребаланс,15.0,15.134859089923234,-71.42885424668603,-11.28599832252176,-22.526664493094852,-71.42885424668603,1,19.48069977661595,72.57755801722033,95.1042225103152,99.95363931386184,1
8453:0xb94b22332abf5f89877a14cc88f2abc48c34b3df,Base,Pancake v3,USDC/CBBTC,0.01,Голубая фишка/стейбл,1762252.850586,Авто-ребаланс,20.0,4.925665551037983,-71.49554326600858,-3.634517779178977,-23.401465164716527,-71.49554326600858,1,6.8057664512029135,43.8840966417376,67.28556180645413,99.95363931386184,1
8453:0xec558e484cc9f2210714e345298fdc53b253c27d,Base,Uniswap v3,USDC/CBBTC,0.3,Голубая фишка/стейбл,1791948.233748,Авто-ребаланс,20.0,5.259148885352312,-71.52222619800246,1.1958848750707292,-21.689064145859806,-71.52222619800246,2,9.416571038543479,46.58447469216592,68.27353883802573,99.9273783587509,1
42161:0xc473e2aee3441bf9240be85eb122abb059a3b57c,Arbitrum,Uniswap v3,WETH/USDC,0.3,Голубая фишка/стейбл,5705323.513293,Авто-ребаланс,5.0,-3.6910460666447973,-71.55229130498137,22.0903247817555,-17.717670863290223,-71.55229130498137,1,72.46672658464101,77.33342249812017,95.0510933614104,99.32681311577852,10
8453:0x6c561b446416e1a00e8e93e221854d6ea4171372,Base,Uniswap v3,WETH/USDC,0.3,Голубая фишка/стейбл,163067768.867821,Авто-ребаланс,10.0,6.890986718515565,-71.90054679140351,6.144991456734685,-19.621522872051088,-71.90054679140351,2,41.788951943653984,75.47407036116861,95.09559323321969,99.81481481481482,4
8453:0xb2cc224c1c9fee385f8ad6a55b4d94e92359dc59,Base,Aerodrome Slipstream,WETH/USDC,0.0728,Голубая фишка/стейбл,8562745.065349,Авто-ребаланс,5.0,-8.775479283344039,-72.13285821075961,0.6598991791572006,-26.749479438315483,-72.13285821075961,1,55.73538236346136,68.38873523893417,95.13821467724966,99.49074074074073,11
8453:0x160d7e9d948b16c163332a277b393c288408eb12,Base,Aerodrome Slipstream,USDC/CBBTC,0.0218,Голубая фишка/стейбл,5221477.505015,"Стейк AERO, авто-ребаланс",20.0,7.2726409512683,-72.25058994657125,-2.855618521044695,-22.611189172115882,-72.25058994657125,1,7.725380015291613,44.71324009337579,67.32442926549167,99.95370370370371,1
8453:0x3e66e55e97ce60096f74b7c475e8249f2d31a9fb,Base,Aerodrome Slipstream,USDC/CBBTC,0.0346,Голубая фишка/стейбл,7355675.077588,Авто-ребаланс,5.0,11.92955825697616,-72.42326068913607,-12.978927287686876,-24.490876573282264,-72.42326068913607,1,52.95290395748892,42.79962061926903,67.29049719255129,99.48723222540862,11
8453:0xaa5fe7dcc07dcb8b7afcd1b93874e7cb1e0ab50b,Base,Aerodrome Slipstream,WETH/EURC,0.05,Голубая фишка/стейбл,892023.559055,Авто-ребаланс,20.0,1.0189273687626943,-72.46598514479035,-26.439809659026952,-32.62895581168487,-72.46598514479035,1,8.027015692106808,66.68251125492833,99.3114670666132,99.95291902071563,1
8453:0x72ab388e2e2f6facef59e3c3fa2c4e29011c2d38,Base,Pancake v3,WETH/USDC,0.01,Голубая фишка/стейбл,4969308.957636,Авто-ребаланс,15.0,3.4704659473913426,-72.58773371493831,-7.018861289708473,-25.37870968575181,-72.58773371493831,1,16.544733063457738,69.73300804583013,95.11171773158193,99.95370370370371,1
42161:0xe88bba0ec2fc9091d68344b32b504abcc59f0aa9e1ae2ef048b69bc7ec3f4df8,Arbitrum,Uniswap v4,ETH/USD₮0,0.0625,Голубая фишка/стейбл,926636.364251,Авто-ребаланс,20.0,-4.405344605946563,-72.61879325178654,-3.0308496657582813,-26.684995841163797,-72.61879325178654,0,9.772694556177562,68.09406463138382,94.77906047254761,99.9535747446611,1
8453:0x160d7e9d948b16c163332a277b393c288408eb12,Base,Aerodrome Slipstream,USDC/CBBTC,0.0218,Голубая фишка/стейбл,5221477.505015,Авто-ребаланс,20.0,6.309648195504612,-72.64354135336984,-3.3739781087064937,-23.23595708885724,-72.64354135336984,1,7.100612098550209,44.088472176634426,67.32442926549167,99.95370370370371,1
42161:0x4d1576158518dd61924218446c1057cf03138d57,Arbitrum,Sushi v3,WETH/USDC,0.3,Голубая фишка/стейбл,497694.662033,Авто-ребаланс,10.0,-11.503785795314435,-72.78629130703156,3.8938700320095903,-26.798735690112135,-72.78629130703156,1,28.53396164388936,68.43400798836691,95.23274367847904,99.64183485305463,4
42161:0x8b3781471ab98774c59775df9cc505ce20b36afffd297aef2dc17daafce3b140,Arbitrum,Uniswap v4,ETH/WBTC,0.0625,ETH/BTC,1296036.003108,Авто-ребаланс,2.5,14.483735331961514,-72.85377108160885,-27.412048223452363,-28.594027991033236,-72.85377108160885,1,44.598320904080374,133.89592636500566,162.4899543560389,99.35049426182945,14
8453:0x12d76c5c8ec8edffd3c143995b0aa43fe44a6d71eb9113796272909e54b8e078,Base,Uniswap v4,USDC/CBBTC,0.0625,Голубая фишка/стейбл,3371381.514772,Пассивно,20.0,18.400875287557,-72.86328035014972,5.347741668257261,-16.371554464778487,-72.86328035014972,2,15.090063248958673,50.837154360124025,67.20870882490252,87.63888888888889,0
8453:0x3e66e55e97ce60096f74b7c475e8249f2d31a9fb,Base,Aerodrome Slipstream,USDC/CBBTC,0.0346,Голубая фишка/стейбл,7355675.077588,"Стейк AERO, пассивно",20.0,15.77865954955631,-73.09012532756748,4.8217280854170745,-17.496579230864697,-73.09012532756748,2,13.916421433668337,49.79391796168689,67.29049719255158,87.59363295880149,0
8453:0x4e962bb3889bf030368f56810a9c96b83cb3e778,Base,Aerodrome Slipstream,USDC/CBBTC,0.0532,Голубая фишка/стейбл,6040393.319163,"Стейк AERO, авто-ребаланс",20.0,6.778632672910518,-73.17275474398373,-3.2174764647991316,-23.203866178624114,-73.17275474398373,1,7.26075387645968,44.09742741607932,67.30129359470342,99.95370370370371,1
8453:0xb775272e537cc670c65dc852908ad47015244eaf,Base,Pancake v3,WETH/USDC,0.05,Голубая фишка/стейбл,1219742.77141,"Комиссии + фарм наград, пассивно",30.0,15.962007243008285,-73.38331506047547,5.6879366107867435,-17.244457068893478,-73.38331506047547,2,19.73671473880373,77.89391912050084,95.13837618939434,95.17790262172285,0
8453:0x4e962bb3889bf030368f56810a9c96b83cb3e778,Base,Aerodrome Slipstream,USDC/CBBTC,0.0532,Голубая фишка/стейбл,6040393.319163,Авто-ребаланс,20.0,6.026547093281824,-73.68012956640132,-3.116454646690421,-23.59001237326997,-73.68012956640132,1,6.874607681813837,43.71128122143345,67.30129359470342,99.95370370370371,1
42161:0xe88bba0ec2fc9091d68344b32b504abcc59f0aa9e1ae2ef048b69bc7ec3f4df8,Arbitrum,Uniswap v4,ETH/USD₮0,0.0625,Голубая фишка/стейбл,926636.364251,Авто-ребаланс,10.0,-26.58880431909817,-73.70969336948225,-7.7345774396435445,-36.01102504274132,-73.70969336948225,0,17.885226398656748,58.76803542980608,94.77906047254739,99.8145568967296,4
8453:0x3fe04a59ebd38cf06080a6f60a98d124eb59392a,Base,Aerodrome Slipstream,WETH/USDC,0.0625,Голубая фишка/стейбл,12279890.854137,"Стейк AERO, авто-ребаланс",20.0,0.21034025343024343,-73.71808005727355,-10.46569938598645,-27.99114639660992,-73.71808005727355,1,8.605346454813432,67.11307611370528,95.1042225103152,99.95363931386184,1
42161:0x7fcdc35463e3770c2fb992716cd070b63540b947,Arbitrum,Pancake v3,WETH/USDC,0.01,Голубая фишка/стейбл,473051.619529,Авто-ребаланс,20.0,1.1699865735353978,-73.72716001336613,-11.0848562594293,-27.88067656642001,-73.72716001336613,1,8.623458686784694,67.18425061366499,95.064927180085,99.9484004127967,1
42161:0x70bf44c3a9b6b047bf60e5a05968225dbf3d6a5b9e8a95a73727e48921e889c1,Arbitrum,Uniswap v4,WBTC/USDC,0.3499,Голубая фишка/стейбл,328691.173448,Пассивно,20.0,6.414914713440188,-73.93451352352372,-2.5495444368058635,-23.356381082296465,-73.93451352352372,1,7.560345225353012,44.781687065671875,68.13806814796834,88.96882494004797,0
8453:0x3e66e55e97ce60096f74b7c475e8249f2d31a9fb,Base,Aerodrome Slipstream,USDC/CBBTC,0.0346,Голубая фишка/стейбл,7355675.077588,Пассивно,20.0,12.591731893875677,-74.02219107134914,4.393378183403077,-19.012360331356795,-74.02219107134914,2,12.400640333176241,48.27813686119479,67.29049719255158,87.59363295880149,0
8453:0x6c561b446416e1a00e8e93e221854d6ea4171372,Base,Uniswap v3,WETH/USDC,0.3,Голубая фишка/стейбл,163067768.867821,Пассивно,30.0,9.191776485670996,-74.31678457983354,1.6607760272617784,-21.154744022300253,-74.31678457983354,2,15.194401664716862,73.9408492109193,95.09559323321955,95.74074074074075,0
8453:0xb94b22332abf5f89877a14cc88f2abc48c34b3df,Base,Pancake v3,USDC/CBBTC,0.01,Голубая фишка/стейбл,1762252.850586,"Комиссии + фарм наград, пассивно",20.0,12.46021621885461,-74.37025424413547,3.080674191431611,-19.609787944616414,-74.37025424413547,2,11.766464227640826,47.675773861837705,67.28556180645413,87.71441817338896,0
8453:0xf97db19953c4309b3af2ceb9cce172939e8868321a24656667d44cccb31c9ddc,Base,Uniswap v4,USDC/CBBTC,0.1762,Голубая фишка/стейбл,1318687.924526,Пассивно,20.0,11.817629250246755,-74.5094278363795,-2.767486039340826,-21.819761541824523,-74.5094278363795,1,9.493775059442019,45.73124039017648,67.551001932001,88.37962962962963,0
8453:0xaa5fe7dcc07dcb8b7afcd1b93874e7cb1e0ab50b,Base,Aerodrome Slipstream,WETH/EURC,0.05,Голубая фишка/стейбл,892023.559055,"Стейк AERO, авто-ребаланс",10.0,-2.4857083455984776,-74.70698103741573,-13.45913979471802,-30.21727639257741,-74.70698103741573,0,29.848001909296247,69.09419067403572,99.31146706661312,99.81324544883867,4
8453:0xb2cc224c1c9fee385f8ad6a55b4d94e92359dc59,Base,Aerodrome Slipstream,WETH/USDC,0.0728,Голубая фишка/стейбл,8562745.065349,Авто-ребаланс,15.0,4.462649580234226,-74.82854198620139,6.246422293852219,-21.373156704038315,-74.82854198620139,2,20.731895475819808,73.76505797321136,95.13821467724966,99.95370370370371,1
42161:0x149e36e72726e0bcea5c59d40df2c43f60f5a22d,Arbitrum,Uniswap v3,WBTC/WETH,0.3,ETH/BTC,836790.451023,Авто-ребаланс,5.0,-13.668633241805688,-74.84147510822598,-16.613738834571464,-35.04128239486771,-74.84147510822598,0,11.447961792013711,123.61402285293022,158.6553052477979,99.42003071608741,4
42161:0x5969efdde3cf5c0d9a88ae51e47d721096a97203,Arbitrum,Uniswap v3,WBTC/USD₮0,0.05,Голубая фишка/стейбл,4164592.373085,Пассивно,20.0,11.804906297712423,-74.92961925423953,0.2763808562299649,-20.94944403343238,-74.92961925423953,2,10.372232303976176,46.81887345458244,67.76831748801482,89.6097046413502,0
8453:0x9785ef59e2b499fb741674ecf6faf912df7b3c1b,Base,Aerodrome Slipstream,WETH/USDT,0.0445,Голубая фишка/стейбл,2460467.75359,Пассивно,30.0,14.247552602115935,-75.01813013788625,-5.655832101841804,-22.142136545870706,-75.01813013788625,1,14.588740588341441,72.95805141851777,95.10018796438848,95.31757070004636,0
8453:0xe070797535b13431808f8fc81fdbe7b41362960ed0b55bc2b6117c49c51b7eb9,Base,Uniswap v4,ETH/USDC,0.3499,Голубая фишка/стейбл,4569506.258214,Авто-ребаланс,5.0,113.48457520800778,-75.08009341233492,37.23728098915192,25.213920928274927,-75.08009341233492,2,148.7996417910939,120.45280477026071,95.23888384198578,99.30138292799236,15
42161:0xd9e2a1a61b6e61b275cec326465d417e52c1b95c,Arbitrum,Pancake v3,WETH/USDC,0.05,Голубая фишка/стейбл,787147.903277,Авто-ребаланс,15.0,8.636124133987073,-75.43762774570041,-3.90907693891455,-23.570193516875964,-75.43762774570041,1,19.382556321495546,71.4740917818986,95.04428529877455,99.94526546250684,1
8453:0xe070797535b13431808f8fc81fdbe7b41362960ed0b55bc2b6117c49c51b7eb9,Base,Uniswap v4,ETH/USDC,0.3499,Голубая фишка/стейбл,4569506.258214,Авто-ребаланс,30.0,28.700085539783828,-75.46801893695995,11.427171863599252,-11.780253844525623,-75.46801893695995,2,30.883135218334502,83.45862999746024,95.23888384198585,99.95370370370371,1
8453:0xb07d7eece8866e549601af5c7622d8cdbedc914e,Base,Aerodrome Slipstream,EURC/CBBTC,0.05,Голубая фишка/стейбл,360550.369394,"Стейк AERO, пассивно",15.0,35.86952106867079,-76.28396932302685,4.539883121701011,-11.958188377551682,-76.28396932302685,2,28.57868907869499,59.477173793073455,71.43536217062515,82.65895953757226,0
42161:0x4d1576158518dd61924218446c1057cf03138d57,Arbitrum,Sushi v3,WETH/USDC,0.3,Голубая фишка/стейбл,497694.662033,Авто-ребаланс,15.0,4.817750745257874,-76.28456966795997,2.4716329711114695,-22.998395317196877,-76.28456966795997,2,20.762655018458318,72.23434836128231,95.23274367847918,99.88738738738739,1
8453:0xaa5fe7dcc07dcb8b7afcd1b93874e7cb1e0ab50b,Base,Aerodrome Slipstream,WETH/EURC,0.05,Голубая фишка/стейбл,892023.559055,"Стейк AERO, пассивно",30.0,7.611103294533601,-76.352736038386,-13.388552333188967,-27.37672835901379,-76.352736038386,1,11.222100367383815,71.93473870759912,99.3114670666129,97.12806026365348,0
8453:0xec558e484cc9f2210714e345298fdc53b253c27d,Base,Uniswap v3,USDC/CBBTC,0.3,Голубая фишка/стейбл,1791948.233748,Пассивно,20.0,5.259148885352312,-76.55002578592078,1.1958848750707292,-23.36499734183258,-76.55002578592078,2,8.014059382025138,44.90854149619315,68.27353883802573,88.16267247639797,0
42161:0xc31e54c7a869b9fcbecc14363cf510d1c41fa443,Arbitrum,Uniswap v3,WETH/USDC,0.05,Голубая фишка/стейбл,1118511.713936,Пассивно,30.0,11.996109317130067,-76.67929605690381,1.5219437440480683,-21.05374766524189,-76.67929605690381,2,15.639843577383566,74.00263533662269,95.05638300186459,95.89333333333333,0
8453:0x3fe04a59ebd38cf06080a6f60a98d124eb59392a,Base,Aerodrome Slipstream,WETH/USDC,0.0625,Голубая фишка/стейбл,12279890.854137,"Стейк AERO, авто-ребаланс",10.0,-15.904958056937959,-76.68356524876081,-20.98325532548219,-37.85725954372699,-76.68356524876081,0,15.961306028962147,57.2469629665882,95.1042225103152,99.8146860351311,4
42161:0xc82819f72a9e77e2c0c3a69b3196478f44303cf4,Arbitrum,Uniswap v3,WETH/USD₮0,0.3,Голубая фишка/стейбл,367911.495425,Пассивно,30.0,0.8903879847141555,-76.98214787424826,5.971569917864157,-23.373396657223314,-76.98214787424826,2,12.761678349525788,71.59284554867666,94.96624220589997,94.21661409043112,0
42161:0xc6962004f452be9203591991d15f6b388e09e8d0,Arbitrum,Uniswap v3,WETH/USDC,0.05,Голубая фишка/стейбл,37096104.750623,Авто-ребаланс,15.0,10.606816936338486,-77.00761141993347,1.6325667518929061,-21.589409243900693,-77.00761141993347,2,23.432827963359852,73.49463445939682,95.08404370329751,99.94742376445846,1
8453:0x7c7420dd105e2779316423ba3e973f434315efa9,Base,Aerodrome Slipstream,WETH/CBBTC,0.0085,ETH/BTC,2267298.339275,Авто-ребаланс,2.5,2.086992756993089,-77.12762884216849,-29.206562613453897,-34.74906623287643,-77.12762884216849,1,42.81301827041813,127.68574661341363,162.43481284629007,99.16666666666667,18
8453:0x3e66e55e97ce60096f74b7c475e8249f2d31a9fb,Base,Aerodrome Slipstream,USDC/CBBTC,0.0346,Голубая фишка/стейбл,7355675.077588,"Стейк AERO, авто-ребаланс",5.0,23.20337499056317,-77.31659826906571,-11.298399131464478,-21.803874136655672,-77.31659826906571,1,55.639906394115435,45.48662305589561,67.29049719255129,99.48723222540862,11
8453:0xfbb6eed8e7aa03b138556eedaf5d271a5e1e43ef,Base,Uniswap v3,USDC/CBBTC,0.05,Голубая фишка/стейбл,8506440.807863,Пассивно,20.0,9.980808584849065,-77.34228763534774,2.0463541130017653,-21.771708312498973,-77.34228763534774,2,9.696462677537736,45.46976050958202,67.24146882208099,87.5925925925926,0
42161:0x843ac8dc6d34aeb07a56812b8b36429ee46bdd07,Arbitrum,Pancake v3,WBTC/USDC,0.05,Голубая фишка/стейбл,406657.816518,"Комиссии + фарм наград, пассивно",20.0,10.648433723533678,-77.3802211416619,-2.5034889161277234,-23.078425444751982,-77.3802211416619,1,8.486871375549217,44.86189744876446,67.94032289351644,88.87033945464664,0
42161:0x0e4831319a50228b9e450861297ab92dee15b44f,Arbitrum,Uniswap v3,WBTC/USDC,0.05,Голубая фишка/стейбл,8037861.079307,Пассивно,20.0,8.446769930859734,-77.76847464816538,1.2303332924920747,-22.69712380827119,-77.76847464816538,2,8.602099664561479,44.66291437951803,67.36003818778921,88.9942074776198,0
42161:0xd9e2a1a61b6e61b275cec326465d417e52c1b95c,Arbitrum,Pancake v3,WETH/USDC,0.05,Голубая фишка/стейбл,787147.903277,"Комиссии + фарм наград, пассивно",30.0,11.680320284076757,-77.96236771269493,3.8851756050182513,-20.798957274533308,-77.96236771269493,2,16.18153768417622,74.24532802424147,95.04428529877478,95.45703338806787,0
8453:0x72ab388e2e2f6facef59e3c3fa2c4e29011c2d38,Base,Pancake v3,WETH/USDC,0.01,Голубая фишка/стейбл,4969308.957636,"Комиссии + фарм наград, пассивно",30.0,7.95985918979414,-78.16169516058349,1.291282849387932,-22.970184373800475,-78.16169516058349,2,13.987551359836715,72.14153335778161,95.11171773158209,95.23148148148148,0
8453:0x160d7e9d948b16c163332a277b393c288408eb12,Base,Aerodrome Slipstream,USDC/CBBTC,0.0218,Голубая фишка/стейбл,5221477.505015,"Стейк AERO, пассивно",20.0,7.2726409512683,-78.17301290966833,-2.855618521044695,-24.58533015981491,-78.17301290966833,1,6.811550753833216,42.73909910567676,67.32442926549167,87.68518518518519,0
42161:0x7fcdc35463e3770c2fb992716cd070b63540b947,Arbitrum,Pancake v3,WETH/USDC,0.01,Голубая фишка/стейбл,473051.619529,"Комиссии + фарм наград, пассивно",30.0,11.510317943499793,-78.17417388627477,1.4238610794739908,-21.746664954433662,-78.17417388627477,2,15.295605851145233,73.31826222565135,95.064927180085,95.6140350877193,0
42161:0x80c735c5a0222241f211b3edb8df2ccefad94553ec18f1c29143f0399c78f500,Arbitrum,Uniswap v4,WBTC/USDC,0.0625,Голубая фишка/стейбл,3536486.871302,Пассивно,20.0,4.870934308955372,-78.28235634525778,2.272002053108457,-23.713139994397984,-78.28235634525778,2,7.568451285028018,43.622951307491334,67.33609130188931,88.11513463324049,0
8453:0x4e962bb3889bf030368f56810a9c96b83cb3e778,Base,Aerodrome Slipstream,USDC/CBBTC,0.0532,Голубая фишка/стейбл,6040393.319163,"Стейк AERO, пассивно",20.0,6.778632672910518,-78.5301799775914,-3.2174764647991316,-24.98967458982667,-78.5301799775914,1,6.402310998954384,42.31161900487675,67.30129359470342,87.68518518518519,0
42161:0x7fcdc35463e3770c2fb992716cd070b63540b947,Arbitrum,Pancake v3,WETH/USDC,0.01,Голубая фишка/стейбл,473051.619529,Авто-ребаланс,10.0,-16.61647996373965,-78.64838530367773,-21.98354045799852,-39.082801908471964,-78.64838530367773,0,15.371190972208469,55.982125271613185,95.06492718008516,99.80243095983502,4
42161:0xc473e2aee3441bf9240be85eb122abb059a3b57c,Arbitrum,Uniswap v3,WETH/USDC,0.3,Голубая фишка/стейбл,5705323.513293,Авто-ребаланс,15.0,10.416493758173196,-78.70519724238078,12.227964567642454,-18.686912972188374,-78.70519724238078,2,27.015252261489906,76.36418038922194,95.05109336141032,99.91830065359477,1
42161:0xc473e2aee3441bf9240be85eb122abb059a3b57c,Arbitrum,Uniswap v3,WETH/USDC,0.3,Голубая фишка/стейбл,5705323.513293,Пассивно,30.0,5.737260769989128,-78.75784781257924,6.743944733356414,-22.0922141030779,-78.75784781257924,2,14.290855423796442,72.95887925833235,95.05109336141025,95.34313725490196,0
8453:0xb07d7eece8866e549601af5c7622d8cdbedc914e,Base,Aerodrome Slipstream,EURC/CBBTC,0.05,Голубая фишка/стейбл,360550.369394,Пассивно,15.0,43.220014423355245,-78.98331652395692,12.774785037493796,-7.662839021035958,-78.98331652395692,2,32.874038435210686,63.77252314958919,71.43536217062515,82.65895953757226,0
42161:0x641c00a822e8b671738d32a431a4fb6074e5c79d,Arbitrum,Uniswap v3,WETH/USD₮0,0.05,Голубая фишка/стейбл,6444291.054483,Пассивно,30.0,4.5883454061187905,-79.00523615472876,-0.5674454098559312,-24.994778719488636,-79.00523615472876,1,11.510642174881504,69.8752139768102,94.86999269629884,95.97244303126656,0
8453:0x160d7e9d948b16c163332a277b393c288408eb12,Base,Aerodrome Slipstream,USDC/CBBTC,0.0218,Голубая фишка/стейбл,5221477.505015,Пассивно,20.0,6.309648195504612,-79.06671154419638,-3.3739781087064937,-25.377013819132753,-79.06671154419638,1,6.019867094515344,41.94741544635892,67.32442926549167,87.68518518518519,0
8453:0xb94b22332abf5f89877a14cc88f2abc48c34b3df,Base,Pancake v3,USDC/CBBTC,0.01,Голубая фишка/стейбл,1762252.850586,Пассивно,20.0,4.925665551037983,-79.06957128670084,-3.634517779178977,-25.926141171613942,-79.06957128670084,1,5.450111000643371,41.359420634840184,67.28556180645413,87.71441817338896,0
42161:0x843ac8dc6d34aeb07a56812b8b36429ee46bdd07,Arbitrum,Pancake v3,WBTC/USDC,0.05,Голубая фишка/стейбл,406657.816518,Пассивно,20.0,7.502742507831442,-79.1665348594913,-5.366366969159432,-25.676719773606433,-79.1665348594913,1,5.8885770466947704,42.26360311991001,67.94032289351644,88.87033945464664,0
8453:0x3fe04a59ebd38cf06080a6f60a98d124eb59392a,Base,Aerodrome Slipstream,WETH/USDC,0.0625,Голубая фишка/стейбл,12279890.854137,"Стейк AERO, авто-ребаланс",15.0,0.27059911890022703,-79.41556263215276,-13.51043906724001,-30.885134193497514,-79.41556263215276,1,11.122230076213226,64.21908831681768,95.1042225103152,99.95363931386184,1
8453:0x4e962bb3889bf030368f56810a9c96b83cb3e778,Base,Aerodrome Slipstream,USDC/CBBTC,0.0532,Голубая фишка/стейбл,6040393.319163,Пассивно,20.0,6.026547093281824,-79.72461307550913,-3.116454646690421,-25.604840209639242,-79.72461307550913,1,5.7871453791417755,41.69645338506419,67.30129359470342,87.68518518518519,0
8453:0xc211e1f853a898bd1302385ccde55f33a8c4b3f3,Base,Pancake v3,WETH/CBBTC,0.01,ETH/BTC,6112991.420759,Авто-ребаланс,2.5,16.78101429117994,-79.93631299615649,-41.48396457532531,-34.879754426767285,-79.93631299615649,1,42.898591759159316,127.52180430051614,162.4015587272834,99.16608715808994,18
8453:0xaa5fe7dcc07dcb8b7afcd1b93874e7cb1e0ab50b,Base,Aerodrome Slipstream,WETH/EURC,0.05,Голубая фишка/стейбл,892023.559055,Авто-ребаланс,15.0,1.310525077576464,-79.94887798286378,-38.14211290142864,-38.926821935571986,-79.94887798286378,1,10.335064524414998,60.38464513104107,99.31146706661305,99.90662272441934,2
42161:0x4d1576158518dd61924218446c1057cf03138d57,Arbitrum,Sushi v3,WETH/USDC,0.3,Голубая фишка/стейбл,497694.662033,Пассивно,30.0,3.1596387859836006,-80.1129723105207,1.9787386587837015,-24.9915316219178,-80.1129723105207,2,11.379584525532483,70.24121205656124,95.23274367847904,94.14414414414415,0
8453:0x42d4a22cad0f5a49681a5715ce994af73a43b76b,Base,Aerodrome Slipstream,WETH/CBBTC,0.05,ETH/BTC,9383565.027211,Авто-ребаланс,2.5,-9.931211739219705,-80.17278851907214,-73.75483769252,-54.61961265027062,-80.17278851907214,0,21.389011050325728,107.98599191775111,162.6056045680217,99.16666666666667,18
8453:0xb4cb800910b228ed3d0834cf79d697127bbb00e5,Base,Uniswap v3,WETH/USDC,0.01,Голубая фишка/стейбл,698189.675847,Пассивно,30.0,0.6542952290650615,-80.74587604051965,-3.91940405331857,-28.003661621591053,-80.74587604051965,1,8.95192110103165,67.10856709814679,95.11222871973784,95.22484932777006,0
42161:0xc6962004f452be9203591991d15f6b388e09e8d0,Arbitrum,Uniswap v3,WETH/USDC,0.05,Голубая фишка/стейбл,37096104.750623,Пассивно,30.0,5.825661423900385,-80.82941317754239,0.8987063873949834,-24.701681788749006,-80.82941317754239,2,12.31691673072407,70.38236191454851,95.08404370329751,95.95162986330179,0
8453:0x9785ef59e2b499fb741674ecf6faf912df7b3c1b,Base,Aerodrome Slipstream,WETH/USDT,0.0445,Голубая фишка/стейбл,2460467.75359,"Стейк AERO, пассивно",30.0,4.736038576031967,-80.98498772774845,-3.981498606202779,-26.743482585973087,-80.98498772774845,1,9.987394548239019,68.35670537841538,95.10018796438848,95.31757070004636,0
8453:0xd0b53d9277642d899df5c87a3966a349a798f224,Base,Uniswap v3,WETH/USDC,0.05,Голубая фишка/стейбл,10060511.434283,Пассивно,30.0,4.021016024983646,-81.17888005365616,0.9106171485228576,-25.415748960049886,-81.17888005365616,2,11.560315645829633,69.70389170423981,95.11964066428969,95.22484932777006,0
8453:0xb2cc224c1c9fee385f8ad6a55b4d94e92359dc59,Base,Aerodrome Slipstream,WETH/USDC,0.0728,Голубая фишка/стейбл,8562745.065349,"Стейк AERO, пассивно",30.0,6.0493970410656095,-81.18669710350537,-2.314229544509062,-25.817176535649608,-81.18669710350537,1,11.179933080077554,69.32103814160013,95.13821467724975,95.27777777777777,0
8453:0xaa5fe7dcc07dcb8b7afcd1b93874e7cb1e0ab50b,Base,Aerodrome Slipstream,WETH/EURC,0.05,Голубая фишка/стейбл,892023.559055,Пассивно,30.0,0.7247566490729574,-81.34798899249856,-18.736026433530366,-33.11975292565199,-81.34798899249856,1,5.479075800745585,66.19171414096091,99.3114670666129,97.12806026365348,0
8453:0xb24f7fcd75c3a001b74be4c60f181c024154c4d7c33097777e3950979042b073,Base,Uniswap v4,TBTC/USDC,0.3499,Голубая фишка/стейбл,726649.624081,Авто-ребаланс,20.0,-0.8701728137467035,-81.62669520616062,-2.840503105740642,-28.44579037521599,-81.62669520616062,0,2.763668880778126,39.439130740014775,67.88492111523077,99.94871794871796,1
8453:0xb07d7eece8866e549601af5c7622d8cdbedc914e,Base,Aerodrome Slipstream,EURC/CBBTC,0.05,Голубая фишка/стейбл,360550.369394,"Стейк AERO, пассивно",5.0,92.02185843287627,-81.65418397396122,-9.3070539241535,0.35354017825384904,-81.65418397396122,1,59.65807248097331,71.78890234887862,71.43536217062477,64.5889172344754,0
8453:0xb775272e537cc670c65dc852908ad47015244eaf,Base,Pancake v3,WETH/USDC,0.05,Голубая фишка/стейбл,1219742.77141,Пассивно,30.0,5.216757427430547,-82.1746054220755,-3.461649007764657,-26.806499000803203,-82.1746054220755,1,10.174672806893941,68.33187718859112,95.13837618939434,95.17790262172285,0
8453:0xb24f7fcd75c3a001b74be4c60f181c024154c4d7c33097777e3950979042b073,Base,Uniswap v4,TBTC/USDC,0.3499,Голубая фишка/стейбл,726649.624081,Пассивно,20.0,-0.8701728137467035,-82.53319463259659,-2.840503105740642,-28.747956850694646,-82.53319463259659,0,2.731738903028969,39.136964264536125,67.88492111523077,88.61538461538461,0
8453:0xb24f7fcd75c3a001b74be4c60f181c024154c4d7c33097777e3950979042b073,Base,Uniswap v4,TBTC/USDC,0.3499,Голубая фишка/стейбл,726649.624081,Авто-ребаланс,10.0,-1.6427943824386722,-82.61277929300715,-5.389761472656625,-29.881778382700816,-82.61277929300715,0,5.126628115507508,38.00314273252966,67.88492111523047,99.8974358974359,2
8453:0x7501bc8bb51616f79bfa524e464fb7b41f0b10fb,Base,Aerodrome Slipstream,MSUSD/USDC,0.0509,Стейбл/стейбл,1669247.862722,"Стейк AERO, пассивно",,-14.839112086716808,-20.686157991898366,-82.69847164090565,-39.40791390650694,-82.69847164090565,0,0.2409160126682179,11.1133962118521,50.521310118359054,100.0,0
8453:0x3fe04a59ebd38cf06080a6f60a98d124eb59392a,Base,Aerodrome Slipstream,WETH/USDC,0.0625,Голубая фишка/стейбл,12279890.854137,Пассивно,30.0,8.311310344663102,-82.73233801483435,-6.195571780506631,-26.87219981689263,-82.73233801483435,1,10.124477023819935,68.23202269342264,95.10422251031527,95.1784886416319,0
8453:0x7501bc8bb51616f79bfa524e464fb7b41f0b10fb,Base,Aerodrome Slipstream,MSUSD/USDC,0.0509,Стейбл/стейбл,1669247.862722,Пассивно,,-14.987754453909966,-20.792529086520886,-82.8981145764603,-39.55946603896372,-82.8981145764603,0,0.08936388021139818,10.961844079395377,50.521310118359054,100.0,0
42161:0xd9e2a1a61b6e61b275cec326465d417e52c1b95c,Arbitrum,Pancake v3,WETH/USDC,0.05,Голубая фишка/стейбл,787147.903277,Пассивно,30.0,4.849573668806997,-82.9461377993779,-2.0450441209501813,-26.713869417173694,-82.9461377993779,1,10.266625541535783,68.33041588160108,95.04428529877478,95.45703338806787,0
8453:0x72ab388e2e2f6facef59e3c3fa2c4e29011c2d38,Base,Pancake v3,WETH/USDC,0.01,Голубая фишка/стейбл,4969308.957636,Пассивно,30.0,1.9127001975197406,-83.16310710163802,-3.8477854724178147,-28.366064125512032,-83.16310710163802,1,8.591671608125122,66.74565360607006,95.11171773158209,95.23148148148148,0
8453:0xb2cc224c1c9fee385f8ad6a55b4d94e92359dc59,Base,Aerodrome Slipstream,WETH/USDC,0.0728,Голубая фишка/стейбл,8562745.065349,Пассивно,30.0,2.4513355360332665,-84.20923884250165,3.4314743997402544,-26.108809635576044,-84.20923884250165,2,10.8882999801511,69.0294050416737,95.13821467724975,95.27777777777777,0
42161:0xc31e54c7a869b9fcbecc14363cf510d1c41fa443,Arbitrum,Uniswap v3,WETH/USDC,0.05,Голубая фишка/стейбл,1118511.713936,Авто-ребаланс,30.0,11.996109317130067,-84.24545930047259,1.5219437440480683,-23.575802079764816,-84.24545930047259,2,16.30973814026146,71.48058092209976,95.05638300186459,99.94666666666666,1
8453:0xb07d7eece8866e549601af5c7622d8cdbedc914e,Base,Aerodrome Slipstream,EURC/CBBTC,0.05,Голубая фишка/стейбл,360550.369394,"Стейк AERO, пассивно",10.0,51.1502405252585,-84.35344459220352,2.3819536993957597,-10.273750122516418,-84.35344459220352,2,39.108745875861544,61.16161204810851,71.43536217062493,79.00506991313333,0
8453:0x42d4a22cad0f5a49681a5715ce994af73a43b76b,Base,Aerodrome Slipstream,WETH/CBBTC,0.05,ETH/BTC,9383565.027211,"Стейк AERO, авто-ребаланс",2.5,-13.602712740343884,-84.56753633038888,-72.12590747531195,-56.765385515348235,-84.56753633038888,0,19.243238185248053,105.84021905267349,162.6056045680217,99.16666666666667,18
8453:0x3fe04a59ebd38cf06080a6f60a98d124eb59392a,Base,Aerodrome Slipstream,WETH/USDC,0.0625,Голубая фишка/стейбл,12279890.854137,"Стейк AERO, авто-ребаланс",5.0,-20.811244931065858,-84.8230019102712,-48.90735707046965,-51.513867970602234,-84.8230019102712,0,30.21550077778838,43.59035453971296,95.1042225103152,99.4904831813733,11
42161:0xe88bba0ec2fc9091d68344b32b504abcc59f0aa9e1ae2ef048b69bc7ec3f4df8,Arbitrum,Uniswap v4,ETH/USD₮0,0.0625,Голубая фишка/стейбл,926636.364251,Пассивно,30.0,-3.1053079402708805,-85.55959832879162,-2.1084330230180663,-30.257779764026857,-85.55959832879162,0,6.528497674587615,64.52128070852083,94.7790604725477,95.17177344475394,0
8453:0xaa5fe7dcc07dcb8b7afcd1b93874e7cb1e0ab50b,Base,Aerodrome Slipstream,WETH/EURC,0.05,Голубая фишка/стейбл,892023.559055,"Стейк AERO, авто-ребаланс",30.0,7.611103294533601,-85.64606370031291,-13.388552333188967,-30.47450424632276,-85.64606370031291,1,11.434943101941556,68.83696282029015,99.3114670666129,99.95291902071563,1
8453:0x7c7420dd105e2779316423ba3e973f434315efa9,Base,Aerodrome Slipstream,WETH/CBBTC,0.0085,ETH/BTC,2267298.339275,"Стейк AERO, авто-ребаланс",2.5,11.59933258401674,-86.00024223122124,-35.009881409605086,-36.47026368560319,-86.00024223122124,1,41.09182081769136,125.96454916068686,162.43481284629007,99.16666666666667,18
8453:0x3fe04a59ebd38cf06080a6f60a98d124eb59392a,Base,Aerodrome Slipstream,WETH/USDC,0.0625,Голубая фишка/стейбл,12279890.854137,"Стейк AERO, пассивно",30.0,0.14957835967056174,-86.17496528428212,-7.416861283513293,-31.14741606937495,-86.17496528428212,1,5.849260771337584,63.95680644094031,95.10422251031527,95.1784886416319,0
42161:0x7fcdc35463e3770c2fb992716cd070b63540b947,Arbitrum,Pancake v3,WETH/USDC,0.01,Голубая фишка/стейбл,473051.619529,Пассивно,30.0,0.9304168663255465,-86.36994890475899,-7.794184979212834,-31.07790567254876,-86.36994890475899,1,5.964365133030174,63.98702150753625,95.064927180085,95.6140350877193,0
42161:0xc82819f72a9e77e2c0c3a69b3196478f44303cf4,Arbitrum,Uniswap v3,WETH/USD₮0,0.3,Голубая фишка/стейбл,367911.495425,Авто-ребаланс,30.0,0.8903879847141555,-86.71858021887819,5.971569917864157,-26.618874105433292,-86.71858021887819,2,13.416539461601264,68.34736810046668,94.96624220589997,99.89484752891693,1
42161:0x641c00a822e8b671738d32a431a4fb6074e5c79d,Arbitrum,Uniswap v3,WETH/USD₮0,0.05,Голубая фишка/стейбл,6444291.054483,Авто-ребаланс,30.0,4.5883454061187905,-86.85290257152072,-0.5674454098559312,-27.61066752508595,-86.85290257152072,1,12.09259545188853,67.2593251712129,94.86999269629884,99.94700582935877,1
42161:0xe88bba0ec2fc9091d68344b32b504abcc59f0aa9e1ae2ef048b69bc7ec3f4df8,Arbitrum,Uniswap v4,ETH/USD₮0,0.0625,Голубая фишка/стейбл,926636.364251,Авто-ребаланс,15.0,-5.716992324055839,-87.1374741081822,-3.9838948625723027,-32.27945376493678,-87.1374741081822,0,12.525234414598367,62.499606707610916,94.77906047254768,99.9535747446611,1
8453:0x3e66e55e97ce60096f74b7c475e8249f2d31a9fb,Base,Aerodrome Slipstream,USDC/CBBTC,0.0346,Голубая фишка/стейбл,7355675.077588,"Стейк AERO, пассивно",15.0,20.351708093058605,-87.22529210990191,6.214544408118066,-20.21967986957508,-87.22529210990191,2,16.92716509609472,47.0708173229765,67.29049719255158,82.7247191011236,0
42161:0xc6962004f452be9203591991d15f6b388e09e8d0,Arbitrum,Uniswap v3,WETH/USDC,0.05,Голубая фишка/стейбл,37096104.750623,Авто-ребаланс,30.0,5.825661423900385,-87.31144836861691,0.8987063873949834,-26.862360185773845,-87.31144836861691,2,12.890691081393491,68.22168351752367,95.08404370329751,99.94742376445846,1
8453:0x9785ef59e2b499fb741674ecf6faf912df7b3c1b,Base,Aerodrome Slipstream,WETH/USDT,0.0445,Голубая фишка/стейбл,2460467.75359,Авто-ребаланс,30.0,14.247552602115935,-87.67475373966825,-5.655832101841804,-26.36101107979804,-87.67475373966825,1,15.545315262551215,68.73917688459042,95.10018796438848,99.95363931386184,1
8453:0xaa5fe7dcc07dcb8b7afcd1b93874e7cb1e0ab50b,Base,Aerodrome Slipstream,WETH/EURC,0.05,Голубая фишка/стейбл,892023.559055,Авто-ребаланс,10.0,-20.46294327480482,-87.99321570380836,-27.377549742159697,-45.2779029069243,-87.99321570380836,0,14.787375394949377,54.03356415968883,99.31146706661312,99.81324544883867,4
42161:0xc473e2aee3441bf9240be85eb122abb059a3b57c,Arbitrum,Uniswap v3,WETH/USDC,0.3,Голубая фишка/стейбл,5705323.513293,Авто-ребаланс,30.0,5.737260769989128,-88.44169827277618,6.743944733356414,-25.32016425647688,-88.44169827277618,2,14.880344149111115,69.73092910493337,95.05109336141025,99.91830065359477,1
42161:0x7fcdc35463e3770c2fb992716cd070b63540b947,Arbitrum,Pancake v3,WETH/USDC,0.01,Голубая фишка/стейбл,473051.619529,Авто-ребаланс,15.0,1.3313237646039244,-88.5958040105691,-14.418947729836812,-33.894475991933994,-88.5958040105691,1,10.96601513988042,61.170451188151006,95.064927180085,99.9484004127967,1
8453:0xb07d7eece8866e549601af5c7622d8cdbedc914e,Base,Aerodrome Slipstream,EURC/CBBTC,0.05,Голубая фишка/стейбл,360550.369394,Пассивно,10.0,61.60089562700279,-88.7483998952257,13.955014717587899,-4.397496516878337,-88.7483998952257,2,44.984999481499635,67.03786565374658,71.43536217062493,79.00506991313333,0
8453:0x8c7080564b5a792a33ef2fd473fba6364d5495e5,Base,Uniswap v3,WETH/CBBTC,0.3,ETH/BTC,11649702.280637,Авто-ребаланс,2.5,12.690256164840589,-89.65225203925729,-68.12280567210483,-48.36160051550718,-89.65225203925729,1,50.49792447041557,116.1382353294102,164.49983584491738,98.93661926099098,20
8453:0xb94b22332abf5f89877a14cc88f2abc48c34b3df,Base,Pancake v3,USDC/CBBTC,0.01,Голубая фишка/стейбл,1762252.850586,"Комиссии + фарм наград, пассивно",15.0,16.067058759050386,-89.711117941923,3.9609061963409324,-23.22771766217723,-89.711117941923,2,13.882044591618335,44.0578441442769,67.28556180645413,82.93926750115902,0
42161:0x4d1576158518dd61924218446c1057cf03138d57,Arbitrum,Sushi v3,WETH/USDC,0.3,Голубая фишка/стейбл,497694.662033,Авто-ребаланс,30.0,3.1596387859836006,-89.92530500577989,1.9787386587837015,-28.262309187004195,-89.92530500577989,2,11.942569270704618,66.97043449147485,95.23274367847904,99.88738738738739,1
42161:0xd9e2a1a61b6e61b275cec326465d417e52c1b95c,Arbitrum,Pancake v3,WETH/USDC,0.05,Голубая фишка/стейбл,787147.903277,Авто-ребаланс,30.0,4.849573668806997,-90.0262413557294,-2.0450441209501813,-29.073903935957528,-90.0262413557294,1,10.733606962795697,65.97038136281725,95.04428529877478,99.94526546250684,1
8453:0xf97db19953c4309b3af2ceb9cce172939e8868321a24656667d44cccb31c9ddc,Base,Uniswap v4,USDC/CBBTC,0.1762,Голубая фишка/стейбл,1318687.924526,Пассивно,15.0,15.120129407341901,-90.23370465974479,-4.021197477266717,-26.378257576556535,-90.23370465974479,1,10.702506124864037,41.172744355444465,67.551001932001,82.91666666666667,0
8453:0x6c561b446416e1a00e8e93e221854d6ea4171372,Base,Uniswap v3,WETH/USDC,0.3,Голубая фишка/стейбл,163067768.867821,Авто-ребаланс,30.0,9.191776485670996,-90.43077548955924,1.6607760272617784,-26.526074325542154,-90.43077548955924,2,16.026551352304224,68.56951890767739,95.09559323321955,99.95370370370371,1
42161:0x70bf44c3a9b6b047bf60e5a05968225dbf3d6a5b9e8a95a73727e48921e889c1,Arbitrum,Uniswap v4,WBTC/USDC,0.3499,Голубая фишка/стейбл,328691.173448,Пассивно,15.0,8.229474379712443,-90.4793492096792,-3.35896501603657,-28.536279948667776,-90.4793492096792,1,8.315867469314828,39.60178819930065,68.13806814796841,82.44604316546763,0
8453:0xaa5fe7dcc07dcb8b7afcd1b93874e7cb1e0ab50b,Base,Aerodrome Slipstream,WETH/EURC,0.05,Голубая фишка/стейбл,892023.559055,Авто-ребаланс,30.0,0.7247566490729574,-90.69053327921466,-18.736026433530366,-36.233934354557356,-90.69053327921466,1,5.675512993706901,63.07753271205554,99.3114670666129,99.95291902071563,1
8453:0x12d76c5c8ec8edffd3c143995b0aa43fe44a6d71eb9113796272909e54b8e078,Base,Uniswap v4,USDC/CBBTC,0.0625,Голубая фишка/стейбл,3371381.514772,Пассивно,15.0,23.735522048188056,-90.93834744546761,6.889060892341559,-20.104588168312667,-90.93834744546761,2,17.077894985897196,47.10412065658977,67.20870882490244,82.91666666666667,0
8453:0x3e66e55e97ce60096f74b7c475e8249f2d31a9fb,Base,Aerodrome Slipstream,USDC/CBBTC,0.0346,Голубая фишка/стейбл,7355675.077588,Пассивно,15.0,16.241094159279758,-90.97283726461568,5.661985334629422,-23.0232525902355,-90.97283726461568,2,14.12359237543431,44.26724460231609,67.29049719255158,82.7247191011236,0
42161:0x5969efdde3cf5c0d9a88ae51e47d721096a97203,Arbitrum,Uniswap v3,WBTC/USD₮0,0.05,Голубая фишка/стейбл,4164592.373085,Пассивно,15.0,15.2322349824555,-91.21814667103706,0.3467065446283262,-25.213068381317743,-91.21814667103706,2,11.955943757563306,42.555249106697225,67.76831748801497,83.91350210970464,0
8453:0x160d7e9d948b16c163332a277b393c288408eb12,Base,Aerodrome Slipstream,USDC/CBBTC,0.0218,Голубая фишка/стейбл,5221477.505015,"Стейк AERO, пассивно",15.0,9.386733382537356,-92.21448910886322,-3.6873198252829873,-28.83835851720295,-92.21448910886322,1,8.297224113917668,38.4860707482885,67.32442926549145,82.91666666666667,0
42161:0x843ac8dc6d34aeb07a56812b8b36429ee46bdd07,Arbitrum,Pancake v3,WBTC/USDC,0.05,Голубая фишка/стейбл,406657.816518,"Комиссии + фарм наград, пассивно",15.0,13.713160352136136,-92.41789999821087,-3.2668099914496818,-27.323849879174805,-92.41789999821087,1,10.080254886290518,40.61647301434178,67.9403228935166,83.52810239287702,0
8453:0x4e962bb3889bf030368f56810a9c96b83cb3e778,Base,Aerodrome Slipstream,USDC/CBBTC,0.0532,Голубая фишка/стейбл,6040393.319163,"Стейк AERO, пассивно",15.0,8.74962013597561,-92.57078425474735,-4.154499155085407,-29.325221091285716,-92.57078425474735,1,7.798933548065634,37.97607250341771,67.30129359470342,82.91666666666667,0
8453:0xec558e484cc9f2210714e345298fdc53b253c27d,Base,Uniswap v3,USDC/CBBTC,0.3,Голубая фишка/стейбл,1791948.233748,Пассивно,15.0,6.782524776743114,-92.92308686620343,1.527393394015509,-28.20438956514827,-92.92308686620343,2,9.021418735627854,40.06914927287753,68.2735388380258,81.55410312273057,0
8453:0xfbb6eed8e7aa03b138556eedaf5d271a5e1e43ef,Base,Uniswap v3,USDC/CBBTC,0.05,Голубая фишка/стейбл,8506440.807863,Пассивно,15.0,12.879659534967885,-93.01752452758983,2.6371873059048445,-25.8335592289057,-93.01752452758983,2,11.357655170620449,41.407909593175276,67.24146882208098,82.91666666666667,0
42161:0x0e4831319a50228b9e450861297ab92dee15b44f,Arbitrum,Uniswap v3,WBTC/USDC,0.05,Голубая фишка/стейбл,8037861.079307,Пассивно,15.0,10.900476531949971,-93.06960052428423,1.5844850499211707,-26.861546314137694,-93.06960052428423,2,10.205971849615013,40.498491873651595,67.36003818778929,84.20221169036336,0
42161:0x7fcdc35463e3770c2fb992716cd070b63540b947,Arbitrum,Pancake v3,WETH/USDC,0.01,Голубая фишка/стейбл,473051.619529,Авто-ребаланс,30.0,0.9304168663255465,-93.45328234622619,-7.794184979212834,-33.43901681970449,-93.45328234622619,1,6.192415655130395,61.625910360380516,95.064927180085,99.9484004127967,1
8453:0xb4cb800910b228ed3d0834cf79d697127bbb00e5,Base,Uniswap v3,WETH/USDC,0.01,Голубая фишка/стейбл,698189.675847,Авто-ребаланс,30.0,0.6542952290650615,-93.69432825123846,-3.91940405331857,-32.31981235849732,-93.69432825123846,1,9.620267089239555,62.792416361240534,95.11222871973784,99.95363931386184,1
8453:0xd0b53d9277642d899df5c87a3966a349a798f224,Base,Uniswap v3,WETH/USDC,0.05,Голубая фишка/стейбл,10060511.434283,Авто-ребаланс,30.0,4.021016024983646,-94.02599800531284,0.9106171485228576,-29.69812161060211,-94.02599800531284,2,12.289889664082708,65.42151905368758,95.11964066428969,99.95363931386184,1
8453:0x160d7e9d948b16c163332a277b393c288408eb12,Base,Aerodrome Slipstream,USDC/CBBTC,0.0218,Голубая фишка/стейбл,5221477.505015,Пассивно,15.0,8.143875547535487,-94.0506761272818,-4.356333627372842,-30.087711402373053,-94.0506761272818,1,7.0478712287475584,37.236717863118386,67.32442926549145,82.91666666666667,0
42161:0xe88bba0ec2fc9091d68344b32b504abcc59f0aa9e1ae2ef048b69bc7ec3f4df8,Arbitrum,Uniswap v4,ETH/USD₮0,0.0625,Голубая фишка/стейбл,926636.364251,Авто-ребаланс,5.0,-39.06742634438694,-94.05886198898149,-18.616124191779132,-50.58080417504919,-94.05886198898149,0,32.836943427360126,44.19825629749828,94.77906047254747,99.53665015990921,10
42161:0x843ac8dc6d34aeb07a56812b8b36429ee46bdd07,Arbitrum,Pancake v3,WBTC/USDC,0.05,Голубая фишка/стейбл,406657.816518,Пассивно,15.0,9.661331411277654,-94.16577859029876,-6.9507702630011,-30.485072480674066,-94.16577859029876,1,6.919032284791228,37.455250412842524,67.9403228935166,83.52810239287702,0
42161:0xe88bba0ec2fc9091d68344b32b504abcc59f0aa9e1ae2ef048b69bc7ec3f4df8,Arbitrum,Uniswap v4,ETH/USD₮0,0.0625,Голубая фишка/стейбл,926636.364251,Авто-ребаланс,30.0,-3.1053079402708805,-94.29611048343543,-2.1084330230180663,-33.16995048224146,-94.29611048343543,0,6.930871142040305,61.60910999030624,94.7790604725477,99.9535747446611,1
42161:0x80c735c5a0222241f211b3edb8df2ccefad94553ec18f1c29143f0399c78f500,Arbitrum,Uniswap v4,WBTC/USDC,0.0625,Голубая фишка/стейбл,3536486.871302,Пассивно,15.0,6.281886872145169,-94.36015424115845,2.924010615034679,-28.3847522513262,-94.36015424115845,2,8.659476525624395,38.95133905056297,67.33609130188917,82.9619312906221,0
8453:0xb94b22332abf5f89877a14cc88f2abc48c34b3df,Base,Pancake v3,USDC/CBBTC,0.01,Голубая фишка/стейбл,1762252.850586,Пассивно,15.0,6.350792866184274,-94.39682531628503,-4.699539861219481,-30.91519077044008,-94.39682531628503,1,6.194571483355519,36.37037103601404,67.28556180645413,82.93926750115902,0
8453:0x4e962bb3889bf030368f56810a9c96b83cb3e778,Base,Aerodrome Slipstream,USDC/CBBTC,0.0532,Голубая фишка/стейбл,6040393.319163,Пассивно,15.0,7.778877918895656,-95.03202348783198,-4.024068644120258,-30.42573807101886,-95.03202348783198,1,6.698416568332457,36.87555552368457,67.30129359470342,82.91666666666667,0
8453:0xb2cc224c1c9fee385f8ad6a55b4d94e92359dc59,Base,Aerodrome Slipstream,WETH/USDC,0.0728,Голубая фишка/стейбл,8562745.065349,"Стейк AERO, авто-ребаланс",30.0,6.0493970410656095,-95.11163970025636,-2.314229544509062,-30.45882406789994,-95.11163970025636,1,11.611294281593045,64.67939060934981,95.13821467724975,99.95370370370371,1
8453:0x9785ef59e2b499fb741674ecf6faf912df7b3c1b,Base,Aerodrome Slipstream,WETH/USDT,0.0445,Голубая фишка/стейбл,2460467.75359,"Стейк AERO, авто-ребаланс",30.0,4.736038576031967,-95.36583382679026,-3.981498606202779,-31.53709795232036,-95.36583382679026,1,10.369228390028905,63.56309001206811,95.10018796438848,99.95363931386184,1
8453:0xb775272e537cc670c65dc852908ad47015244eaf,Base,Pancake v3,WETH/USDC,0.05,Голубая фишка/стейбл,1219742.77141,Авто-ребаланс,30.0,5.216757427430547,-95.40699282163206,-3.461649007764657,-31.217294800655388,-95.40699282163206,1,10.719061659157944,63.92108138873894,95.13837618939434,99.95318352059925,1
8453:0xb07d7eece8866e549601af5c7622d8cdbedc914e,Base,Aerodrome Slipstream,EURC/CBBTC,0.05,Голубая фишка/стейбл,360550.369394,Пассивно,5.0,111.1593200170881,-95.91944813854288,5.396350333723561,6.87874073742293,-95.91944813854288,2,66.18327304014245,78.3141029080477,71.43536217062477,64.5889172344754,0
42161:0x03df2300e83353309c1069ae3ea89c31b361a009f9c36a1de5c8f0afcc45bde8,Arbitrum,Uniswap v4,ETH/USDC,0.3499,Голубая фишка/стейбл,3237764.513506,Пассивно,20.0,60.3794361035982,-96.20354341373269,11.717627677002975,-8.035493211043837,-96.20354341373269,2,40.09561770890167,87.08423287411662,95.11972608516045,82.45125348189416,0
8453:0xb24f7fcd75c3a001b74be4c60f181c024154c4d7c33097777e3950979042b073,Base,Uniswap v4,TBTC/USDC,0.3499,Голубая фишка/стейбл,726649.624081,Пассивно,15.0,-1.1278112935887414,-96.5717127233779,-3.6833186102417126,-33.79428087573612,-96.5717127233779,0,3.5153214986883228,34.090640239494505,67.88492111523061,81.33333333333333,0
8453:0x72ab388e2e2f6facef59e3c3fa2c4e29011c2d38,Base,Pancake v3,WETH/USDC,0.01,Голубая фишка/стейбл,4969308.957636,Авто-ребаланс,30.0,1.9127001975197406,-96.57430361926568,-3.8477854724178147,-32.83646296472125,-96.57430361926568,1,9.051164616326771,62.27525476686085,95.11171773158209,99.95370370370371,1
8453:0x3fe04a59ebd38cf06080a6f60a98d124eb59392a,Base,Aerodrome Slipstream,WETH/USDC,0.0625,Голубая фишка/стейбл,12279890.854137,Авто-ребаланс,30.0,8.311310344663102,-96.63707610351695,-6.195571780506631,-31.50711251312016,-96.63707610351695,1,10.648387121168682,63.597109997195105,95.10422251031527,99.95363931386184,1
8453:0x3e66e55e97ce60096f74b7c475e8249f2d31a9fb,Base,Aerodrome Slipstream,USDC/CBBTC,0.0346,Голубая фишка/стейбл,7355675.077588,"Стейк AERO, пассивно",10.0,29.468216883425697,-97.74546018162374,8.984884164848962,-19.76411971111636,-97.74546018162374,2,24.274650982404538,47.52637748143508,67.29049719255143,81.92883895131087,0
42161:0x7fcdc35463e3770c2fb992716cd070b63540b947,Arbitrum,Pancake v3,WETH/USDC,0.01,Голубая фишка/стейбл,473051.619529,Авто-ребаланс,5.0,-20.288351709264887,-97.81938061001779,-48.80952391673488,-55.639085412005855,-97.81938061001779,0,27.13481382956449,39.42584176807915,95.06492718008501,99.51534082297567,10
8453:0xb2cc224c1c9fee385f8ad6a55b4d94e92359dc59,Base,Aerodrome Slipstream,WETH/USDC,0.0728,Голубая фишка/стейбл,8562745.065349,Авто-ребаланс,30.0,2.4513355360332665,-98.04351465451661,3.4314743997402544,-30.720234906247697,-98.04351465451661,2,11.349883443245291,64.41797977100204,95.13821467724975,99.95370370370371,1
8453:0xb94b22332abf5f89877a14cc88f2abc48c34b3df,Base,Pancake v3,USDC/CBBTC,0.01,Голубая фишка/стейбл,1762252.850586,Авто-ребаланс,5.0,-14.987524829752369,-100.02859402426574,-40.56575205094118,-51.86062363498643,-100.02859402426574,0,23.88800051769165,15.424938171467693,67.28556180645413,99.49035440168959,11
8453:0x3e66e55e97ce60096f74b7c475e8249f2d31a9fb,Base,Aerodrome Slipstream,USDC/CBBTC,0.0346,Голубая фишка/стейбл,7355675.077588,"Стейк AERO, пассивно",5.0,55.79131399911401,-100.93063666152197,-0.7223021588959455,-15.28720827376797,-100.93063666152197,1,38.529397371030385,52.00328891878332,67.29049719255129,66.82546616241552,0
8453:0x3fe04a59ebd38cf06080a6f60a98d124eb59392a,Base,Aerodrome Slipstream,WETH/USDC,0.0625,Голубая фишка/стейбл,12279890.854137,"Стейк AERO, авто-ребаланс",30.0,0.14957835967056174,-100.95567177601615,-7.416861283513293,-36.07431823328629,-100.95567177601615,1,6.0811814010024845,59.029904277028976,95.10422251031527,99.95363931386184,1
8453:0xb94b22332abf5f89877a14cc88f2abc48c34b3df,Base,Pancake v3,USDC/CBBTC,0.01,Голубая фишка/стейбл,1762252.850586,"Комиссии + фарм наград, пассивно",10.0,23.2514596739493,-101.5227161344946,5.698673084662144,-24.190861125294386,-101.5227161344946,2,19.81015892479121,43.09470068115959,67.28556180645397,82.15113583681038,0
8453:0xe070797535b13431808f8fc81fdbe7b41362960ed0b55bc2b6117c49c51b7eb9,Base,Uniswap v4,ETH/USDC,0.3499,Голубая фишка/стейбл,4569506.258214,Пассивно,20.0,40.40893186123056,-102.15287760508187,16.093464885860403,-15.216826952663634,-102.15287760508187,2,32.99690498936246,80.02205688932229,95.23888384198594,82.4074074074074,0
42161:0x641c00a822e8b671738d32a431a4fb6074e5c79d,Arbitrum,Uniswap v3,WETH/USD₮0,0.05,Голубая фишка/стейбл,6444291.054483,Авто-ребаланс,5.0,1.0324320856649896,-102.34580971164165,-11.397059572283707,-37.57014573275345,-102.34580971164165,1,58.910636782184945,57.29984696354531,94.86999269629878,99.35170754209756,13
8453:0xf97db19953c4309b3af2ceb9cce172939e8868321a24656667d44cccb31c9ddc,Base,Uniswap v4,USDC/CBBTC,0.1762,Голубая фишка/стейбл,1318687.924526,Пассивно,10.0,21.568237156062764,-103.80284570496113,-6.91029338224958,-29.714967310382647,-103.80284570496113,1,14.324437012886683,37.83603462161836,67.551001932001,82.12962962962963,0
8453:0x12d76c5c8ec8edffd3c143995b0aa43fe44a6d71eb9113796272909e54b8e078,Base,Uniswap v4,USDC/CBBTC,0.0625,Голубая фишка/стейбл,3371381.514772,Пассивно,10.0,34.37247214407684,-104.11908451678124,9.950136613247835,-19.932158586485524,-104.11908451678124,2,24.116312287413322,47.27655023841721,67.20870882490274,82.12962962962963,0
8453:0xaa5fe7dcc07dcb8b7afcd1b93874e7cb1e0ab50b,Base,Aerodrome Slipstream,WETH/EURC,0.05,Голубая фишка/стейбл,892023.559055,"Стейк AERO, авто-ребаланс",5.0,10.198047196993114,-104.12694086423615,-32.12021969697542,-42.01637112140615,-104.12694086423615,1,56.25966952847119,57.2950959452069,99.31146706661305,99.39344005021971,13
8453:0x160d7e9d948b16c163332a277b393c288408eb12,Base,Aerodrome Slipstream,USDC/CBBTC,0.0218,Голубая фишка/стейбл,5221477.505015,"Стейк AERO, пассивно",10.0,13.609726786700977,-104.63314558870115,-5.3508380650674185,-32.12475228902253,-104.63314558870115,1,11.912463524851312,35.199676976468986,67.32442926549152,82.12962962962963,0
42161:0x5969efdde3cf5c0d9a88ae51e47d721096a97203,Arbitrum,Uniswap v3,WBTC/USD₮0,0.05,Голубая фишка/стейбл,4164592.373085,Пассивно,10.0,22.072749257185357,-104.7120947746777,0.47371053457395335,-27.388544994306127,-104.7120947746777,2,16.89920349458269,40.37977249370877,67.7683174880149,83.17510548523207,0
42161:0x70bf44c3a9b6b047bf60e5a05968225dbf3d6a5b9e8a95a73727e48921e889c1,Arbitrum,Uniswap v4,WBTC/USDC,0.3499,Голубая фишка/стейбл,328691.173448,Пассивно,10.0,11.788839612080443,-104.71330458300704,-5.0647512235117595,-32.66307206481279,-104.71330458300704,1,11.4838485310146,35.47499608315563,68.13806814796841,81.63069544364508,0
8453:0x3e66e55e97ce60096f74b7c475e8249f2d31a9fb,Base,Aerodrome Slipstream,USDC/CBBTC,0.0346,Голубая фишка/стейбл,7355675.077588,Пассивно,10.0,23.516158308723735,-104.79505775050598,8.184626310274028,-24.364757710502737,-104.79505775050598,2,19.674012983018166,42.9257394820487,67.29049719255143,81.92883895131087,0
8453:0x4e962bb3889bf030368f56810a9c96b83cb3e778,Base,Aerodrome Slipstream,USDC/CBBTC,0.0532,Голубая фишка/стейбл,6040393.319163,"Стейк AERO, пассивно",10.0,12.687428130678278,-105.1043584410616,-6.0285802784752285,-32.81517019628619,-105.1043584410616,1,11.197562214266664,34.48612339841717,67.30129359470335,82.12962962962963,0
8453:0x160d7e9d948b16c163332a277b393c288408eb12,Base,Aerodrome Slipstream,USDC/CBBTC,0.0218,Голубая фишка/стейбл,5221477.505015,"Стейк AERO, авто-ребаланс",5.0,-6.574082950997687,-105.3418943454528,-37.518425600261516,-49.81146763223733,-105.3418943454528,0,27.365650635815207,17.512961633254186,67.32442926549152,99.49074074074075,11
42161:0x843ac8dc6d34aeb07a56812b8b36429ee46bdd07,Arbitrum,Pancake v3,WBTC/USDC,0.05,Голубая фишка/стейбл,406657.816518,"Комиссии + фарм наград, пассивно",10.0,19.794262123561175,-105.53150066784144,-4.838673632948544,-30.191970725742937,-105.53150066784144,1,14.313827629794757,37.74835216777365,67.94032289351658,82.74902615470228,0
8453:0xaa5fe7dcc07dcb8b7afcd1b93874e7cb1e0ab50b,Base,Aerodrome Slipstream,WETH/EURC,0.05,Голубая фишка/стейбл,892023.559055,"Стейк AERO, пассивно",20.0,10.731135578078204,-106.31438768942283,-18.89690274866251,-38.16005162000238,-106.31438768942283,1,13.358189174710786,61.15141544661083,99.3114670666132,82.25047080979284,0
8453:0xfbb6eed8e7aa03b138556eedaf5d271a5e1e43ef,Base,Uniswap v3,USDC/CBBTC,0.05,Голубая фишка/стейбл,8506440.807863,Пассивно,10.0,18.66689935415417,-106.44463458667488,3.8119760048453277,-27.988586409225128,-106.44463458667488,2,16.07296833997764,39.25288241285593,67.24146882208106,82.12962962962963,0
8453:0xb775272e537cc670c65dc852908ad47015244eaf,Base,Pancake v3,WETH/USDC,0.05,Голубая фишка/стейбл,1219742.77141,"Комиссии + фарм наград, пассивно",20.0,22.487924795327412,-106.66977336675414,7.990399745951001,-25.397149608491908,-106.66977336675414,2,23.296894701747217,69.74122658090228,95.13837618939418,82.20973782771536,0
42161:0x0e4831319a50228b9e450861297ab92dee15b44f,Arbitrum,Uniswap v3,WBTC/USDC,0.05,Голубая фишка/стейбл,8037861.079307,Пассивно,10.0,15.799580543717381,-106.71882249029754,2.287203665839182,-29.544012760246993,-106.71882249029754,2,14.484279585357344,37.81602542754209,67.36003818778906,83.41232227488152,0
8453:0x160d7e9d948b16c163332a277b393c288408eb12,Base,Aerodrome Slipstream,USDC/CBBTC,0.0218,Голубая фишка/стейбл,5221477.505015,Авто-ребаланс,5.0,-10.006438315809703,-106.92453968947918,-39.41620143647654,-52.11572648058847,-106.92453968947918,0,25.061391787464064,15.20870278490305,67.32442926549152,99.49074074074075,11
8453:0xec558e484cc9f2210714e345298fdc53b253c27d,Base,Uniswap v3,USDC/CBBTC,0.3,Голубая фишка/стейбл,1791948.233748,Авто-ребаланс,5.0,-21.798959189919053,-107.28227981974385,-23.821512437024037,-50.967583815562314,-107.28227981974385,0,32.741697230713676,17.305955022463483,68.27353883802579,99.27901599622757,11
8453:0xec558e484cc9f2210714e345298fdc53b253c27d,Base,Uniswap v3,USDC/CBBTC,0.3,Голубая фишка/стейбл,1791948.233748,Пассивно,10.0,9.81826520841028,-107.5417279368379,2.1679603111170143,-31.851834139103534,-107.5417279368379,2,12.472433937686837,36.42170469892213,68.27353883802564,80.31953522149601,0
8453:0x160d7e9d948b16c163332a277b393c288408eb12,Base,Aerodrome Slipstream,USDC/CBBTC,0.0218,Голубая фишка/стейбл,5221477.505015,Пассивно,10.0,11.807918287741188,-107.8912273634809,-6.3207521079409315,-34.13468706122688,-107.8912273634809,1,9.902528752647042,33.18974220426464,67.32442926549152,82.12962962962963,0
42161:0x70bf44c3a9b6b047bf60e5a05968225dbf3d6a5b9e8a95a73727e48921e889c1,Arbitrum,Uniswap v4,WBTC/USDC,0.3499,Голубая фишка/стейбл,328691.173448,Авто-ребаланс,5.0,-13.96824972592138,-107.92827998285802,-34.08108127448865,-51.992536994422686,-107.92827998285802,0,29.392850410793162,16.145531153545882,68.13806814796857,99.46611684297302,11
42161:0xf3eb87c1f6020982173c908e7eb31aa66c1f0296,Arbitrum,Sushi v3,WETH/USDC,0.05,Голубая фишка/стейбл,368038.72732,Пассивно,20.0,28.801377956807382,-107.93371299490046,8.9222957101908,-23.403346442634092,-107.93371299490046,2,25.232263846684837,71.55826249409458,94.96160893672867,82.9214717188358,0
42161:0x843ac8dc6d34aeb07a56812b8b36429ee46bdd07,Arbitrum,Pancake v3,WBTC/USDC,0.05,Голубая фишка/стейбл,406657.816518,Пассивно,10.0,13.9434107549896,-107.93660148089754,-10.148069850775327,-34.71375352556109,-107.93660148089754,1,9.792044829976572,33.2265693679555,67.94032289351658,82.74902615470228,0
8453:0xb94b22332abf5f89877a14cc88f2abc48c34b3df,Base,Pancake v3,USDC/CBBTC,0.01,Голубая фишка/стейбл,1762252.850586,Пассивно,10.0,9.18853508410017,-107.97679562146301,-6.83839015990257,-35.20888356575514,-107.97679562146301,1,8.792136484330467,32.07667824069884,67.28556180645397,82.15113583681038,0
42161:0x80c735c5a0222241f211b3edb8df2ccefad94553ec18f1c29143f0399c78f500,Arbitrum,Uniswap v4,WBTC/USDC,0.0625,Голубая фишка/стейбл,3536486.871302,Пассивно,10.0,9.09363279952103,-108.31193030330557,4.215061057928379,-31.667745481952053,-108.31193030330557,2,12.325951682585709,35.668345819937336,67.3360913018894,82.21912720519963,0
42161:0x7fcdc35463e3770c2fb992716cd070b63540b947,Arbitrum,Pancake v3,WETH/USDC,0.01,Голубая фишка/стейбл,473051.619529,"Комиссии + фарм наград, пассивно",20.0,15.88872783859344,-108.37248876324601,1.7714516760811574,-30.237436416190473,-108.37248876324601,2,18.503326970422332,64.82749076389453,95.064927180085,83.43653250773994,0
8453:0xb94b22332abf5f89877a14cc88f2abc48c34b3df,Base,Pancake v3,USDC/CBBTC,0.01,Голубая фишка/стейбл,1762252.850586,"Комиссии + фарм наград, пассивно",5.0,43.96759653586991,-108.38269780910832,-4.764511656071165,-23.059870976436525,-108.38269780910832,1,30.72572886538202,44.2256908300176,67.28556180645413,67.01115232060991,0
8453:0x9785ef59e2b499fb741674ecf6faf912df7b3c1b,Base,Aerodrome Slipstream,WETH/USDT,0.0445,Голубая фишка/стейбл,2460467.75359,Пассивно,20.0,20.055018038018126,-108.62819410636415,-7.9837873831337225,-32.18565448382658,-108.62819410636415,1,16.30977520780511,62.91453348056197,95.10018796438854,82.42929995363932,0
8453:0x4e962bb3889bf030368f56810a9c96b83cb3e778,Base,Aerodrome Slipstream,USDC/CBBTC,0.0532,Голубая фишка/стейбл,6040393.319163,Пассивно,10.0,11.279866397694024,-109.00095267149456,-5.839347199129822,-34.52014449097678,-109.00095267149456,1,9.492587919576092,32.78114910372656,67.30129359470335,82.12962962962963,0
42161:0xc31e54c7a869b9fcbecc14363cf510d1c41fa443,Arbitrum,Uniswap v3,WETH/USDC,0.05,Голубая фишка/стейбл,1118511.713936,Пассивно,20.0,16.481555647278586,-109.61611137680359,1.8754392767973997,-30.419705484242535,-109.61611137680359,2,18.045658336593345,64.63667751762213,95.05638300186466,83.62666666666667,0
8453:0x72ab388e2e2f6facef59e3c3fa2c4e29011c2d38,Base,Pancake v3,WETH/USDC,0.01,Голубая фишка/стейбл,4969308.957636,"Комиссии + фарм наград, пассивно",20.0,11.22260728096081,-110.0619187853798,1.815884143939644,-32.34114245349311,-110.0619187853798,2,16.32475814469247,62.77057527808876,95.11171773158186,82.31481481481481,0
8453:0x9785ef59e2b499fb741674ecf6faf912df7b3c1b,Base,Aerodrome Slipstream,WETH/USDT,0.0445,Голубая фишка/стейбл,2460467.75359,"Стейк AERO, пассивно",20.0,6.657158182993668,-110.16021414049587,-5.621984083046123,-36.37501334684944,-110.16021414049587,1,12.120416344782267,58.72517461753911,95.10018796438854,82.42929995363932,0
8453:0x6c561b446416e1a00e8e93e221854d6ea4171372,Base,Uniswap v3,WETH/USDC,0.3,Голубая фишка/стейбл,163067768.867821,Пассивно,20.0,12.96959856577743,-110.26559560300122,2.3432070354679038,-31.650930000585294,-110.26559560300122,2,16.53089172865251,63.44466323263455,95.09559323321984,82.4074074074074,0
42161:0xc82819f72a9e77e2c0c3a69b3196478f44303cf4,Arbitrum,Uniswap v3,WETH/USD₮0,0.3,Голубая фишка/стейбл,367911.495425,Пассивно,20.0,1.0812468276896683,-110.62696743362355,7.991616251572789,-33.85136811812036,-110.62696743362355,2,14.127126994144133,61.114874087779604,94.96624220589997,79.7055730809674,0
8453:0xb2cc224c1c9fee385f8ad6a55b4d94e92359dc59,Base,Aerodrome Slipstream,WETH/USDC,0.0728,Голубая фишка/стейбл,8562745.065349,"Стейк AERO, пассивно",20.0,8.534293416828268,-110.66822852183434,-3.266598297822572,-35.13351113427621,-110.66822852183434,1,13.57112203005015,60.00470354297353,95.13821467724975,82.36111111111111,0
42161:0xd9e2a1a61b6e61b275cec326465d417e52c1b95c,Arbitrum,Pancake v3,WETH/USDC,0.05,Голубая фишка/стейбл,787147.903277,"Комиссии + фарм наград, пассивно",20.0,16.356667670322395,-110.77776999394477,5.372598517244401,-29.682834602125993,-110.77776999394477,2,19.00594112145203,65.36145069664886,95.04428529877484,82.75862068965517,0
8453:0xb24f7fcd75c3a001b74be4c60f181c024154c4d7c33097777e3950979042b073,Base,Uniswap v4,TBTC/USDC,0.3499,Голубая фишка/стейбл,726649.624081,Пассивно,10.0,-1.6427943824386722,-110.9137104241328,-5.389761472656625,-39.31542209307603,-110.9137104241328,0,5.078084742423932,28.569499022154435,67.88492111523047,80.46153846153847,0
8453:0xaa5fe7dcc07dcb8b7afcd1b93874e7cb1e0ab50b,Base,Aerodrome Slipstream,WETH/EURC,0.05,Голубая фишка/стейбл,892023.559055,Пассивно,20.0,1.0189273687626943,-111.82277788050834,-26.439809659026952,-45.74788672359087,-111.82277788050834,1,5.770354071122366,53.56358034302234,99.3114670666132,82.25047080979284,0
42161:0x641c00a822e8b671738d32a431a4fb6074e5c79d,Arbitrum,Uniswap v3,WETH/USD₮0,0.05,Голубая фишка/стейбл,6444291.054483,Пассивно,20.0,6.4603350518104525,-111.83786528020822,-0.8146891224851432,-35.397406450294305,-111.83786528020822,1,12.876570346017829,59.47258624600454,94.86999269629884,83.57180710121887,0
42161:0x03df2300e83353309c1069ae3ea89c31b361a009f9c36a1de5c8f0afcc45bde8,Arbitrum,Uniswap v4,ETH/USDC,0.3499,Голубая фишка/стейбл,3237764.513506,Пассивно,15.0,77.53573298794846,-112.11423907493642,15.054678439356092,-6.507942549210622,-112.11423907493642,2,49.1453843484335,88.6117835359499,95.11972608516054,81.66202414113278,0
42161:0x4d1576158518dd61924218446c1057cf03138d57,Arbitrum,Sushi v3,WETH/USDC,0.3,Голубая фишка/стейбл,497694.662033,Пассивно,20.0,4.085292962085577,-112.13135764965834,2.344370627852568,-35.23389801990673,-112.13135764965834,2,12.992367393648907,59.998845658572534,95.23274367847925,79.84234234234235,0
42161:0xc473e2aee3441bf9240be85eb122abb059a3b57c,Arbitrum,Uniswap v3,WETH/USDC,0.3,Голубая фишка/стейбл,5705323.513293,Пассивно,20.0,8.082320333615002,-112.18701357874149,9.494174860324144,-31.53683946160078,-112.18701357874149,2,16.665653185301238,63.51425389980947,95.05109336141025,81.78104575163398,0
42161:0x864abca0a6202dba5b8868772308da953ff125b0f95015adbf89aaf579e903a8,Arbitrum,Uniswap v4,ETH/USDC,0.0625,Голубая фишка/стейбл,7143372.960387,Пассивно,20.0,10.182393041191531,-112.92421014202465,2.844439838463149,-33.299125754123324,-112.92421014202465,2,15.42850805113547,61.75364730972938,95.05277306385271,82.35840297121634,0
8453:0xb4cb800910b228ed3d0834cf79d697127bbb00e5,Base,Uniswap v3,WETH/USDC,0.01,Голубая фишка/стейбл,698189.675847,Пассивно,20.0,0.8624636301657906,-112.94501800018956,-5.56452944114505,-39.21569460372294,-112.94501800018956,1,9.449483043227929,55.896534116014905,95.11222871973786,82.38293926750116,0
8453:0xb775272e537cc670c65dc852908ad47015244eaf,Base,Pancake v3,WETH/USDC,0.05,Голубая фишка/стейбл,1219742.77141,Пассивно,20.0,7.342869987288565,-113.42588266574904,-4.902612255096683,-36.99520831118572,-113.42588266574904,1,11.698835999053472,58.14316787820846,95.13837618939418,82.20973782771536,0
8453:0x160d7e9d948b16c163332a277b393c288408eb12,Base,Aerodrome Slipstream,USDC/CBBTC,0.0218,Голубая фишка/стейбл,5221477.505015,"Стейк AERO, пассивно",5.0,25.848544926483846,-113.50013818378162,-16.941426202257833,-34.864339819851864,-113.50013818378162,1,18.96512724148919,32.460089445639646,67.32442926549152,66.89814814814815,0
42161:0xc6962004f452be9203591991d15f6b388e09e8d0,Arbitrum,Uniswap v3,WETH/USDC,0.05,Голубая фишка/стейбл,37096104.750623,Пассивно,20.0,8.21842374649798,-113.59284676304853,1.2663908459816442,-34.702677390189635,-113.59284676304853,2,14.025585787081576,60.38136631310803,95.08404370329767,83.49106203995794,0
8453:0x72ab388e2e2f6facef59e3c3fa2c4e29011c2d38,Base,Pancake v3,WETH/USDC,0.01,Голубая фишка/стейбл,4969308.957636,Пассивно,20.0,2.693646746253332,-113.92615830360178,-5.433286705122979,-38.88859942082381,-113.92615830360178,1,9.77730117736176,56.22311831075806,95.11171773158186,82.31481481481481,0
8453:0x12d76c5c8ec8edffd3c143995b0aa43fe44a6d71eb9113796272909e54b8e078,Base,Uniswap v4,USDC/CBBTC,0.0625,Голубая фишка/стейбл,3371381.514772,Пассивно,5.0,65.18638689179063,-114.03335341874126,-0.3590419840052527,-16.402002836985293,-114.03335341874126,1,37.386635988140114,50.80670598791766,67.20870882490296,67.03639313861845,0
8453:0x3fe04a59ebd38cf06080a6f60a98d124eb59392a,Base,Aerodrome Slipstream,WETH/USDC,0.0625,Голубая фишка/стейбл,12279890.854137,Пассивно,20.0,11.725931060599995,-114.25424861888014,-8.742469722435674,-37.09026242690527,-114.25424861888014,1,11.610738241181506,58.01396008340993,95.1042225103152,82.336578581363,0
8453:0x4e962bb3889bf030368f56810a9c96b83cb3e778,Base,Aerodrome Slipstream,USDC/CBBTC,0.0532,Голубая фишка/стейбл,6040393.319163,"Стейк AERO, пассивно",5.0,24.10183280527775,-114.31715365716082,-17.61095260886002,-35.94209115358103,-114.31715365716082,1,17.85426582394842,31.359202441122545,67.30129359470357,66.99074074074075,0
8453:0xd0b53d9277642d899df5c87a3966a349a798f224,Base,Uniswap v3,WETH/USDC,0.05,Голубая фишка/стейбл,10060511.434283,Пассивно,20.0,5.670009727540106,-114.46832524220676,1.2802831758102757,-35.839344112952126,-114.46832524220676,2,12.847001029059474,59.280296551337344,95.11964066428946,82.38293926750116,0
8453:0x3fe04a59ebd38cf06080a6f60a98d124eb59392a,Base,Aerodrome Slipstream,WETH/USDC,0.0625,Голубая фишка/стейбл,12279890.854137,"Стейк AERO, пассивно",20.0,0.21034025343024343,-114.52683716030971,-10.46569938598645,-41.594065430955304,-114.52683716030971,1,7.106935237131405,53.510157079359885,95.1042225103152,82.336578581363,0
42161:0xd9e2a1a61b6e61b275cec326465d417e52c1b95c,Arbitrum,Pancake v3,WETH/USDC,0.05,Голубая фишка/стейбл,787147.903277,Пассивно,20.0,6.766040741282356,-114.68931782268992,-2.9572869464521654,-36.960188009286576,-114.68931782268992,1,11.728587714291436,58.08409728948828,95.04428529877484,82.75862068965517,0
42161:0x03df2300e83353309c1069ae3ea89c31b361a009f9c36a1de5c8f0afcc45bde8,Arbitrum,Uniswap v4,ETH/USDC,0.3499,Голубая фишка/стейбл,3237764.513506,Пассивно,5.0,59.56344818524567,-114.9499325016817,-3.2992806872468403,-19.56192166789429,-114.9499325016817,1,60.53496615472352,75.55780441726624,95.11972608516054,44.439543480602154,0
42161:0x7fcdc35463e3770c2fb992716cd070b63540b947,Arbitrum,Pancake v3,WETH/USDC,0.01,Голубая фишка/стейбл,473051.619529,Пассивно,20.0,1.1699865735353978,-114.96553605296486,-11.0848562594293,-41.62680191295292,-114.96553605296486,1,7.113961473659858,53.43812526713208,95.064927180085,83.43653250773994,0
8453:0xb2cc224c1c9fee385f8ad6a55b4d94e92359dc59,Base,Aerodrome Slipstream,WETH/USDC,0.0728,Голубая фишка/стейбл,8562745.065349,Пассивно,20.0,3.457969322605607,-115.3372230163992,4.8403794290789905,-35.679624754904864,-115.3372230163992,2,13.025008409421462,59.45858992234487,95.13821467724975,82.36111111111111,0
8453:0xf97db19953c4309b3af2ceb9cce172939e8868321a24656667d44cccb31c9ddc,Base,Uniswap v4,USDC/CBBTC,0.1762,Голубая фишка/стейбл,1318687.924526,Пассивно,5.0,39.5699705285003,-115.79980186210352,-21.504505037316765,-32.57811212364,-115.79980186210352,1,21.34282317330128,34.972889808361,67.551001932001,67.02244508118434,0
42161:0x5969efdde3cf5c0d9a88ae51e47d721096a97203,Arbitrum,Uniswap v3,WBTC/USD₮0,0.05,Голубая фишка/стейбл,4164592.373085,Пассивно,5.0,42.1398814967691,-116.42319796260905,-13.408531739101266,-29.23061606831374,-116.42319796260905,1,25.02229607666408,38.53770141970131,67.76831748801504,67.42894338838796,0
42161:0x843ac8dc6d34aeb07a56812b8b36429ee46bdd07,Arbitrum,Pancake v3,WBTC/USDC,0.05,Голубая фишка/стейбл,406657.816518,"Комиссии + фарм наград, пассивно",5.0,37.36759217090071,-116.43287324032184,-17.646388266413325,-32.23722311194482,-116.43287324032184,1,22.21400440714,35.70309978157178,67.9403228935166,67.16560742848688,0
42161:0xd9e2a1a61b6e61b275cec326465d417e52c1b95c,Arbitrum,Pancake v3,WETH/USDC,0.05,Голубая фишка/стейбл,787147.903277,Авто-ребаланс,5.0,0.9704755690291677,-116.56453837238988,-16.66870549073365,-44.08758943136478,-116.56453837238988,1,50.5178010739064,50.95669586741014,95.04428529877494,99.33964958488232,13
8453:0x3e66e55e97ce60096f74b7c475e8249f2d31a9fb,Base,Aerodrome Slipstream,USDC/CBBTC,0.0346,Голубая фишка/стейбл,7355675.077588,Пассивно,5.0,44.479294113360076,-116.69941493419229,-3.857170510699203,-25.359097110510472,-116.69941493419229,1,28.457508534287975,41.93140008204082,67.29049719255129,66.82546616241552,0
42161:0xe88bba0ec2fc9091d68344b32b504abcc59f0aa9e1ae2ef048b69bc7ec3f4df8,Arbitrum,Uniswap v4,ETH/USD₮0,0.0625,Голубая фишка/стейбл,926636.364251,Пассивно,20.0,-4.405344605946563,-116.72530551635525,-3.0308496657582813,-41.38716659602003,-116.72530551635525,0,7.087530006647803,53.39189387652758,94.77906047254761,82.35840297121634,0
8453:0xe070797535b13431808f8fc81fdbe7b41362960ed0b55bc2b6117c49c51b7eb9,Base,Uniswap v4,ETH/USDC,0.3499,Голубая фишка/стейбл,4569506.258214,Пассивно,15.0,52.05078201795591,-117.95662618629044,20.73549814474483,-15.056782007863232,-117.95662618629044,2,40.68306189955792,80.18210183412255,95.23888384198578,81.57407407407408,0
8453:0xfbb6eed8e7aa03b138556eedaf5d271a5e1e43ef,Base,Uniswap v3,USDC/CBBTC,0.05,Голубая фишка/стейбл,8506440.807863,Пассивно,5.0,35.47248423698812,-117.98847380968816,-6.136626738146584,-29.55087210361554,-117.98847380968816,1,24.258075065383593,37.69059671846552,67.24146882208106,67.03703703703704,0
42161:0x70bf44c3a9b6b047bf60e5a05968225dbf3d6a5b9e8a95a73727e48921e889c1,Arbitrum,Uniswap v4,WBTC/USDC,0.3499,Голубая фишка/стейбл,328691.173448,Пассивно,5.0,21.870044650778166,-118.24362496443676,-22.18342557505544,-39.51900196290468,-118.24362496443676,1,14.808385194878952,28.61906618506389,68.13806814796857,65.67818490011933,0
8453:0xaa5fe7dcc07dcb8b7afcd1b93874e7cb1e0ab50b,Base,Aerodrome Slipstream,WETH/EURC,0.05,Голубая фишка/стейбл,892023.559055,"Стейк AERO, пассивно",15.0,13.841954227560379,-118.63543471019075,-24.614376230260078,-43.13595223763015,-118.63543471019075,1,16.984105719785134,56.1755148289829,99.31146706661305,81.03264281230383,0
8453:0xb775272e537cc670c65dc852908ad47015244eaf,Base,Pancake v3,WETH/USDC,0.05,Голубая фишка/стейбл,1219742.77141,"Комиссии + фарм наград, пассивно",15.0,28.984497594014975,-118.70044133653657,10.269155502609518,-26.48226274663736,-118.70044133653657,2,29.553293239213087,68.65611344275675,95.13837618939411,81.41385767790263,0
42161:0x0e4831319a50228b9e450861297ab92dee15b44f,Arbitrum,Uniswap v3,WBTC/USDC,0.05,Голубая фишка/стейбл,8037861.079307,Пассивно,5.0,30.17555940939468,-118.8163694724255,-12.362104366585546,-33.66763814320546,-118.8163694724255,1,20.201480662764677,33.69240004458376,67.36003818778921,67.70954117870875,0
42161:0x03df2300e83353309c1069ae3ea89c31b361a009f9c36a1de5c8f0afcc45bde8,Arbitrum,Uniswap v4,ETH/USDC,0.3499,Голубая фишка/стейбл,3237764.513506,Пассивно,10.0,109.94298755378695,-119.30399270431624,12.795619270268274,1.1448713732463265,-119.30399270431624,2,67.1764410919761,96.26459745840678,95.11972608516045,75.78302698945723,0
8453:0xb94b22332abf5f89877a14cc88f2abc48c34b3df,Base,Pancake v3,USDC/CBBTC,0.01,Голубая фишка/стейбл,1762252.850586,Пассивно,5.0,17.353307677293763,-120.1425756134,-18.803372897143454,-40.530880277749894,-120.1425756134,1,13.254719564068703,26.75468152870423,67.28556180645413,67.01115232060991,0
8453:0x160d7e9d948b16c163332a277b393c288408eb12,Base,Aerodrome Slipstream,USDC/CBBTC,0.0218,Голубая фишка/стейбл,5221477.505015,Пассивно,5.0,22.41175751371357,-120.47653239948897,-18.451454895430597,-38.838743260402,-120.47653239948897,1,14.990723800939081,28.48568600508952,67.32442926549152,66.89814814814815,0
42161:0x7fcdc35463e3770c2fb992716cd070b63540b947,Arbitrum,Pancake v3,WETH/USDC,0.01,Голубая фишка/стейбл,473051.619529,"Комиссии + фарм наград, пассивно",15.0,20.068680388220876,-120.75518570785566,1.9874056700951221,-32.899699883179885,-120.75518570785566,2,23.165505818545007,62.165227296905115,95.064927180085,82.6625386996904,0
42161:0x843ac8dc6d34aeb07a56812b8b36429ee46bdd07,Arbitrum,Pancake v3,WBTC/USDC,0.05,Голубая фишка/стейбл,406657.816518,Пассивно,5.0,26.312478609044266,-120.76552446674754,-23.35429502252436,-39.269113626742545,-120.76552446674754,1,15.182113892342274,28.671209266774046,67.9403228935166,67.16560742848688,0
42161:0x80c735c5a0222241f211b3edb8df2ccefad94553ec18f1c29143f0399c78f500,Arbitrum,Uniswap v4,WBTC/USDC,0.0625,Голубая фишка/стейбл,3536486.871302,Пассивно,5.0,17.277111773404318,-121.50052440212413,-9.637182920910318,-37.95353184987671,-121.50052440212413,1,15.876236323299802,29.3825594520126,67.33609130188933,66.75306922521406,0
8453:0xec558e484cc9f2210714e345298fdc53b253c27d,Base,Uniswap v3,USDC/CBBTC,0.3,Голубая фишка/стейбл,1791948.233748,Пассивно,5.0,18.56736531990116,-121.97523140299076,-11.651047125799954,-38.35297106962985,-121.97523140299076,1,16.049243441437266,29.920567768395948,68.27353883802579,63.51308617196149,0
8453:0x4e962bb3889bf030368f56810a9c96b83cb3e778,Base,Aerodrome Slipstream,USDC/CBBTC,0.0532,Голубая фишка/стейбл,6040393.319163,Пассивно,5.0,21.549168729844403,-122.15527183871902,-18.002188117104467,-39.53609707532636,-122.15527183871902,1,14.260259902202982,27.76519651937722,67.30129359470357,66.99074074074075,0
8453:0x9785ef59e2b499fb741674ecf6faf912df7b3c1b,Base,Aerodrome Slipstream,WETH/USDT,0.0445,Голубая фишка/стейбл,2460467.75359,Пассивно,15.0,25.826263881234834,-122.24557568682164,-10.310366832597632,-35.57655954606148,-122.24557568682164,1,20.324234830401124,59.52362841832699,95.10018796438847,81.59480760315253,0
8453:0x9785ef59e2b499fb741674ecf6faf912df7b3c1b,Base,Aerodrome Slipstream,WETH/USDT,0.0445,Голубая фишка/стейбл,2460467.75359,"Стейк AERO, пассивно",15.0,8.560858420031385,-122.59914448034772,-7.2624799270121,-40.43358866244281,-122.59914448034772,1,15.46720571401985,54.66659930194565,95.10018796438847,81.59480760315253,0
8453:0x72ab388e2e2f6facef59e3c3fa2c4e29011c2d38,Base,Pancake v3,WETH/USDC,0.01,Голубая фишка/стейбл,4969308.957636,"Комиссии + фарм наград, пассивно",15.0,14.47557372760121,-122.78544162058476,2.3361783032551435,-35.324563196576136,-122.78544162058476,2,20.67849762798539,59.78715453500581,95.11171773158193,81.57407407407408,0
8453:0xb2cc224c1c9fee385f8ad6a55b4d94e92359dc59,Base,Aerodrome Slipstream,WETH/USDC,0.0728,Голубая фишка/стейбл,8562745.065349,"Стейк AERO, пассивно",15.0,11.01479168909044,-122.88390332894264,-4.218303896317878,-38.69580517872336,-122.88390332894264,1,17.344164223214843,56.44240949852631,95.13821467724966,81.57407407407408,0
42161:0xd9e2a1a61b6e61b275cec326465d417e52c1b95c,Arbitrum,Pancake v3,WETH/USDC,0.05,Голубая фишка/стейбл,787147.903277,"Комиссии + фарм наград, пассивно",15.0,20.955617641522036,-123.80576275240527,6.795565666432454,-32.01819314815026,-123.80576275240527,2,24.007204869113483,63.02609215062429,95.04428529877455,82.04707170224411,0
8453:0xb775272e537cc670c65dc852908ad47015244eaf,Base,Pancake v3,WETH/USDC,0.05,Голубая фишка/стейбл,1219742.77141,"Комиссии + фарм наград, пассивно",5.0,16.65068476311424,-123.82098382216589,-6.139721466382946,-37.77000684181153,-123.82098382216589,1,42.345531085041394,57.36836934758287,95.13837618939439,43.62599936013131,0
42161:0xc31e54c7a869b9fcbecc14363cf510d1c41fa443,Arbitrum,Uniswap v3,WETH/USDC,0.05,Голубая фишка/стейбл,1118511.713936,Пассивно,15.0,20.721295691567573,-124.22279256785484,2.079079844026988,-33.80747234408676,-124.22279256785484,2,22.066858726433797,61.248910657777905,95.05638300186466,82.82666666666667,0
42161:0xf3eb87c1f6020982173c908e7eb31aa66c1f0296,Arbitrum,Sushi v3,WETH/USDC,0.05,Голубая фишка/стейбл,368038.72732,Пассивно,15.0,35.742205270786954,-124.24712045735184,10.765782190099896,-25.913044332154996,-124.24712045735184,2,30.04683981824678,69.04856460457353,94.96160893672851,82.20757825370676,0
8453:0x6c561b446416e1a00e8e93e221854d6ea4171372,Base,Uniswap v3,WETH/USDC,0.3,Голубая фишка/стейбл,163067768.867821,Пассивно,15.0,16.741977383374568,-124.44873828585096,3.0245685482704507,-34.89406411806865,-124.44873828585096,2,20.783956027274513,60.201529115151125,95.09559323321977,81.57407407407408,0
8453:0xb24f7fcd75c3a001b74be4c60f181c024154c4d7c33097777e3950979042b073,Base,Uniswap v4,TBTC/USDC,0.3499,Голубая фишка/стейбл,726649.624081,Пассивно,5.0,-3.1871269207668043,-125.58509020404995,-23.570298367417326,-50.78083849741136,-125.58509020404995,0,3.562239779207078,17.10408261781911,67.88492111523047,64.44063463418301,0
8453:0xaa5fe7dcc07dcb8b7afcd1b93874e7cb1e0ab50b,Base,Aerodrome Slipstream,WETH/EURC,0.05,Голубая фишка/стейбл,892023.559055,Пассивно,15.0,1.310525077576464,-125.74103993099467,-34.276779540597516,-52.902431464671906,-125.74103993099467,1,7.2176264927432765,46.40903560194114,99.31146706661305,81.03264281230383,0
8453:0xb4cb800910b228ed3d0834cf79d697127bbb00e5,Base,Uniswap v3,WETH/USDC,0.01,Голубая фишка/стейбл,698189.675847,Пассивно,15.0,1.0359556241851169,-126.42353254603319,-7.226957741438021,-44.20484488776203,-126.42353254603319,1,11.79908628428899,50.9073838319759,95.11222871973791,81.59480760315253,0
42161:0x641c00a822e8b671738d32a431a4fb6074e5c79d,Arbitrum,Uniswap v3,WETH/USD₮0,0.05,Голубая фишка/стейбл,6444291.054483,Пассивно,15.0,8.32162414370762,-126.45972303423878,-1.0697029057277518,-39.735933932086304,-126.45972303423878,1,15.950872491541869,55.134058764212455,94.86999269629878,82.82988871224165,0
42161:0xc82819f72a9e77e2c0c3a69b3196478f44303cf4,Arbitrum,Uniswap v3,WETH/USD₮0,0.3,Голубая фишка/стейбл,367911.495425,Пассивно,15.0,1.1773220274876772,-126.85023598629274,9.773343391232334,-38.63319018919091,-126.85023598629274,2,16.864244080155324,56.3330520167092,94.96624220590013,78.33859095688749,0
8453:0xb775272e537cc670c65dc852908ad47015244eaf,Base,Pancake v3,WETH/USDC,0.05,Голубая фишка/стейбл,1219742.77141,"Комиссии + фарм наград, пассивно",10.0,41.16266446460858,-126.90243980059779,7.284243045402618,-26.151844096862195,-126.90243980059779,2,39.9629281755482,68.98653209253206,95.13837618939425,75.85636338977392,0
8453:0xb775272e537cc670c65dc852908ad47015244eaf,Base,Pancake v3,WETH/USDC,0.05,Голубая фишка/стейбл,1219742.77141,Пассивно,15.0,9.455519353722474,-126.96534253901812,-6.3520329430936755,-41.28728537612977,-126.96534253901812,1,14.748270609720658,53.851090813264335,95.13837618939411,81.41385767790263,0
42161:0xc473e2aee3441bf9240be85eb122abb059a3b57c,Arbitrum,Uniswap v3,WETH/USDC,0.3,Голубая фишка/стейбл,5705323.513293,Пассивно,15.0,10.416493758173196,-127.0392983659309,12.227964567642454,-34.79828001337175,-127.0392983659309,2,20.884089591930824,60.252813348038565,95.05109336141032,80.71895424836602,0
42161:0x864abca0a6202dba5b8868772308da953ff125b0f95015adbf89aaf579e903a8,Arbitrum,Uniswap v4,ETH/USDC,0.0625,Голубая фишка/стейбл,7143372.960387,Пассивно,15.0,13.10138004523138,-127.24278620704087,3.6579079240488435,-36.82783274592021,-127.24278620704087,2,19.229731512184234,58.22494031793257,95.05277306385278,81.66202414113278,0
8453:0xe070797535b13431808f8fc81fdbe7b41362960ed0b55bc2b6117c49c51b7eb9,Base,Uniswap v4,ETH/USDC,0.3499,Голубая фишка/стейбл,4569506.258214,Пассивно,10.0,74.15065313692432,-127.25120715658042,22.56482680811731,-10.178575737179598,-127.25120715658042,2,55.95085776979569,85.06030810480632,95.23888384198594,75.86711174694008,0
8453:0x72ab388e2e2f6facef59e3c3fa2c4e29011c2d38,Base,Pancake v3,WETH/USDC,0.01,Голубая фишка/стейбл,4969308.957636,Пассивно,15.0,3.4704659473913426,-127.5356464847497,-7.018861289708473,-43.69468060902228,-127.5356464847497,1,12.308380215539168,51.417037122559655,95.11171773158193,81.57407407407408,0
42161:0x4d1576158518dd61924218446c1057cf03138d57,Arbitrum,Sushi v3,WETH/USDC,0.3,Голубая фишка/стейбл,497694.662033,Пассивно,15.0,4.817750745257874,-127.57435516012696,2.4716329711114695,-40.09499048125254,-127.57435516012696,2,15.651475929072106,55.137753197226644,95.23274367847918,78.6036036036036,0
8453:0x3fe04a59ebd38cf06080a6f60a98d124eb59392a,Base,Aerodrome Slipstream,WETH/USDC,0.0625,Голубая фишка/стейбл,12279890.854137,"Стейк AERO, пассивно",15.0,0.27059911890022703,-127.59396975675008,-13.51043906724001,-46.94460323502996,-127.59396975675008,1,9.088329059296523,48.15961927528524,95.1042225103152,81.59480760315253,0
42161:0xc6962004f452be9203591991d15f6b388e09e8d0,Arbitrum,Uniswap v3,WETH/USDC,0.05,Голубая фишка/стейбл,37096104.750623,Пассивно,15.0,10.606816936338486,-127.62252074116418,1.6325667518929061,-38.46104568431093,-127.62252074116418,2,17.60422957692547,56.62299801898659,95.08404370329751,82.80757097791798,0
8453:0x3fe04a59ebd38cf06080a6f60a98d124eb59392a,Base,Aerodrome Slipstream,WETH/USDC,0.0625,Голубая фишка/стейбл,12279890.854137,Пассивно,15.0,15.134859089923234,-127.93108752697113,-11.28599832252176,-41.36074225318988,-127.93108752697113,1,14.672190041136652,53.743480257125306,95.1042225103152,81.59480760315253,0
8453:0xe070797535b13431808f8fc81fdbe7b41362960ed0b55bc2b6117c49c51b7eb9,Base,Uniswap v4,ETH/USDC,0.3499,Голубая фишка/стейбл,4569506.258214,Пассивно,5.0,49.341509057608675,-128.59780704651453,28.34187252246162,-16.97147515548141,-128.59780704651453,2,63.24457042396157,78.26740868650437,95.23888384198578,43.37327134000954,0
42161:0xd9e2a1a61b6e61b275cec326465d417e52c1b95c,Arbitrum,Pancake v3,WETH/USDC,0.05,Голубая фишка/стейбл,787147.903277,Пассивно,15.0,8.636124133987073,-128.60553615230316,-3.90907693891455,-41.29282965241021,-128.60553615230316,1,14.732568364853487,53.75145564636435,95.04428529877455,82.04707170224411,0
42161:0x7fcdc35463e3770c2fb992716cd070b63540b947,Arbitrum,Pancake v3,WETH/USDC,0.01,Голубая фишка/стейбл,473051.619529,Пассивно,15.0,1.3313237646039244,-128.7560118845,-14.418947729836812,-47.28121194991096,-128.7560118845,1,8.783993751813888,47.78371523017403,95.064927180085,82.6625386996904,0
8453:0xaa5fe7dcc07dcb8b7afcd1b93874e7cb1e0ab50b,Base,Aerodrome Slipstream,WETH/EURC,0.05,Голубая фишка/стейбл,892023.559055,"Стейк AERO, пассивно",10.0,19.41179381834898,-128.76247703884948,-42.771385536951264,-50.70735625248392,-128.76247703884948,1,20.243074808409443,48.60411081412921,99.31146706661312,65.4763025737602,0
8453:0xd0b53d9277642d899df5c87a3966a349a798f224,Base,Uniswap v3,WETH/USDC,0.05,Голубая фишка/стейбл,10060511.434283,Пассивно,15.0,7.31451082296138,-128.77637200408878,1.6467460922261126,-39.93837169630043,-128.77637200408878,2,16.08686193693442,55.18126896798927,95.11964066428969,81.59480760315253,0
8453:0x70acdf2ad0bf2402c957154f944c19ef4e1cbae1,Base,Aerodrome Slipstream,WETH/CBBTC,0.25,ETH/BTC,15783940.117581,Авто-ребаланс,2.5,-18.978318186148243,-129.0119540902734,-93.5815227846792,-80.52393168703361,-129.0119540902734,0,17.93871425968486,82.25826924856351,162.78220093559713,99.05520172532962,20
8453:0xaa5fe7dcc07dcb8b7afcd1b93874e7cb1e0ab50b,Base,Aerodrome Slipstream,WETH/EURC,0.05,Голубая фишка/стейбл,892023.559055,Авто-ребаланс,5.0,-24.03735232512619,-129.40594076440522,-58.18095451225993,-70.54141586726378,-129.40594076440522,0,27.73462478261351,28.770051199349275,99.31146706661305,99.39344005021971,13
8453:0xb2cc224c1c9fee385f8ad6a55b4d94e92359dc59,Base,Aerodrome Slipstream,WETH/USDC,0.0728,Голубая фишка/стейбл,8562745.065349,Пассивно,15.0,4.462649580234226,-129.62751703645702,6.246422293852219,-39.639481720790194,-129.62751703645702,2,16.400487681147986,55.49873295645947,95.13821467724966,81.57407407407408,0
42161:0x7fcdc35463e3770c2fb992716cd070b63540b947,Arbitrum,Pancake v3,WETH/USDC,0.01,Голубая фишка/стейбл,473051.619529,"Комиссии + фарм наград, пассивно",10.0,27.33218054999531,-130.1807381999788,-3.300465513757378,-35.383007721246955,-130.1807381999788,1,30.723540897121854,59.6819194588382,95.06492718008516,77.46140328132434,0
8453:0x70acdf2ad0bf2402c957154f944c19ef4e1cbae1,Base,Aerodrome Slipstream,WETH/CBBTC,0.25,ETH/BTC,15783940.117581,"Стейк AERO, авто-ребаланс",2.5,-19.840669696315526,-130.30476329915294,-91.01965940507817,-80.38836413351555,-130.30476329915294,0,18.07428181320297,82.39383680208158,162.78220093559713,99.05520172532962,20
42161:0xe88bba0ec2fc9091d68344b32b504abcc59f0aa9e1ae2ef048b69bc7ec3f4df8,Arbitrum,Uniswap v4,ETH/USD₮0,0.0625,Голубая фишка/стейбл,926636.364251,Пассивно,15.0,-5.716992324055839,-130.87427003042748,-3.9838948625723027,-46.858385739018544,-130.87427003042748,0,8.937507166241687,47.920674733529154,94.77906047254768,81.66202414113278,0
8453:0xaa5fe7dcc07dcb8b7afcd1b93874e7cb1e0ab50b,Base,Aerodrome Slipstream,WETH/EURC,0.05,Голубая фишка/стейбл,892023.559055,"Стейк AERO, пассивно",5.0,7.985654356836376,-131.1698669842092,-49.37299282432694,-57.51906848389992,-131.1698669842092,1,26.76956032017146,41.79239858271313,99.31146706661305,45.426082862523536,0
42161:0x7fcdc35463e3770c2fb992716cd070b63540b947,Arbitrum,Pancake v3,WETH/USDC,0.01,Голубая фишка/стейбл,473051.619529,"Комиссии + фарм наград, пассивно",5.0,4.319939292414977,-132.0231607186307,-19.80749544423837,-49.170238956818025,-132.0231607186307,1,30.871849960726173,45.894688223266975,95.06492718008501,45.55527875873166,0
8453:0x9785ef59e2b499fb741674ecf6faf912df7b3c1b,Base,Aerodrome Slipstream,WETH/USDT,0.0445,Голубая фишка/стейбл,2460467.75359,Пассивно,10.0,36.3543740948783,-132.5904878776379,-18.680745726694393,-38.30561983648467,-132.5904878776379,1,27.778375446645573,56.79456812790373,95.1001879643884,75.66881728738474,0
8453:0x72ab388e2e2f6facef59e3c3fa2c4e29011c2d38,Base,Pancake v3,WETH/USDC,0.01,Голубая фишка/стейбл,4969308.957636,"Комиссии + фарм наград, пассивно",10.0,20.39683215141748,-132.78981832397116,-2.4810470919150394,-38.291344421489576,-132.78981832397116,1,27.78507165734054,56.82037331009237,95.11171773158193,76.11111111111111,0
8453:0xb2cc224c1c9fee385f8ad6a55b4d94e92359dc59,Base,Aerodrome Slipstream,WETH/USDC,0.0728,Голубая фишка/стейбл,8562745.065349,"Стейк AERO, пассивно",10.0,15.46391493994671,-132.83617391800797,-10.15092283132799,-42.50772726979642,-132.83617391800797,1,23.601617692578394,52.63048740745325,95.13821467724966,76.1574074074074,0
8453:0x9785ef59e2b499fb741674ecf6faf912df7b3c1b,Base,Aerodrome Slipstream,WETH/USDT,0.0445,Голубая фишка/стейбл,2460467.75359,"Стейк AERO, пассивно",10.0,11.872638289591968,-133.0472403310686,-14.45109752049877,-45.208566520658465,-133.0472403310686,1,20.8754287624717,49.89162144372993,95.1001879643884,75.66881728738474,0
42161:0xd9e2a1a61b6e61b275cec326465d417e52c1b95c,Arbitrum,Pancake v3,WETH/USDC,0.05,Голубая фишка/стейбл,787147.903277,"Комиссии + фарм наград, пассивно",10.0,29.514187418191252,-134.377477765777,2.8634582501519947,-33.99994403247792,-134.377477765777,2,32.087004666707436,61.04434126629694,95.04428529877484,76.76614294382304,0
8453:0xb2cc224c1c9fee385f8ad6a55b4d94e92359dc59,Base,Aerodrome Slipstream,WETH/USDC,0.0728,Голубая фишка/стейбл,8562745.065349,"Стейк AERO, пассивно",5.0,-3.2769893920415565,-134.60978843265568,-24.263978777538853,-54.05025220074536,-134.60978843265568,0,26.065124213962378,41.08796247650431,95.13821467724966,43.611111111111114,0
8453:0x72ab388e2e2f6facef59e3c3fa2c4e29011c2d38,Base,Pancake v3,WETH/USDC,0.01,Голубая фишка/стейбл,4969308.957636,"Комиссии + фарм наград, пассивно",5.0,-0.29987558631919453,-134.84688754982906,-16.617495142523225,-50.58808609289049,-134.84688754982906,0,29.500793376148717,44.5236316386913,95.11171773158179,43.61111111111111,0
42161:0xf3eb87c1f6020982173c908e7eb31aa66c1f0296,Arbitrum,Sushi v3,WETH/USDC,0.05,Голубая фишка/стейбл,368038.72732,Пассивно,10.0,47.32864142354712,-135.62833851370976,8.778162042641236,-26.507178349173802,-135.62833851370976,2,39.49404231344066,68.45443058755473,94.96160893672852,76.81009398572363,0
8453:0x9785ef59e2b499fb741674ecf6faf912df7b3c1b,Base,Aerodrome Slipstream,WETH/USDT,0.0445,Голубая фишка/стейбл,2460467.75359,Пассивно,5.0,12.100779586934415,-135.80151870366734,-32.087459813765896,-51.92939964349961,-135.80151870366734,1,28.147950058347572,43.17078832088894,95.10018796438855,43.58522639468398,0
42161:0xc31e54c7a869b9fcbecc14363cf510d1c41fa443,Arbitrum,Uniswap v3,WETH/USDC,0.05,Голубая фишка/стейбл,1118511.713936,Пассивно,10.0,28.06322731398084,-135.82418472924275,-4.7997234813402825,-37.520226965534064,-135.82418472924275,1,28.532801236320562,57.53615603633045,95.05638300186452,76.51311002422229,0
8453:0x9785ef59e2b499fb741674ecf6faf912df7b3c1b,Base,Aerodrome Slipstream,WETH/USDT,0.0445,Голубая фишка/стейбл,2460467.75359,"Стейк AERO, пассивно",5.0,-6.338574318213107,-136.3555439023211,-28.408263965440604,-57.03412739532494,-136.3555439023211,0,23.043222306522303,38.0660605690636,95.10018796438855,43.58522639468398,0
8453:0x6c561b446416e1a00e8e93e221854d6ea4171372,Base,Uniswap v3,WETH/USDC,0.3,Голубая фишка/стейбл,163067768.867821,Пассивно,10.0,23.80939284238598,-136.51280446007402,-2.4578554004839464,-38.38708900605733,-136.51280446007402,1,27.628446678908634,56.70850422716237,95.09559323321969,75.18518518518519,0
8453:0xb4cb800910b228ed3d0834cf79d697127bbb00e5,Base,Uniswap v3,WETH/USDC,0.01,Голубая фишка/стейбл,698189.675847,Пассивно,10.0,1.0924379987735422,-138.13675310565426,-13.977367002357491,-50.340560703079404,-138.13675310565426,1,15.739096051265461,44.77166801665822,95.11222871973763,76.08548395405141,0
42161:0xd9e2a1a61b6e61b275cec326465d417e52c1b95c,Arbitrum,Pancake v3,WETH/USDC,0.05,Голубая фишка/стейбл,787147.903277,"Комиссии + фарм наград, пассивно",5.0,11.713488355424252,-138.61302341323983,-11.777204029222855,-46.22557969567948,-138.61302341323983,1,33.79586734055123,48.818705603095445,95.04428529877494,44.49665905272822,0
8453:0xb775272e537cc670c65dc852908ad47015244eaf,Base,Pancake v3,WETH/USDC,0.05,Голубая фишка/стейбл,1219742.77141,Пассивно,10.0,13.334719041925972,-138.82228109517604,-13.151349784380542,-46.212970612543536,-138.82228109517604,1,19.901801659866834,48.925405576850714,95.13837618939425,75.85636338977392,0
42161:0x641c00a822e8b671738d32a431a4fb6074e5c79d,Arbitrum,Uniswap v3,WETH/USD₮0,0.05,Голубая фишка/стейбл,6444291.054483,Пассивно,10.0,11.725643553051345,-138.98849147900077,-8.556697631436561,-45.273181852461995,-138.98849147900077,1,20.59760172549901,49.59681084383671,94.8699926962987,76.4965207599005,0
8453:0xaa5fe7dcc07dcb8b7afcd1b93874e7cb1e0ab50b,Base,Aerodrome Slipstream,WETH/EURC,0.05,Голубая фишка/стейбл,892023.559055,Пассивно,10.0,1.6048772410031504,-139.05106438544942,-50.50226850090582,-62.649485215117366,-139.05106438544942,1,8.300945845775987,36.66198185149576,99.31146706661312,65.4763025737602,0
42161:0x864abca0a6202dba5b8868772308da953ff125b0f95015adbf89aaf579e903a8,Arbitrum,Uniswap v4,ETH/USDC,0.0625,Голубая фишка/стейбл,7143372.960387,Пассивно,10.0,18.527924266385295,-139.24439075178518,-1.8077584106408842,-40.84140829868026,-139.24439075178518,1,25.26498709968162,54.21136476517245,95.0527730638527,76.47658103786237,0
8453:0x3fe04a59ebd38cf06080a6f60a98d124eb59392a,Base,Aerodrome Slipstream,WETH/USDC,0.0625,Голубая фишка/стейбл,12279890.854137,"Стейк AERO, пассивно",10.0,0.12502226275720507,-139.63389135453758,-21.69028575949495,-53.733051617091775,-139.63389135453758,1,12.360954320487588,41.371170893223415,95.1042225103152,76.1317802503477,0
8453:0x72ab388e2e2f6facef59e3c3fa2c4e29011c2d38,Base,Pancake v3,WETH/USDC,0.01,Голубая фишка/стейбл,4969308.957636,Пассивно,10.0,4.693439212461168,-139.65216114103993,-14.044365986417287,-49.667695971665346,-139.65216114103993,1,16.40872010716483,45.444021759916595,95.11171773158193,76.11111111111111,0
42161:0xc6962004f452be9203591991d15f6b388e09e8d0,Arbitrum,Uniswap v3,WETH/USDC,0.05,Голубая фишка/стейбл,37096104.750623,Пассивно,10.0,15.029372803958537,-139.71669479116017,-3.3530434712955595,-42.680121819499064,-139.71669479116017,1,23.447253210121488,52.40392188379876,95.08404370329782,77.57801076432466,0
8453:0xb24f7fcd75c3a001b74be4c60f181c024154c4d7c33097777e3950979042b073,Base,Uniswap v4,TBTC/USDC,0.3499,Голубая фишка/стейбл,726649.624081,Авто-ребаланс,5.0,-3.1871269207668043,-139.77149167608704,-41.822806865976574,-61.59380848761014,-139.77149167608704,0,9.278231403439317,6.291112627620334,67.88492111523047,99.5456801263253,9
8453:0x3fe04a59ebd38cf06080a6f60a98d124eb59392a,Base,Aerodrome Slipstream,WETH/USDC,0.0625,Голубая фишка/стейбл,12279890.854137,Пассивно,10.0,21.557465059697652,-140.14918665843544,-19.222866585306512,-45.9381960613481,-140.14918665843544,1,20.155809876231256,49.16602644896708,95.1042225103152,76.1317802503477,0
42161:0xc473e2aee3441bf9240be85eb122abb059a3b57c,Arbitrum,Uniswap v3,WETH/USDC,0.3,Голубая фишка/стейбл,5705323.513293,Пассивно,10.0,14.671191213200135,-140.26406927859202,8.695848471053935,-38.96567653144598,-140.26406927859202,2,27.024922459039278,56.08541682996418,95.05109336141017,73.48819404614878,0
42161:0xc82819f72a9e77e2c0c3a69b3196478f44303cf4,Arbitrum,Uniswap v3,WETH/USD₮0,0.3,Голубая фишка/стейбл,367911.495425,Пассивно,10.0,0.9266244140708325,-140.58761762741256,4.990396232191591,-44.89019899371671,-140.58761762741256,2,20.982143315740384,50.07604321218311,94.96624220589982,71.01178394376981,0
42161:0xd9e2a1a61b6e61b275cec326465d417e52c1b95c,Arbitrum,Pancake v3,WETH/USDC,0.05,Голубая фишка/стейбл,787147.903277,Пассивно,10.0,12.025052597450077,-141.2399353863501,-10.282853928099472,-46.499245572333166,-141.2399353863501,1,19.587703126852258,48.545039726441686,95.04428529877484,76.76614294382304,0
42161:0x4d1576158518dd61924218446c1057cf03138d57,Arbitrum,Sushi v3,WETH/USDC,0.3,Голубая фишка/стейбл,497694.662033,Пассивно,10.0,5.52389030522524,-141.3339029322402,-5.063659786715284,-46.95789080457675,-141.3339029322402,1,19.16856822974877,48.27485287390229,95.23274367847904,71.3962502301269,0
42161:0x7fcdc35463e3770c2fb992716cd070b63540b947,Arbitrum,Pancake v3,WETH/USDC,0.01,Голубая фишка/стейбл,473051.619529,Пассивно,10.0,1.19321823658046,-141.42829015131616,-23.23203170206853,-54.489034538934746,-141.42829015131616,1,11.61751407943405,40.57589264115042,95.06492718008516,77.46140328132434,0
8453:0xd0b53d9277642d899df5c87a3966a349a798f224,Base,Uniswap v3,WETH/USDC,0.05,Голубая фишка/стейбл,10060511.434283,Пассивно,10.0,10.266914408809932,-141.44464770352488,-3.570430907442869,-44.91605473405261,-141.44464770352488,1,21.183453412755586,50.20358593023686,95.11964066428946,76.08548395405141,0
8453:0x6c561b446416e1a00e8e93e221854d6ea4171372,Base,Uniswap v3,WETH/USDC,0.3,Голубая фишка/стейбл,163067768.867821,Авто-ребаланс,5.0,17.375465698926114,-142.02753748163545,-9.008838044101687,-44.553636608937005,-142.02753748163545,1,78.05134132038665,50.54195662428276,95.09559323321977,99.30555555555556,15
8453:0xb2cc224c1c9fee385f8ad6a55b4d94e92359dc59,Base,Aerodrome Slipstream,WETH/USDC,0.0728,Голубая фишка/стейбл,8562745.065349,Пассивно,10.0,6.313582454667365,-142.61292962896104,1.324339367595788,-44.991669268899294,-142.61292962896104,2,21.117675693475643,50.14654540835038,95.13821467724966,76.1574074074074,0
42161:0xc31e54c7a869b9fcbecc14363cf510d1c41fa443,Arbitrum,Uniswap v3,WETH/USDC,0.05,Голубая фишка/стейбл,1118511.713936,Пассивно,5.0,4.040394764143248,-143.49506537033025,-21.67188417455933,-53.70885159358211,-143.49506537033025,1,26.310763763947527,41.34753140828241,95.05638300186452,45.297993698563054,0
42161:0xf3eb87c1f6020982173c908e7eb31aa66c1f0296,Arbitrum,Sushi v3,WETH/USDC,0.05,Голубая фишка/стейбл,368038.72732,Пассивно,5.0,15.897752507122062,-143.7029085015159,-1.205085713400464,-43.003413902598105,-143.7029085015159,1,36.93535677158873,51.9581950341305,94.9616089367286,44.646590964728155,0
8453:0xd0b53d9277642d899df5c87a3966a349a798f224,Base,Uniswap v3,WETH/USDC,0.05,Голубая фишка/стейбл,10060511.434283,Авто-ребаланс,5.0,-0.2530528471258185,-143.84529031388124,-8.275929978751403,-50.791424379919484,-143.84529031388124,0,59.93353591862692,44.32821628437006,95.11964066428953,99.30504043682069,15
42161:0xe88bba0ec2fc9091d68344b32b504abcc59f0aa9e1ae2ef048b69bc7ec3f4df8,Arbitrum,Uniswap v4,ETH/USD₮0,0.0625,Голубая фишка/стейбл,926636.364251,Пассивно,10.0,-8.481528777221044,-144.68619281385003,-10.733358740004174,-54.63369344369175,-144.68619281385003,0,11.19674279650564,40.14536702885565,94.77906047254739,76.2450995563809,0
8453:0x6c561b446416e1a00e8e93e221854d6ea4171372,Base,Uniswap v3,WETH/USDC,0.3,Голубая фишка/стейбл,163067768.867821,Пассивно,5.0,5.18883484628163,-144.90736907156392,-13.77799282706931,-51.16550901745053,-144.90736907156392,1,28.907245953225733,43.93008421576924,95.09559323321977,44.12037037037037,0
8453:0xb4cb800910b228ed3d0834cf79d697127bbb00e5,Base,Uniswap v3,WETH/USDC,0.01,Голубая фишка/стейбл,698189.675847,Пассивно,5.0,-14.469193460095411,-145.44790447300605,-27.524530056119907,-62.48054266307379,-145.44790447300605,0,17.608847794121168,32.631686056663995,95.11222871973777,43.53893009838768,0
8453:0xb775272e537cc670c65dc852908ad47015244eaf,Base,Pancake v3,WETH/USDC,0.05,Голубая фишка/стейбл,1219742.77141,Пассивно,5.0,-6.061345482907548,-146.38090183800605,-27.06050960917214,-59.83425231002858,-146.38090183800605,0,20.28128561682434,35.304123879365825,95.13837618939439,43.62599936013131,0
42161:0x864abca0a6202dba5b8868772308da953ff125b0f95015adbf89aaf579e903a8,Arbitrum,Uniswap v4,ETH/USDC,0.0625,Голубая фишка/стейбл,7143372.960387,Пассивно,5.0,-0.8826823866083395,-147.20353496619686,-18.90777630159966,-55.664664551468285,-147.20353496619686,0,24.365270249842357,39.38810851238443,95.05277306385271,44.67050964613639,0
8453:0x3fe04a59ebd38cf06080a6f60a98d124eb59392a,Base,Aerodrome Slipstream,WETH/USDC,0.0625,Голубая фишка/стейбл,12279890.854137,"Стейк AERO, пассивно",5.0,-15.580461501680313,-147.54232592784714,-36.005936782414594,-66.37624140398069,-147.54232592784714,0,13.705142843792318,28.727981106334504,95.1042225103152,43.77041157986916,0
42161:0xc6962004f452be9203591991d15f6b388e09e8d0,Arbitrum,Uniswap v3,WETH/USDC,0.05,Голубая фишка/стейбл,37096104.750623,Пассивно,5.0,-5.210458411146149,-147.8593511909849,-17.15227256439559,-56.74069405550888,-147.8593511909849,0,23.32051138524634,38.343349647788784,95.08404370329765,45.665602627820704,0
8453:0x72ab388e2e2f6facef59e3c3fa2c4e29011c2d38,Base,Pancake v3,WETH/USDC,0.01,Голубая фишка/стейбл,4969308.957636,Пассивно,5.0,-13.009397209291674,-147.90066057659283,-28.485839679952818,-63.13196582194577,-147.90066057659283,0,16.956913647093455,31.979751909636025,95.11171773158179,43.61111111111111,0
42161:0x641c00a822e8b671738d32a431a4fb6074e5c79d,Arbitrum,Uniswap v3,WETH/USD₮0,0.05,Голубая фишка/стейбл,6444291.054483,Пассивно,5.0,-6.943956407075784,-148.5530643529342,-22.72247944811886,-59.40650006937628,-148.5530643529342,0,20.426724982587523,35.46349262692249,94.86999269629878,45.3816490909184,0
8453:0x3fe04a59ebd38cf06080a6f60a98d124eb59392a,Base,Aerodrome Slipstream,WETH/USDC,0.0625,Голубая фишка/стейбл,12279890.854137,Пассивно,5.0,0.318424660400833,-148.7262963238195,-32.237052749809436,-60.214974804409366,-148.7262963238195,1,19.866409443363608,34.889247705905824,95.1042225103152,43.77041157986916,0
8453:0xb4cb800910b228ed3d0834cf79d697127bbb00e5,Base,Uniswap v3,WETH/USDC,0.01,Голубая фишка/стейбл,698189.675847,Авто-ребаланс,5.0,-18.13906639696697,-150.40230213315934,-31.81896199576907,-66.78677684196512,-150.40230213315934,0,45.402358577190554,28.325451877772657,95.11222871973777,99.30504043682069,15
8453:0xaa5fe7dcc07dcb8b7afcd1b93874e7cb1e0ab50b,Base,Aerodrome Slipstream,WETH/EURC,0.05,Голубая фишка/стейбл,892023.559055,Пассивно,5.0,-10.36724101796968,-150.78167223048868,-61.42183830190695,-74.19025051678844,-150.78167223048868,0,10.098378287283005,25.12121654982461,99.31146706661305,45.426082862523536,0
42161:0xd9e2a1a61b6e61b275cec326465d417e52c1b95c,Arbitrum,Pancake v3,WETH/USDC,0.05,Голубая фишка/стейбл,787147.903277,Пассивно,5.0,-2.7796749761100816,-151.2699783890196,-24.569354401720634,-59.53966925561677,-151.2699783890196,0,20.481777780613946,35.504616043158144,95.04428529877494,44.49665905272822,0
8453:0xb775272e537cc670c65dc852908ad47015244eaf,Base,Pancake v3,WETH/USDC,0.05,Голубая фишка/стейбл,1219742.77141,Авто-ребаланс,5.0,4.955652191832693,-151.3862238932056,-29.579497787515685,-58.67002316296286,-151.3862238932056,1,51.92682713857544,36.468353026431544,95.13837618939439,99.3010072135921,15
8453:0xd0b53d9277642d899df5c87a3966a349a798f224,Base,Uniswap v3,WETH/USDC,0.05,Голубая фишка/стейбл,10060511.434283,Пассивно,5.0,-5.289845307274909,-151.42258400553493,-16.472573145893456,-57.7283341529011,-151.42258400553493,0,22.368468248845936,37.39130651138845,95.11964066428953,43.81670787616545,0
42161:0x7fcdc35463e3770c2fb992716cd070b63540b947,Arbitrum,Pancake v3,WETH/USDC,0.01,Голубая фишка/стейбл,473051.619529,Пассивно,5.0,-16.575775212667473,-151.82183728315707,-38.69314438510506,-69.0302522936432,-151.82183728315707,0,11.011836623900956,26.034674886441806,95.06492718008501,45.55527875873166,0
42161:0xc473e2aee3441bf9240be85eb122abb059a3b57c,Arbitrum,Uniswap v3,WETH/USDC,0.3,Голубая фишка/стейбл,5705323.513293,Пассивно,5.0,-7.7585676604231715,-152.01927099665966,-8.211347287173737,-55.99639531475219,-152.01927099665966,0,24.03185978411549,39.0546980466582,95.0510933614104,40.91234174721986,0
8453:0xb2cc224c1c9fee385f8ad6a55b4d94e92359dc59,Base,Aerodrome Slipstream,WETH/USDC,0.0728,Голубая фишка/стейбл,8562745.065349,Пассивно,5.0,-2.679891174034898,-153.41058251071485,-31.308710298349578,-62.46639466103311,-153.41058251071485,0,17.64898175367463,32.67182001621656,95.13821467724966,43.611111111111114,0
42161:0xc82819f72a9e77e2c0c3a69b3196478f44303cf4,Arbitrum,Uniswap v3,WETH/USD₮0,0.3,Голубая фишка/стейбл,367911.495425,Пассивно,5.0,-18.41101912952204,-153.9706450010059,-15.629655638529174,-62.67043992301903,-153.9706450010059,0,17.272964020340194,32.295802282881155,94.96624220590019,37.92092962039539,0
42161:0x4d1576158518dd61924218446c1057cf03138d57,Arbitrum,Sushi v3,WETH/USDC,0.3,Голубая фишка/стейбл,497694.662033,Пассивно,5.0,-15.74344781545558,-154.9888778412554,-25.078966418873446,-65.27043069186148,-154.9888778412554,0,14.939474724074396,29.96231298661771,95.23274367847918,37.45424655843021,0
42161:0xe88bba0ec2fc9091d68344b32b504abcc59f0aa9e1ae2ef048b69bc7ec3f4df8,Arbitrum,Uniswap v4,ETH/USD₮0,0.0625,Голубая фишка/стейбл,926636.364251,Пассивно,5.0,-22.80698500092804,-157.88956021787675,-26.176111715048055,-68.95755231128427,-157.88956021787675,0,10.798669898720176,25.821508161263186,94.77906047254747,44.67050964613639,0
8453:0x72ab388e2e2f6facef59e3c3fa2c4e29011c2d38,Base,Pancake v3,WETH/USDC,0.01,Голубая фишка/стейбл,4969308.957636,Авто-ребаланс,5.0,-10.137589345337386,-163.27472928246237,-30.26066492796896,-67.89099451858958,-163.27472928246237,0,44.19781062281181,27.220723212992223,95.11171773158179,99.30555555555556,15
42161:0xc82819f72a9e77e2c0c3a69b3196478f44303cf4,Arbitrum,Uniswap v3,WETH/USD₮0,0.3,Голубая фишка/стейбл,367911.495425,Авто-ребаланс,5.0,-26.134143086137257,-173.21367559279128,0.39295954192571714,-66.31828637900094,-173.21367559279128,1,55.58155397897362,28.647955826899242,94.96624220590019,98.70607646380302,15
42161:0x4d1576158518dd61924218446c1057cf03138d57,Arbitrum,Sushi v3,WETH/USDC,0.3,Голубая фишка/стейбл,497694.662033,Авто-ребаланс,5.0,-19.883844773322544,-185.33554253305132,-18.706214326960122,-74.64186721111133,-185.33554253305132,0,47.24336984141593,20.590876467367856,95.23274367847918,98.64883900472056,15
8453:0x7501bc8bb51616f79bfa524e464fb7b41f0b10fb,Base,Aerodrome Slipstream,MSUSD/USDC,0.0509,Стейбл/стейбл,1669247.862722,"Стейк AERO, пассивно",1.0,-157.61047304020167,-194.91364558994042,-529.0552982931963,-293.8598056411128,-529.0552982931963,0,8.002586183341442,-243.33849552275177,50.52131011836104,21.31927324196744,0
8453:0x7501bc8bb51616f79bfa524e464fb7b41f0b10fb,Base,Aerodrome Slipstream,MSUSD/USDC,0.0509,Стейбл/стейбл,1669247.862722,Пассивно,1.0,-173.2941625273633,-201.00186309947793,-529.0554107880241,-301.11714547162177,-529.0554107880241,0,0.7452463528324856,-250.59583535326072,50.52131011836104,21.31927324196744,0
8453:0x7501bc8bb51616f79bfa524e464fb7b41f0b10fb,Base,Aerodrome Slipstream,MSUSD/USDC,0.0509,Стейбл/стейбл,1669247.862722,"Стейк AERO, пассивно",0.5,-143.3046788046072,-191.9309307026883,-530.4884726118246,-288.5746940397067,-530.4884726118246,0,14.486865560521226,-238.05338392134738,50.521310118359345,19.66520248092545,0
8453:0x7501bc8bb51616f79bfa524e464fb7b41f0b10fb,Base,Aerodrome Slipstream,MSUSD/USDC,0.0509,Стейбл/стейбл,1669247.862722,Пассивно,0.5,-173.8616298021675,-201.16399279064808,-530.4886897528736,-301.8381041152297,-530.4886897528736,0,1.2234554849981698,-251.3167939968704,50.521310118359345,19.66520248092545,0
8453:0x7501bc8bb51616f79bfa524e464fb7b41f0b10fb,Base,Aerodrome Slipstream,MSUSD/USDC,0.0509,Стейбл/стейбл,1669247.862722,"Стейк AERO, пассивно",0.25,-154.36161910940186,-198.06226585259307,-531.0979721128098,-294.50728569160157,-531.0979721128098,0,9.154976426219465,-243.98597557323387,50.52131011836764,6.301175452556181,0
8453:0x7501bc8bb51616f79bfa524e464fb7b41f0b10fb,Base,Aerodrome Slipstream,MSUSD/USDC,0.0509,Стейбл/стейбл,1669247.862722,Пассивно,0.25,-174.22196669278617,-202.7190733846047,-531.0983800604898,-302.6798067126269,-531.0983800604898,0,0.9824554051941603,-252.1584965942592,50.52131011836764,6.301175452556181,0
8453:0x7501bc8bb51616f79bfa524e464fb7b41f0b10fb,Base,Aerodrome Slipstream,MSUSD/USDC,0.0509,Стейбл/стейбл,1669247.862722,Пассивно,0.1,-174.95255626916574,-203.33460323479972,-531.8734456784679,-303.38686839414447,-531.8734456784679,0,0.6361748021049268,-252.8655582757424,50.52131011840208,2.407098501247905,0
8453:0x7501bc8bb51616f79bfa524e464fb7b41f0b10fb,Base,Aerodrome Slipstream,MSUSD/USDC,0.0509,Стейбл/стейбл,1669247.862722,"Стейк AERO, пассивно",0.1,-156.6074983579571,-197.51370844639234,-531.8734456784679,-295.3315508276058,-531.8734456784679,0,8.691492368643564,-244.8102407092037,50.52131011840208,2.407098501247905,0
8453:0x7501bc8bb51616f79bfa524e464fb7b41f0b10fb,Base,Aerodrome Slipstream,MSUSD/USDC,0.0509,Стейбл/стейбл,1669247.862722,Пассивно,0.05,-175.60940476835,-202.5213088942865,-532.0254720137564,-303.3853952254643,-532.0254720137564,0,0.7579683928108438,-252.8640851070327,50.521310118431565,0.7193347881677363,0
8453:0x7501bc8bb51616f79bfa524e464fb7b41f0b10fb,Base,Aerodrome Slipstream,MSUSD/USDC,0.0509,Стейбл/стейбл,1669247.862722,"Стейк AERO, пассивно",0.05,-172.21617204674712,-191.62514567168978,-532.0254720137564,-298.6222632440644,-532.0254720137564,0,5.521100374210694,-248.10095312563283,50.521310118431565,0.7193347881677363,0
8453:0x7501bc8bb51616f79bfa524e464fb7b41f0b10fb,Base,Aerodrome Slipstream,MSUSD/USDC,0.0509,Стейбл/стейбл,1669247.862722,"Стейк AERO, авто-ребаланс",1.0,-229.84440924671148,-424.3320357947037,-678.5551297133825,-444.24385825159925,-678.5551297133825,0,36.50555305306435,-393.72254813323826,50.52131011836104,92.87641362012477,136
8453:0x7501bc8bb51616f79bfa524e464fb7b41f0b10fb,Base,Aerodrome Slipstream,MSUSD/USDC,0.0509,Стейбл/стейбл,1669247.862722,Авто-ребаланс,1.0,-257.8917885170606,-443.7634797659936,-704.2182744714484,-468.62451425150084,-704.2182744714484,0,12.124897053162641,-418.10320413313985,50.52131011836104,92.87641362012477,136
8453:0x7501bc8bb51616f79bfa524e464fb7b41f0b10fb,Base,Aerodrome Slipstream,MSUSD/USDC,0.0509,Стейбл/стейбл,1669247.862722,"Стейк AERO, авто-ребаланс",0.5,-225.11446908507034,-460.7204557649742,-783.990228311614,-489.94171772055284,-783.990228311614,0,66.00200164594878,-439.4204076021935,50.521310118359345,88.47209695555925,222
8453:0x7501bc8bb51616f79bfa524e464fb7b41f0b10fb,Base,Aerodrome Slipstream,MSUSD/USDC,0.0509,Стейбл/стейбл,1669247.862722,"Стейк AERO, авто-ребаланс",0.05,158.74795612104813,-250.93508061233445,-826.1961241018946,-306.1277495310603,-826.1961241018946,1,402.0381053815618,-255.6064394126288,50.521310118431565,64.63117261712173,688
8453:0x7501bc8bb51616f79bfa524e464fb7b41f0b10fb,Base,Aerodrome Slipstream,MSUSD/USDC,0.0509,Стейбл/стейбл,1669247.862722,Авто-ребаланс,0.5,-280.1947176537761,-497.74736700721036,-827.8517460532349,-535.2646102380738,-827.8517460532349,0,20.67910912842786,-484.74330011971443,50.521310118359345,88.47209695555925,222
8453:0x7501bc8bb51616f79bfa524e464fb7b41f0b10fb,Base,Aerodrome Slipstream,MSUSD/USDC,0.0509,Стейбл/стейбл,1669247.862722,"Стейк AERO, авто-ребаланс",0.25,-188.2551389853385,-451.801282333244,-830.6771515013819,-490.2445242733215,-830.6771515013819,0,119.49306602490819,-439.7232141549538,50.52131011836764,83.9346273146131,311
8453:0x7501bc8bb51616f79bfa524e464fb7b41f0b10fb,Base,Aerodrome Slipstream,MSUSD/USDC,0.0509,Стейбл/стейбл,1669247.862722,"Стейк AERO, авто-ребаланс",0.1,-56.166808506373535,-368.99812254413854,-836.5771041377346,-420.58067839608225,-836.5771041377346,0,247.76982341660195,-370.05936827768016,50.52131011840208,74.57384560895323,494
8453:0x7501bc8bb51616f79bfa524e464fb7b41f0b10fb,Base,Aerodrome Slipstream,MSUSD/USDC,0.0509,Стейбл/стейбл,1669247.862722,Авто-ребаланс,0.25,-295.9374384360286,-521.0191351432056,-905.6179861702035,-574.1915199164793,-905.6179861702035,0,35.546070381750376,-523.6702097981116,50.52131011836764,83.9346273146131,311
8453:0x7501bc8bb51616f79bfa524e464fb7b41f0b10fb,Base,Aerodrome Slipstream,MSUSD/USDC,0.0509,Стейбл/стейбл,1669247.862722,Авто-ребаланс,0.1,-311.9617408657483,-515.3100422252841,-978.0437864592827,-601.7718565167717,-978.0437864592827,0,66.5786452959125,-551.2505463983696,50.52131011840208,74.57384560895323,494
8453:0x7501bc8bb51616f79bfa524e464fb7b41f0b10fb,Base,Aerodrome Slipstream,MSUSD/USDC,0.0509,Стейбл/стейбл,1669247.862722,Авто-ребаланс,0.05,-319.25593382724423,-491.157090504952,-1026.1363822788842,-612.1831355370268,-1026.1363822788842,0,95.98271937559528,-561.6618254185953,50.521310118431565,64.63117261712173,688
