key,chain,dex,protocol,address,pair,token0,token1,fee_pct,category,tvl,tvl_reported,vol_24h,vol_7d,fee_7d,fee_apr_24h,fee_apr_7d,fee_apr_30d,apr_daily_median,apr_daily_p10,fee_apr_sustained,reward_apr,reward_usd_day,reward_tokens,staked_share,reward_apr_staked,llama_apy_base,llama_apy_reward,vol_tvl_24h,vol_tvl_7d_daily,sigma,sigma_hourly,lvr_full_pct,fee_apr_fullrange,conc_eff,fee_lvr_ratio,net_apr_avg_lp,net_apr_approx,ret_per_risk,risk,apr_cv,tvl_cv,tvl_chg_30d,tvl_chg_90d,price_chg_30d,price_chg_90d,il_30d,il_90d,price_max_dd,price_dev_max,price_min,price_max,hist_days,gecko_tvl,xcheck_tvl_dev,red_flags,is_cl
42161:0x299c7d6f2ef82cb52b2ab83b14f05c6b2b803aba,Arbitrum,Camelot v3,camelotv3,0x299c7d6f2ef82cb52b2ab83b14f05c6b2b803aba,PEAR/USDC,PEAR,USDC,1.0357,Альт/мем (long-tail),1070236.9555,1070236.9555,45046.9016,453111.0475,4403.873,13.293,21.456,22.3548,10.454,0.8829,10.454,0.0,0,,,,15.6092,,0.0421,0.0605,1.8945,2.5451,44.8665,20.7375,1.0346,0.4622,-35.9671,,-4.4959,8,1.1231,0.1902,56.0619,39.426,158.8167,103.1312,-10.3287,-5.9654,-46.5876,149.5263,0.0125,0.044,90.0,1073499.1642,-0.3039,,True
42161:0xb1026b8e7276e7ac75410f1fcbbe21796e8f7526,Arbitrum,Camelot v3,camelotv3,0xb1026b8e7276e7ac75410f1fcbbe21796e8f7526,WETH/USDC,WETH,USDC,0.01,Голубая фишка/стейбл,268583.4477,268583.4477,959996.4302,9837684.1743,836.203,11.0892,16.2341,19.6074,9.8569,2.3785,9.8569,0.0,0,,,,12.9416,,3.5743,5.2326,0.5372,0.4464,3.6071,,,,-26.5651,True,-4.4275,6,0.6844,0.1622,-43.6955,-34.05,10.5559,53.0383,-0.1257,-2.2214,-8.8826,25.425,1720.9397,2789.871,90.0,268566.1027,0.0065,,True
42161:0x9b6ff025aee245d314c09f57b72f0de6e231c3a6,Arbitrum,Camelot v3,camelotv3,0x9b6ff025aee245d314c09f57b72f0de6e231c3a6,GNS/WETH,GNS,WETH,0.3,Альт/мем (long-tail),217529.0981,217529.0981,12066.9695,232160.7667,592.01,5.1631,14.1908,9.6425,5.0789,1.8256,5.0789,0.0,0,,,,6.2618,,0.0555,0.1525,0.8433,0.9895,8.8889,,,,-4.118,True,-0.4576,9,1.0161,0.0665,-7.0689,-15.6936,-20.1025,-56.0685,-0.6263,-7.8994,-57.5169,67.2916,0.0001,0.0004,89.9167,217474.6113,0.0251,,True
42161:0x293dfd996d5cd72bed712b0eeab96dbe400c0416,Arbitrum,Camelot v3,camelotv3,0x293dfd996d5cd72bed712b0eeab96dbe400c0416,WEETH/WETH,WEETH,WETH,0.005,"Коррелир. (ETH/LST, BTC/BTC)",154694.4137,154694.4137,270370.4186,1980343.5479,84.1646,2.7112,2.8369,1.0,0.2719,0.0459,0.2719,0.0,0,,,,3.1866,,1.7478,1.8288,0.0077,0.0125,0.0007,,,,-1.3814,True,-0.2763,5,1.7722,0.2437,-24.783,-11.3,0.0763,0.5171,-0.0,-0.0003,-0.1838,0.4745,1.0976,1.1043,89.9583,,,,True
42161:0x0f143fc50d6c71fee95d6ec1030e62d788507b84,Arbitrum,Camelot v3,camelotv3,0x0f143fc50d6c71fee95d6ec1030e62d788507b84,ETHFI/WETH,ETHFI,WETH,0.244,Альт/мем (long-tail),147530.2505,147530.2505,15409.9383,122083.7183,256.5663,7.9126,9.068,12.6273,8.8893,4.2316,8.8893,0.0,0,,,,8.9379,,0.1045,0.1182,0.8668,0.9719,9.3915,,,,-0.8276,True,-0.1035,8,0.7179,0.1961,24.0822,63.4339,24.8644,15.419,-0.6132,-0.2565,-26.4224,26.4383,0.0002,0.0003,90.0,,,,True
42161:0xe461f84c3fe6bcdd1162eb0ef4284f3bb6e4cad3,Arbitrum,Camelot v3,camelotv3,0xe461f84c3fe6bcdd1162eb0ef4284f3bb6e4cad3,PENDLE/WETH,PENDLE,WETH,0.2936,Крупный альт,134707.1324,134707.1324,26841.6097,261047.5211,561.0137,18.8579,21.7159,38.9519,23.4143,7.0845,21.7159,0.0,0,,,,9.6293,,0.1993,0.2768,0.729,0.7416,6.6423,,,,-11.2463,True,-1.6066,7,0.6531,0.1412,1.1378,5.1636,15.7015,10.5631,-0.2653,-0.1259,-30.5646,27.7982,0.0006,0.0011,90.0,,,,True
42161:0x45fae8d0d2ace73544baab452f9020925afccc75,Arbitrum,Camelot v3,camelotv3,0x45fae8d0d2ace73544baab452f9020925afccc75,USDC/DAI,USDC,DAI,0.005,Стейбл/стейбл,106118.4137,106118.4137,33674.1241,541080.2642,22.9959,0.4923,1.1299,2.0476,1.0698,0.412,1.0698,0.0,0,,,,0.5792,,0.3173,0.7284,0.002,0.3525,0.0001,,,,0.7748,True,0.155,5,0.8462,0.007,0.1748,-1.34,0.0108,0.0101,-0.0,-0.0,-9.0256,9.0004,0.9101,1.0006,90.0,,,депег: отклонение цены до 9% за 90д,True
42161:0xe8795cf9c2309ecfe05df028eb0f21d5d6e3a951,Arbitrum,Camelot v3,camelotv3,0xe8795cf9c2309ecfe05df028eb0f21d5d6e3a951,WETH/LINK,WETH,LINK,0.1,Крупный альт,102628.8668,102628.8668,38528.7252,389486.9829,610.1163,11.6473,30.9983,22.8879,13.5837,4.1095,13.5837,0.0,0,,,,13.6642,,0.3754,0.5422,0.6528,0.4171,5.3274,,,,-12.8531,True,-1.4281,9,0.964,0.2498,-48.631,-24.4527,-7.9002,-14.2634,-0.0846,-0.2953,-26.1717,19.6444,174.1964,235.948,90.0,,,,True
42161:0xc35aa1cec34e02a8acc3e5f79c22be364823094c,Arbitrum,Camelot v3,camelotv3,0xc35aa1cec34e02a8acc3e5f79c22be364823094c,WINR/USDC,WINR,USDC,1.025,Альт/мем (long-tail),94554.6486,94554.6486,3894.8188,52825.3045,473.5489,13.5215,26.1142,47.6688,,,26.1142,0.0,0,,,,15.3043,,0.0412,0.0798,,,,,,,,,,8,,,,,,,,,,,,,,,,,True
42161:0xc99be44383bc8d82357f5a1d9ae9976ee9d75bee,Arbitrum,Camelot v3,camelotv3,0xc99be44383bc8d82357f5a1d9ae9976ee9d75bee,WETH/GMX,WETH,GMX,0.1151,Крупный альт,92159.4797,92159.4797,37412.4786,218054.7597,447.9152,41.7937,25.3426,33.3474,,,25.3426,0.0,0,,,,98.4622,,0.406,0.338,,,,,,,,,,7,,,,,,,,,,,,,,,,,True
42161:0xd845f7d4f4deb9ff5bcf09d140ef13718f6f6c71,Arbitrum,Camelot v3,camelotv3,0xd845f7d4f4deb9ff5bcf09d140ef13718f6f6c71,WBTC/WETH,WBTC,WETH,0.009,ETH/BTC,78667.2144,78667.2144,40151.8524,337616.3711,25.8277,1.4252,1.7119,5.4062,,,1.7119,0.0,0,,,,1.6204,,0.5104,0.6131,,,,,,,,,,7,,,,,,,,,,,,,,,,,True
42161:0xe51635ae8136abac44906a8f230c2d235e9c195f,Arbitrum,Camelot v3,camelotv3,0xe51635ae8136abac44906a8f230c2d235e9c195f,WETH/ARB,WETH,ARB,0.01,Крупный альт,69560.6113,69560.6113,118517.3429,863179.5574,148.9004,6.6207,11.1616,57.9674,,,11.1616,0.0,0,,,,6.1405,,1.7038,1.7727,,,,,,,,,,7,,,,,,,,,,,,,,,,,True
42161:0xc86eb7b85807020b4548ee05b54bfc956eebbfcd,Arbitrum,Camelot v3,camelotv3,0xc86eb7b85807020b4548ee05b54bfc956eebbfcd,USDC/USDC,USDC,USDC,0.0005,Стейбл/стейбл,64292.6202,64292.6202,640415.5551,5551442.3849,23.5936,1.5452,1.9135,3.3399,,,1.9135,0.0,0,,,,2.0248,,9.9609,12.3352,,,,,,,,,,7,,,,,,,,,,,,,,,,,True
42161:0xfae2ae0a9f87fd35b5b0e24b47bac796a7eefea1,Arbitrum,Camelot v3,camelotv3,0xfae2ae0a9f87fd35b5b0e24b47bac796a7eefea1,ARB/USDC,ARB,USDC,0.01,Крупный альт,49168.5757,49168.5757,25826.2288,273721.7951,54.274,2.1625,5.7557,12.7128,,,5.7557,0.0,0,,,,2.17,,0.5253,0.7953,,,,,,,,,,7,,,,,,,,,,,,,,,,,True
42161:0xc23f308cf1bfa7efffb592920a619f00990f8d74,Arbitrum,Camelot v3,camelotv3,0xc23f308cf1bfa7efffb592920a619f00990f8d74,USDE/USDC,USDE,USDC,0.01,Стейбл/стейбл,45768.4444,45768.4444,5592.3285,187769.6816,15.9604,0.3791,1.8183,2.5817,,,1.8183,0.0,0,,,,0.4461,,0.1222,0.5861,,,,,,,,,,7,,,,,,,,,,,,,,,,,True
42161:0x4b0495c5f5147051ba5fa025424d393d343d10bf,Arbitrum,Camelot v3,camelotv3,0x4b0495c5f5147051ba5fa025424d393d343d10bf,APE/WETH,APE,WETH,0.4805,Альт/мем (long-tail),36692.8555,36692.8555,1949.576,43280.6187,195.0407,7.9872,27.7165,30.5735,,,27.7165,0.0,0,,,,9.289,,0.0531,0.1685,,,,,,,,,,8,,,,,,,,,,,,,,,,,True
42161:0xa17afcab059f3c6751f5b64347b5a503c3291868,Arbitrum,Camelot v3,camelotv3,0xa17afcab059f3c6751f5b64347b5a503c3291868,USDC/USD₮0,USDC,USD₮0,0.0025,Стейбл/стейбл,26481.6797,26481.6797,84575.3303,1602138.5302,34.0454,2.4771,6.7036,22.2005,,,6.7036,0.0,0,,,,2.9127,,3.1937,8.6428,,,,,,,,,,7,,,,,,,,,,,,,,,,,True
42161:0x105ba85d9047daf3f9fe941d8188d4b9a6900388,Arbitrum,Camelot v3,camelotv3,0x105ba85d9047daf3f9fe941d8188d4b9a6900388,ZRO/WETH,ZRO,WETH,0.4874,Крупный альт,26188.6914,26188.6914,4948.8833,59003.2663,252.2812,29.5971,50.2303,39.4068,,,39.4068,0.0,0,,,,33.0661,,0.189,0.3219,,,,,,,,,,7,,,,,,,,,,,,,,,,,True
42161:0x622b5186384783bb805c12a808ccf07f41de1ff0,Arbitrum,Camelot v3,camelotv3,0x622b5186384783bb805c12a808ccf07f41de1ff0,SOL/USDC,SOL,USDC,0.1032,Крупный альт,24248.7337,24248.7337,1402.0473,11423.0052,20.1566,1.9347,4.3343,6.548,,,4.3343,0.0,0,,,,2.0857,,0.0578,0.0673,,,,,,,,,,7,,,,,,,,,,,,,,,,,True
42161:0xaa45265a94c93802be9511e426933239117e658f,Arbitrum,Camelot v3,camelotv3,0xaa45265a94c93802be9511e426933239117e658f,EZETH/WETH,EZETH,WETH,0.01,"Коррелир. (ETH/LST, BTC/BTC)",21106.6541,21106.6541,4490.3801,14946.5811,1.2705,0.66,0.3139,0.7235,,,0.3139,0.0,0,,,,0.7743,,0.2127,0.1012,,,,,,,,,,7,,,,,,,,,,,,,,,,,True
42161:0x7cccba38e2d959fe135e79aebb57ccb27b128358,Arbitrum,Camelot v3,camelotv3,0x7cccba38e2d959fe135e79aebb57ccb27b128358,WETH/USD₮0,WETH,USD₮0,0.01,Голубая фишка/стейбл,19216.4322,19216.4322,5063.73,55370.2542,4.7065,0.8175,1.2771,1.3667,,,1.2771,0.0,0,,,,0.9551,,0.2635,0.4116,,,,,,,,,,7,,,,,,,,,,,,,,,,,True
42161:0x1106db7165a8d4a8559b441ecdee14a5d5070dbc,Arbitrum,Camelot v3,camelotv3,0x1106db7165a8d4a8559b441ecdee14a5d5070dbc,MAGIC/WETH,MAGIC,WETH,0.2992,Крупный альт,17609.9585,17609.9585,3531.2504,28222.3453,71.5012,18.3504,21.1714,13.3349,,,13.3349,0.0,0,,,,21.8317,,0.2005,0.2289,,,,,,,,,,7,,,,,,,,,,,,,,,,,True
42161:0xd5ede52ddd347faf45f1345968b3ee4e579239b4,Arbitrum,Camelot v3,camelotv3,0xd5ede52ddd347faf45f1345968b3ee4e579239b4,APEX/WETH,APEX,WETH,0.3,Альт/мем (long-tail),14306.6176,14306.6176,1692.0079,30576.7248,147.3361,13.8074,53.6991,56.4379,,,53.6991,0.0,0,,,,10.8481,,0.1183,0.3053,,,,,,,,,,8,,,,,,,,,,,,,,,,,True
42161:0x6c88f15ad0e5ce80066baa7107595002c51f623c,Arbitrum,Pancake v2,pancakev2,0x6c88f15ad0e5ce80066baa7107595002c51f623c,HY/ARB,HY,ARB,0.25,Альт/мем (long-tail),55942.4953,55942.4953,2902.8152,18938.7992,31.5647,3.1566,2.9421,0.6865,,,0.6865,0.0,0,,,,2.066,,0.0519,0.0484,,,,2.9421,1.0,,,,,8,,,,,,,,,,,,,,,,разовый всплеск объёма,False
42161:0xa877733c5496f6a5a423fd855e635463c59ae210,Arbitrum,Pancake v2,pancakev2,0xa877733c5496f6a5a423fd855e635463c59ae210,AGCC/USD₮0,AGCC,USD₮0,0.25,Альт/мем (long-tail),21086.6269,21086.6269,1896.356,15999.852,26.6664,5.4708,6.5941,7.1705,,,6.5941,0.0,0,,,,4.0777,,0.0899,0.1084,,,,6.5941,1.0,,,,,8,,,,,,,,,,,,,,,,,False
42161:0x4d1576158518dd61924218446c1057cf03138d57,Arbitrum,Sushi v3,sushiv3,0x4d1576158518dd61924218446c1057cf03138d57,WETH/USDC,WETH,USDC,0.3,Голубая фишка/стейбл,497694.662,497694.662,16289.4467,192797.0159,433.7933,2.6879,4.5448,6.918,5.8764,2.4804,4.5448,0.0,0,,,,3.5771,,0.0327,0.0553,0.6819,0.525,5.813,1.3418,3.3872,0.2308,-15.1451,,-2.5242,6,0.799,0.0742,4.1704,22.917,10.9335,53.2827,-0.1344,-2.2378,-8.5954,29.5303,1727.5717,2795.2035,90.0,498050.7563,-0.0715,,True
42161:0xf3eb87c1f6020982173c908e7eb31aa66c1f0296,Arbitrum,Sushi v3,sushiv3,0xf3eb87c1f6020982173c908e7eb31aa66c1f0296,WETH/USDC,WETH,USDC,0.05,Голубая фишка/стейбл,368038.7273,368038.7273,87423.4501,977545.5006,366.5796,3.2513,5.1936,10.5939,9.1974,3.759,5.1936,0.0,0,,,,4.3106,,0.2375,0.3794,0.5343,0.4465,3.5687,1.0784,4.8159,0.3022,-11.993,,-1.9988,6,1.0976,0.2431,2.6935,14.5244,10.5552,52.9819,-0.1257,-2.2176,-8.8443,26.8982,1719.7444,2790.5834,90.0,368178.593,-0.038,,True
42161:0x96ada81328abce21939a51d971a63077e16db26e,Arbitrum,Sushi v3,sushiv3,0x96ada81328abce21939a51d971a63077e16db26e,WETH/USD₮0,WETH,USD₮0,0.05,Голубая фишка/стейбл,31785.4525,31785.4525,5196.6013,58060.054,21.7725,2.2378,3.5717,4.3812,,,3.5717,0.0,0,,,,2.9875,,0.1635,0.2609,,,,,,,,,,7,,,,,,,,,,,,,,,,,True
42161:0xd1e1ac29b31b35646eabd77163e212b76fe3b6a2,Arbitrum,Sushi v3,sushiv3,0xd1e1ac29b31b35646eabd77163e212b76fe3b6a2,USDC/USD₮0,USDC,USD₮0,0.01,Стейбл/стейбл,13302.0751,13302.0751,7285.5343,47893.2781,3.592,1.4993,1.408,2.1735,,,1.408,0.0,0,,,,1.9836,,0.5477,0.5143,,,,,,,,,,7,,,,,,,,,,,,,,,,,True
42161:0x864abca0a6202dba5b8868772308da953ff125b0f95015adbf89aaf579e903a8,Arbitrum,Uniswap v4,uniswapv4,0x864abca0a6202dba5b8868772308da953ff125b0f95015adbf89aaf579e903a8,ETH/USDC,ETH,USDC,0.0625,Голубая фишка/стейбл,7143372.9604,7143372.9604,3679522.8398,41146808.3446,20573.4041,9.4005,15.0175,17.4678,13.23,5.5971,13.23,0.0,0,,,,,,0.5151,0.8229,0.5233,0.4699,3.4229,1.4873,10.0974,0.4345,-21.3327,,-4.2665,5,2.1851,0.5639,5.4593,206.3452,10.5906,53.0359,-0.1265,-2.2212,-8.8387,27.3286,1720.5024,2790.6449,90.0,7210628.489,-0.9327,,True
42161:0xec6e37b2d66aa5ef5a9fc296b4da3474b121f512428dd425a51c6424955fc5eb,Arbitrum,Uniswap v4,uniswapv4,0xec6e37b2d66aa5ef5a9fc296b4da3474b121f512428dd425a51c6424955fc5eb,DORY/USDC,DORY,USDC,1.0,Альт/мем (long-tail),3689609.0086,3689609.0086,1670926.6893,31184384.0564,311843.8406,165.2989,440.7087,193.7959,105.2092,60.8504,105.2092,0.0,0,,,,97.9622,,0.4529,1.2074,3.857,2.1,185.9578,268.784,1.6396,1.4454,-199.6944,,-24.9618,8,1.0279,0.447,145.0368,-52.7985,371.0395,-77.1201,-23.9862,-22.1469,-95.6189,279.9049,21.9239,500.421,90.0,3568112.3058,3.4051,,True
42161:0x80c735c5a0222241f211b3edb8df2ccefad94553ec18f1c29143f0399c78f500,Arbitrum,Uniswap v4,uniswapv4,0x80c735c5a0222241f211b3edb8df2ccefad94553ec18f1c29143f0399c78f500,WBTC/USDC,WBTC,USDC,0.0625,Голубая фишка/стейбл,3536486.8713,3536486.8713,2672784.8298,20687382.6063,10343.6913,13.7929,15.251,19.4023,12.2714,3.4531,12.2714,0.0,0,,,,8.7323,,0.7558,0.8357,0.3995,0.3351,1.9947,0.7758,19.6572,0.389,-26.9385,,-6.7346,4,0.7505,0.202,20.0915,19.3708,7.8429,35.7532,-0.0712,-1.1567,-7.551,18.3854,61595.7153,87074.732,90.0,3534907.2234,0.0447,,True
42161:0x03df2300e83353309c1069ae3ea89c31b361a009f9c36a1de5c8f0afcc45bde8,Arbitrum,Uniswap v4,uniswapv4,0x03df2300e83353309c1069ae3ea89c31b361a009f9c36a1de5c8f0afcc45bde8,ETH/USDC,ETH,USDC,0.3499,Голубая фишка/стейбл,3237764.5135,3237764.5135,153383.2332,2071991.548,6215.9746,5.1874,10.0106,16.2618,16.7271,5.6473,10.0106,0.0,0,,,,,,0.0474,0.0914,0.5328,0.4693,3.5489,1.612,6.21,0.4542,-12.0278,,-2.4056,5,0.989,0.3815,4.4219,157.8973,10.9659,53.2135,-0.1352,-2.2331,-8.6209,28.2889,1717.0362,2796.0997,90.0,3289402.4896,-1.5698,,True
42161:0x8b3781471ab98774c59775df9cc505ce20b36afffd297aef2dc17daafce3b140,Arbitrum,Uniswap v4,uniswapv4,0x8b3781471ab98774c59775df9cc505ce20b36afffd297aef2dc17daafce3b140,ETH/WBTC,ETH,WBTC,0.0625,ETH/BTC,1296036.0031,1296036.0031,229022.9369,1925255.8206,962.6279,3.225,3.8729,4.8767,4.3072,2.3395,3.8729,0.0,0,,,,,,0.1767,0.2122,0.2221,0.2415,0.6168,0.3344,11.5829,0.5421,-3.2718,,-1.0906,3,0.7001,0.0984,4.6054,12.8086,2.4759,12.7064,-0.0075,-0.1786,-6.0842,10.6687,0.0276,0.0331,90.0,1285577.2318,0.8135,,True
42161:0xd3b190d7e8b7f91ffd1827a5611c1958c7e2623a8214d75bbd700917a42491dc,Arbitrum,Uniswap v4,uniswapv4,0xd3b190d7e8b7f91ffd1827a5611c1958c7e2623a8214d75bbd700917a42491dc,ETH/GMX,ETH,GMX,0.0625,Крупный альт,1141549.0704,1141549.0704,140706.5725,544316.0427,272.158,2.2495,1.2431,1.4555,1.3131,0.7793,1.2431,0.0,0,,,,,,0.1233,0.0681,0.6109,0.584,4.6644,,,,-20.4831,True,-4.0966,5,0.5876,0.1399,11.7097,49.9651,-2.36,6.4537,-0.0071,-0.0489,-21.3039,19.1882,254.6734,346.7435,90.0,1124305.1744,1.5337,,True
42161:0x8385ce82f2331160114760cef76253fc16ebbbe091eadaf4f0d29ae4f752fbc7,Arbitrum,Uniswap v4,uniswapv4,0x8385ce82f2331160114760cef76253fc16ebbbe091eadaf4f0d29ae4f752fbc7,VSN/USDC,VSN,USDC,0.4098,Альт/мем (long-tail),1105138.0198,1105138.0198,6607.4192,39080.3199,136.7811,0.7638,0.6454,1.2607,2.3154,0.6607,0.6454,0.0,0,,,,0.741,,0.006,0.0051,0.3048,0.2721,1.1613,0.2571,2.5099,0.2214,-2.2693,,-0.3782,6,1.1243,0.1584,69.6146,90.1896,6.3148,30.2863,-0.0469,-0.8686,-12.6614,16.1889,0.0331,0.0453,90.0,1116468.1155,-1.0148,,True
42161:0x64a08d4f8aae62fffa4993f59a6706606f155e3e4133ecedb137de341c7d4564,Arbitrum,Uniswap v4,uniswapv4,0x64a08d4f8aae62fffa4993f59a6706606f155e3e4133ecedb137de341c7d4564,SYRUPUSDC/USDC,SYRUPUSDC,USDC,0.0966,Альт/мем (long-tail),995150.4764,995150.4764,3847.8487,83374.8186,66.6999,0.1129,0.3495,0.4772,0.5938,0.0001,0.3495,0.0,0,,,,0.1123,,0.0039,0.012,0.0036,0.0044,0.0002,,,,0.3491,True,0.0698,5,1.1054,0.1188,0.1473,0.8192,0.4157,1.1662,-0.0002,-0.0017,-0.0409,0.6081,1.1713,1.185,90.0,1009711.7409,-1.4421,,True
42161:0xe88bba0ec2fc9091d68344b32b504abcc59f0aa9e1ae2ef048b69bc7ec3f4df8,Arbitrum,Uniswap v4,uniswapv4,0xe88bba0ec2fc9091d68344b32b504abcc59f0aa9e1ae2ef048b69bc7ec3f4df8,ETH/USD₮0,ETH,USD₮0,0.0625,Голубая фишка/стейбл,926636.3643,926636.3643,469141.2844,4774010.913,2387.0055,9.2397,13.4319,13.6879,5.8469,1.6814,5.8469,0.0,0,,,,,,0.5063,0.736,0.5215,0.4695,3.3996,1.2404,10.8287,0.3649,-30.9667,,-5.1611,6,0.8612,0.123,9.0626,29.151,10.5613,52.8711,-0.1259,-2.2102,-8.7708,27.3044,1721.7886,2790.8243,90.0,930456.9132,-0.4106,,True
42161:0x71743469b7da4a69271a6705481cde70ddc6f15ca66c836bbbd55cf7b7ea2dec,Arbitrum,Uniswap v4,uniswapv4,0x71743469b7da4a69271a6705481cde70ddc6f15ca66c836bbbd55cf7b7ea2dec,FORA/USDC,FORA,USDC,0.3,Альт/мем (long-tail),855287.8938,855287.8938,28329.8501,118221.7809,354.6653,3.627,2.1622,1.388,1.4542,0.5186,1.388,0.0,0,,,,3.4901,,0.0331,0.0197,0.9787,0.6364,11.974,2.1301,1.0151,0.1779,-10.7666,,-1.1963,9,0.9712,0.3021,26.2071,-2.2468,64.0516,-2.4788,-2.9867,-0.0079,-73.6903,78.2566,2.4349,9.2546,90.0,793351.6778,7.8069,,True
42161:0xab05003a63d2f34ac7eec4670bca3319f0e3d2f62af5c2b9cbd69d03fd804fd2,Arbitrum,Uniswap v4,uniswapv4,0xab05003a63d2f34ac7eec4670bca3319f0e3d2f62af5c2b9cbd69d03fd804fd2,USDC/USD₮0,USDC,USD₮0,0.001,Стейбл/стейбл,584261.9044,584261.9044,4256370.629,38819549.5764,310.5565,2.1272,2.7716,3.1752,1.7852,0.8433,1.7852,0.0,0,,,,,,7.285,9.4917,0.0034,0.0043,0.0001,0.0005,5946.0044,0.0466,0.9351,,0.3117,3,0.7312,0.5676,-3.8266,-74.3731,0.0381,-0.0464,-0.0,-0.0,-0.159,0.0841,0.9996,1.0012,90.0,594086.927,-1.6538,,True
42161:0x9576c70b482e79544a9c6afc322e450d7a035b8a4114ede9039a112e7c14c8a8,Arbitrum,Uniswap v4,uniswapv4,0x9576c70b482e79544a9c6afc322e450d7a035b8a4114ede9039a112e7c14c8a8,WBTC/CBBTC,WBTC,CBBTC,0.0048,"Коррелир. (ETH/LST, BTC/BTC)",550510.168,550510.168,458282.8328,5252146.8426,199.5816,1.1546,1.8904,2.9938,3.4021,1.1896,1.8904,0.0,0,,,,0,,0.8325,1.3629,0.0092,0.0123,0.0011,0.0009,2016.8766,0.0937,-0.2624,,-0.0656,4,4.2151,0.7215,308.5862,,0.1016,,-0.0,,-0.3834,0.2775,0.9967,1.0013,69.4167,544854.5255,1.038,,True
42161:0xb2aec80e582cec4ffceacfcd01eef7dc31d4d0f3d8241843ffafbc4623d2d517,Arbitrum,Uniswap v4,uniswapv4,0xb2aec80e582cec4ffceacfcd01eef7dc31d4d0f3d8241843ffafbc4623d2d517,ARB/USDC,ARB,USDC,0.3499,Крупный альт,462859.261,462859.261,66978.4358,1096668.0453,3290.0042,15.8453,37.0631,45.9027,17.7432,4.9693,17.7432,0.0,0,,,,14.42,,0.1447,0.3385,1.4125,1.2291,24.9393,10.3761,3.572,0.4161,-71.3395,,-8.9174,8,1.4437,1.9212,1609.263,3493.6056,50.2255,160.4034,-2.0352,-10.4502,-32.9184,174.0975,0.0724,0.2513,90.0,465480.9536,-0.5632,,True
42161:0x44d1592a3ac6c42c77d6543544c3b1543a44bd9c4057335da7a1d48051999d16,Arbitrum,Uniswap v4,uniswapv4,0x44d1592a3ac6c42c77d6543544c3b1543a44bd9c4057335da7a1d48051999d16,WBTC/CBBTC,WBTC,CBBTC,0.0125,"Коррелир. (ETH/LST, BTC/BTC)",399160.7423,399160.7423,311923.4491,1344714.6317,134.4715,2.8523,1.7566,1.4303,1.3521,0.283,1.3521,0.0,0,,,,0,,0.7814,0.4813,0.0094,0.0114,0.0011,,,,-0.894,True,-0.2235,4,1.162,0.1824,30.0461,67.1404,0.1031,-0.0771,-0.0,-0.0,-0.4151,0.2644,0.9968,1.001,90.0,392758.9229,1.63,,True
42161:0xd9f6d67f109e67b9b28117dcf4aafbc874fbd89f92bdca1a66901a3965582748,Arbitrum,Uniswap v4,uniswapv4,0xd9f6d67f109e67b9b28117dcf4aafbc874fbd89f92bdca1a66901a3965582748,ETH/UNI,ETH,UNI,0.3499,Крупный альт,383579.2176,383579.2176,37730.6295,586377.8971,1759.1337,10.7709,23.9132,48.1075,29.4168,12.4644,23.9132,0.0,0,,,,,,0.0984,0.2184,0.9862,0.8514,12.1578,5.1339,4.6579,0.4223,-32.7166,,-4.0896,8,0.9194,0.8277,208.7285,762.2786,-22.0368,-46.1645,-0.7696,-4.6089,-58.7584,45.7485,258.4841,626.7554,90.0,383371.8053,0.0541,,True
42161:0x973b2ab0a5108ead5eb3c6feeffc5c2b9c3c4004be8376d51f6f3241c41aca6e,Arbitrum,Uniswap v4,uniswapv4,0x973b2ab0a5108ead5eb3c6feeffc5c2b9c3c4004be8376d51f6f3241c41aca6e,ETH/ARB,ETH,ARB,0.3499,Крупный альт,351933.6611,351933.6611,88400.4847,1050563.4067,3151.6902,27.5048,46.6958,49.4882,20.7831,2.6386,20.7831,0.0,0,,,,,,0.2512,0.4264,1.336,1.1015,22.3097,4.8932,9.543,0.2193,-192.1187,,-24.0148,8,1.1908,0.4687,150.7034,353.0098,-26.4155,-41.1559,-1.1647,-3.4149,-61.7965,48.4948,10964.4878,28700.2478,90.0,353317.1566,-0.3916,,True
42161:0xcac39127c59112f63bf31dc3daf103527369e646f3dbcc2ba74b28e6fa37f03b,Arbitrum,Uniswap v4,uniswapv4,0xcac39127c59112f63bf31dc3daf103527369e646f3dbcc2ba74b28e6fa37f03b,ETH/WOO,ETH,WOO,0.3499,Альт/мем (long-tail),334474.8092,334474.8092,11557.6267,163252.7472,489.7583,3.7837,7.6351,11.4806,5.4902,1.5805,5.4902,0.0,0,,,,,,0.0346,0.0697,0.528,0.5752,3.4843,2.9545,2.5842,0.8479,-3.514,,-0.502,7,1.7799,0.0917,16.5028,28.0693,-5.1215,33.9367,-0.0345,-1.0578,-20.3312,28.3825,140100.8659,233368.2835,90.0,335804.3035,-0.3959,,True
42161:0x13fd8faf63c1b0dbd44157df1a390224d734bdcf1f60451fb84a8b48dd3d388a,Arbitrum,Uniswap v4,uniswapv4,0x13fd8faf63c1b0dbd44157df1a390224d734bdcf1f60451fb84a8b48dd3d388a,USDC/USD₮0,USDC,USD₮0,0.0001,Стейбл/стейбл,333287.7757,333287.7757,245657.0397,2156914.4653,2.1569,0.0269,0.0337,0.0248,0.0383,0.0204,0.0248,0.469,4.2822,KNC; USDC; USD₮0,,,,,0.7371,0.9245,0.0034,0.0042,0.0001,0.0,3578.503,0.0009,-0.5001,,-0.1667,3,0.5221,0.4987,103.4538,213.4699,0.0388,-0.048,-0.0,-0.0,-0.1549,0.0836,0.9996,1.0012,90.0,338834.7746,-1.6371,,True
42161:0x70bf44c3a9b6b047bf60e5a05968225dbf3d6a5b9e8a95a73727e48921e889c1,Arbitrum,Uniswap v4,uniswapv4,0x70bf44c3a9b6b047bf60e5a05968225dbf3d6a5b9e8a95a73727e48921e889c1,WBTC/USDC,WBTC,USDC,0.3499,Голубая фишка/стейбл,328691.1734,328691.1734,59444.1339,395077.3542,1185.2321,19.8032,18.8023,15.2128,14.1936,3.0657,14.1936,0.0,0,,,,10.1259,,0.1809,0.1717,0.4126,0.3178,2.1285,0.8211,22.8989,0.3858,-34.5455,,-5.7576,6,0.8596,0.64,43.8871,-0.493,8.4199,36.3429,-0.0816,-1.1894,-7.6167,19.4516,61646.3617,86954.0177,90.0,329510.4393,-0.2486,,True
42161:0xebcb8b7f619f8dc7143d2c27e6e59189c3750cf92b83b7c8951acf22574301c9,Arbitrum,Uniswap v4,uniswapv4,0xebcb8b7f619f8dc7143d2c27e6e59189c3750cf92b83b7c8951acf22574301c9,ESP/USDC,ESP,USDC,1.099,Альт/мем (long-tail),306024.3874,306024.3874,27755.6499,194587.7098,1945.8771,33.1046,33.1554,7.7363,23.2614,,7.7363,0.0,0,,,,32.7933,,0.0907,0.0908,0.9046,0.9046,10.2295,9.6895,3.4218,0.9472,-27.267,,-2.7267,10,0.8704,0.0168,,,,,,,-9.5232,8.7622,0.0955,0.1134,6.75,294935.9062,3.7596,разовый всплеск объёма; пул моложе 3 недель,True
42161:0x4fd69d55704d8c40ebbd6d0086f1c827eed02bfb4a42cea8aafda66b45dab22e,Arbitrum,Uniswap v4,uniswapv4,0x4fd69d55704d8c40ebbd6d0086f1c827eed02bfb4a42cea8aafda66b45dab22e,WBTC/CBBTC,WBTC,CBBTC,0.005,"Коррелир. (ETH/LST, BTC/BTC)",258973.6538,258973.6538,211303.4679,1555693.3575,77.7847,1.4891,1.5662,2.0624,1.4235,0.6365,1.4235,0.2178,1.5451,CBBTC; KNC; WBTC,,,0,,0.8159,0.8582,0.0092,0.0121,0.0011,,,,-0.7071,True,-0.1768,4,0.8853,0.2374,1.1548,-11.6739,0.095,-0.0756,-0.0,-0.0,-0.4392,0.2763,0.9967,1.0011,90.0,255791.4792,1.2441,,True
42161:0xfc7b3ad139daaf1e9c3637ed921c154d1b04286f8a82b805a6c352da57028653,Arbitrum,Uniswap v4,uniswapv4,0xfc7b3ad139daaf1e9c3637ed921c154d1b04286f8a82b805a6c352da57028653,WETH/USDC,WETH,USDC,0.0625,Голубая фишка/стейбл,247412.1843,247412.1843,255415.8146,2183890.5551,1091.9453,18.8404,23.0131,28.6719,16.3063,5.6094,16.3063,0.0,0,,,,18.0993,,1.0323,1.261,0.5289,0.4724,3.4963,,,,-21.554,True,-3.0791,7,0.8157,1.142,111.1216,2456.3172,10.5211,52.9054,-0.125,-2.2125,-8.8139,27.4194,1719.2941,2790.7847,90.0,249751.6299,-0.9367,,True
42161:0x1b2c9a12ccd172e95c2e09a6ebb7c715445e2b91e29ea0c5e18ac5d2c6fca665,Arbitrum,Uniswap v4,uniswapv4,0x1b2c9a12ccd172e95c2e09a6ebb7c715445e2b91e29ea0c5e18ac5d2c6fca665,ETH/PENDLE,ETH,PENDLE,0.3499,Крупный альт,245444.9475,245444.9475,24191.0822,207341.8257,622.0255,10.7923,13.2144,21.0203,17.5126,7.1338,13.2144,0.0,0,,,,,,0.0986,0.1207,0.6489,0.6868,5.2629,,,,-11.2995,True,-1.6142,7,0.715,0.1656,18.5611,51.1292,-13.5264,-9.6315,-0.2634,-0.1281,-40.3367,29.7194,946.0522,1585.652,90.0,239581.3204,2.4474,,True
42161:0x0352a9f1744511cb734ae924b518264daf8ecae77bcd89497915dc03d5f089db,Arbitrum,Uniswap v4,uniswapv4,0x0352a9f1744511cb734ae924b518264daf8ecae77bcd89497915dc03d5f089db,WBTC/CBBTC,WBTC,CBBTC,0.0044,"Коррелир. (ETH/LST, BTC/BTC)",214540.5361,214540.5361,590904.4413,3783804.6328,132.4332,3.5186,3.2187,1.9858,2.9714,0.4914,1.9858,0.0,0,,,,0,,2.7543,2.5195,0.0088,0.0147,0.001,,,,0.023,True,0.0046,5,0.707,0.0224,,,,,,,-0.3294,0.2554,0.9971,1.0004,15.6667,212389.1744,1.0129,пул моложе 3 недель,True
42161:0xd4c6e20d35760b0dccc4835e1440cab209ea8175a8e321025184581680ffb2dd,Arbitrum,Uniswap v4,uniswapv4,0xd4c6e20d35760b0dccc4835e1440cab209ea8175a8e321025184581680ffb2dd,ETH/USD₮0,ETH,USD₮0,0.3499,Голубая фишка/стейбл,204807.635,204807.635,4272.0303,56648.4608,169.9454,2.284,4.3267,7.4793,6.7253,2.284,4.3267,0.0,0,,,,,,0.0209,0.0395,0.5333,0.4654,3.5551,,,,-34.1699,True,-4.8814,7,1.0778,0.1376,-5.7907,109.056,10.9937,53.253,-0.1358,-2.2358,-8.5095,28.291,1719.5334,2797.1579,90.0,,,,True
42161:0x108a840f633c00927f0b773c8851cc1835ae7631833e88d7a3c38fd761ef2f7a,Arbitrum,Uniswap v4,uniswapv4,0x108a840f633c00927f0b773c8851cc1835ae7631833e88d7a3c38fd761ef2f7a,WBTC/USDC,WBTC,USDC,1.099,Голубая фишка/стейбл,190642.9011,190642.9011,6452.8753,37469.074,374.6907,12.3545,10.2482,13.6806,10.8546,2.3772,10.2482,0.0,0,,,,10.1259,,0.0338,0.0281,0.4197,0.2651,2.2022,,,,-13.5991,True,-1.9427,7,1.0428,0.0163,2.8068,1.5798,8.1143,35.4219,-0.076,-1.1384,-6.6993,19.4153,62080.712,86305.8199,90.0,188382.4638,1.1999,,True
42161:0x72099b283d5e29b87d32c978c7c59a2bdfc9a6031ef8c748757ba212efe69658,Arbitrum,Uniswap v4,uniswapv4,0x72099b283d5e29b87d32c978c7c59a2bdfc9a6031ef8c748757ba212efe69658,ETH/LINK,ETH,LINK,0.3499,Крупный альт,188558.8246,188558.8246,10244.2329,230481.3836,691.4442,5.949,19.1208,25.5588,9.7101,2.4487,9.7101,0.0,0,,,,,,0.0543,0.1746,0.521,0.365,3.3931,,,,-6.0948,True,-0.8707,7,1.0928,0.2808,-12.0243,103.994,-7.7252,-14.2323,-0.0807,-0.2939,-25.8431,19.2915,174.7625,235.6659,90.0,191652.1661,-1.614,,True
42161:0x17e073f0fb07b904c3db4fdb1e5b711ae5defb10cf0c27626784d68b0f128c55,Arbitrum,Uniswap v4,uniswapv4,0x17e073f0fb07b904c3db4fdb1e5b711ae5defb10cf0c27626784d68b0f128c55,RHUB/ARB,RHUB,ARB,0.3,Альт/мем (long-tail),187483.2021,187483.2021,2417.3836,73919.3243,221.758,1.4119,6.1675,34.497,15.1974,2.9635,6.1675,0.0,0,,,,0,,0.0129,0.0563,6.0972,6.1878,464.6973,,,,-1160.1546,True,-116.0155,10,1.926,0.4113,,,,,,,-83.4678,243.2803,0.0008,0.0129,28.4583,,,,True
42161:0x41b1e6b28a39199365f5348a2bf71d0f785167e920d05254b3f2efd1b9487db5,Arbitrum,Uniswap v4,uniswapv4,0x41b1e6b28a39199365f5348a2bf71d0f785167e920d05254b3f2efd1b9487db5,WBTC/USD₮0,WBTC,USD₮0,0.0625,Голубая фишка/стейбл,184017.2098,184017.2098,30290.1933,302817.0464,151.4085,3.004,4.2903,13.8978,11.5285,3.6134,4.2903,0.0,0,,,,0.5956,,0.1646,0.2351,0.3987,0.3355,1.987,,,,-17.2259,True,-2.4608,7,0.6971,0.4312,-40.3737,-69.788,7.9267,35.7187,-0.0727,-1.1548,-7.4643,18.332,61641.9771,87079.826,90.0,,,,True
42161:0x87ba69021d369bf2a080687cab68b623b716cb98df215694dd983055363212a7,Arbitrum,Uniswap v4,uniswapv4,0x87ba69021d369bf2a080687cab68b623b716cb98df215694dd983055363212a7,ETH/ETHFI,ETH,ETHFI,0.3499,Альт/мем (long-tail),170226.3476,170226.3476,26457.2022,269377.6475,808.1329,17.0189,24.7543,13.3955,18.2168,12.3431,13.3955,0.0,0,,,,,,0.1554,0.2261,0.8874,0.8407,9.8432,,,,-11.3095,True,-1.2566,9,0.4792,0.0527,,,,,,,-18.9635,10.6537,3353.2063,4137.8976,20.0,171625.1894,-0.8151,пул моложе 3 недель,True
42161:0x64f68f27a2e2b477e70f98f32376bf3989884526947b9d46ee990d3882ff1a76,Arbitrum,Uniswap v4,uniswapv4,0x64f68f27a2e2b477e70f98f32376bf3989884526947b9d46ee990d3882ff1a76,ETH/PENDLE,ETH,PENDLE,0.5297,Крупный альт,144113.4308,144113.4308,43593.7839,352071.8163,1584.3232,49.685,57.3237,205.5854,48.8897,13.8177,48.8897,0.0,0,,,,,,0.3025,0.349,0.6489,0.6318,5.2638,,,,24.3715,True,2.7079,9,1.0244,0.6083,-69.5865,-74.7705,-13.6657,-10.1211,-0.2693,-0.1422,-40.7026,30.706,943.8169,1591.6664,90.0,140870.6343,2.302,отток TVL > 50% за 30д,True
42161:0x91069164f0f199b3b173066f4489a21b22d5260448d35c41d3b3e5f1f21f2a39,Arbitrum,Uniswap v4,uniswapv4,0x91069164f0f199b3b173066f4489a21b22d5260448d35c41d3b3e5f1f21f2a39,MEX/USD₮0,MEX,USD₮0,0.2899,Альт/мем (long-tail),142743.0725,142743.0725,2747.0108,199767.9933,499.42,1.7561,18.2434,11.2554,8.2276,0.9423,8.2276,0.0,0,,,,1.9484,,0.0192,0.1999,0.2032,0.2017,0.5162,,,,6.9321,True,0.9903,7,1.0352,0.309,32.9264,,-6.3314,,-0.0535,,-8.9465,7.8514,0.0542,0.0596,34.75,,,,True
42161:0x1e5bc06befed2b29a7b1074cfabe8fe59da21779ad2dcd7bb62b5bc45ba9ca64,Arbitrum,Uniswap v4,uniswapv4,0x1e5bc06befed2b29a7b1074cfabe8fe59da21779ad2dcd7bb62b5bc45ba9ca64,WBTC/USD₮0,WBTC,USD₮0,0.3499,Голубая фишка/стейбл,99079.6493,99079.6493,1287.7011,17334.5345,52.0036,1.4231,2.7368,2.0899,,,2.0899,0.0,0,,,,0.5956,,0.013,0.025,,,,,,,,,,7,,,,,,,,,,,,,,,,,True
42161:0x90adeaeba1b0550987637183712c138484af473093e2006a0fecaad3241ddb1c,Arbitrum,Uniswap v4,uniswapv4,0x90adeaeba1b0550987637183712c138484af473093e2006a0fecaad3241ddb1c,ARB/USD₮0,ARB,USD₮0,0.3499,Крупный альт,96835.3427,96835.3427,12534.1345,180584.9767,541.7549,14.1734,29.1718,42.7253,,,29.1718,0.0,0,,,,11.5771,,0.1294,0.2664,,,,,,,,,,7,,,,,,,,,,,,,,,,,True
42161:0x783ef2da6de46d971e3cb749d0e5940380ef089d418e76448e9a0fb25bd0d120,Arbitrum,Uniswap v4,uniswapv4,0x783ef2da6de46d971e3cb749d0e5940380ef089d418e76448e9a0fb25bd0d120,ETH/ZRO,ETH,ZRO,0.3499,Крупный альт,89897.3457,89897.3457,58954.0491,661065.2364,1983.1956,71.8093,115.0306,59.0558,,,59.0558,0.0,0,,,,,,0.6558,1.0505,,,,,,,,,,7,,,,,,,,,,,,,,89096.4991,0.8989,,True
42161:0xb09095fb9047cfa19f84156bf4aa7a3d3efb4415788b40b612472567212dc86e,Arbitrum,Uniswap v4,uniswapv4,0xb09095fb9047cfa19f84156bf4aa7a3d3efb4415788b40b612472567212dc86e,WBTC/ARB,WBTC,ARB,0.2899,Крупный альт,88832.5216,88832.5216,1307.2219,5296.1223,13.2403,1.3428,0.7772,0.28,,,0.28,0.0,0,,,,0,,0.0147,0.0085,,,,,,,,,,7,,,,,,,,,,,,,,,,разовый всплеск объёма,True
42161:0xa7b7064a428fa4391a7efb7054cde38bcf0967348fe403e04de9c98811de327f,Arbitrum,Uniswap v4,uniswapv4,0xa7b7064a428fa4391a7efb7054cde38bcf0967348fe403e04de9c98811de327f,WBTC/CBBTC,WBTC,CBBTC,0.0057,"Коррелир. (ETH/LST, BTC/BTC)",84639.4451,84639.4451,104384.6111,540837.7789,24.3377,2.0257,1.4993,2.1015,,,1.4993,0.0,0,,,,0,,1.2333,0.9128,,,,,,,,,,7,,,,,,,,,,,,,,,,,True
42161:0x898708486ff9021105fc8fbb443fe42e1aa8a8f60073dd67cee059f0aeb4de9f,Arbitrum,Uniswap v4,uniswapv4,0x898708486ff9021105fc8fbb443fe42e1aa8a8f60073dd67cee059f0aeb4de9f,ETH/AAVE,ETH,AAVE,0.3499,Крупный альт,82350.1669,82350.1669,10538.2647,188365.0342,565.0951,14.0126,35.781,21.9453,,,21.9453,0.0,0,,,,,,0.128,0.3268,,,,,,,,,,7,,,,,,,,,,,,,,,,,True
42161:0xb37da7d5beb04539b6c497a15794748fc0ce1da7afc61133e3253eff76229ae5,Arbitrum,Uniswap v4,uniswapv4,0xb37da7d5beb04539b6c497a15794748fc0ce1da7afc61133e3253eff76229ae5,ETH/ARB,ETH,ARB,0.0625,Крупный альт,50469.6785,50469.6785,25516.0902,342495.4776,171.2477,9.2267,17.6925,20.3503,,,17.6925,0.0,0,,,,,,0.5056,0.9695,,,,,,,,,,7,,,,,,,,,,,,,,,,,True
42161:0xf0ea88c65397909328b612fb2264ce270f5239981f36c57a8ca93e32b6ffa4b9,Arbitrum,Uniswap v4,uniswapv4,0xf0ea88c65397909328b612fb2264ce270f5239981f36c57a8ca93e32b6ffa4b9,ETH/LDO,ETH,LDO,0.3499,Крупный альт,48259.0992,48259.0992,21763.3955,241106.0784,723.3182,49.3812,78.1529,49.4714,,,49.4714,0.0,0,,,,,,0.451,0.7137,,,,,,,,,,7,,,,,,,,,,,,,,,,,True
42161:0xe9a78d2e24d354522ca61548fca0dd528c823e29b5f21089c8d3f23588699b3d,Arbitrum,Uniswap v4,uniswapv4,0xe9a78d2e24d354522ca61548fca0dd528c823e29b5f21089c8d3f23588699b3d,ETH/CST,ETH,CST,0.0125,Альт/мем (long-tail),45735.7616,45735.7616,3504.9724,4250.0722,0.425,0.2797,0.0485,0.0654,,,0.0485,0.0,0,,,,,,0.0766,0.0133,,,,,,,,,,8,,,,,,,,,,,,,,,,разовый всплеск объёма,True
42161:0xda97eeae449aaddb80d9fbc630770b9d039a9c4ed14ecfe9a6ac4e1d1acf58b5,Arbitrum,Uniswap v4,uniswapv4,0xda97eeae449aaddb80d9fbc630770b9d039a9c4ed14ecfe9a6ac4e1d1acf58b5,AAVE/LINK,AAVE,LINK,0.3499,Крупный альт,39277.0992,39277.0992,4738.0209,109902.7347,329.7082,13.2091,43.7709,30.4432,,,30.4432,0.0,0,,,,,,0.1206,0.3997,,,,,,,,,,7,,,,,,,,,,,,,,,,,True
42161:0xe87eaa688e2237a26fcb9c8d790712b85809490df51e0c386cd4c1e725125380,Arbitrum,Uniswap v4,uniswapv4,0xe87eaa688e2237a26fcb9c8d790712b85809490df51e0c386cd4c1e725125380,PYUSD/USDC,PYUSD,USDC,0.0625,Стейбл/стейбл,36935.6246,36935.6246,7084.3696,458474.2112,229.2371,3.5004,32.3619,9.0363,,,9.0363,0.0,0,,,,,,0.1918,1.7733,,,,,,,,,,7,,,,,,,,,,,,,,,,,True
42161:0x69dc51302b48199311568c0e7ab6e0a2a961b1ba52d9bd006003d59efd123b75,Arbitrum,Uniswap v4,uniswapv4,0x69dc51302b48199311568c0e7ab6e0a2a961b1ba52d9bd006003d59efd123b75,USDC/LINK,USDC,LINK,0.3499,Крупный альт,36559.7365,36559.7365,4490.0348,111255.7132,333.7671,13.4481,47.6031,37.5622,,,37.5622,0.0,0,,,,7.1472,,0.1228,0.4347,,,,,,,,,,7,,,,,,,,,,,,,,,,,True
42161:0xc99bf5e5e5d0bc5baa7b686b11ee8e4a2bbaf6308cc8a3a549a1ce289c77f5cd,Arbitrum,Uniswap v4,uniswapv4,0xc99bf5e5e5d0bc5baa7b686b11ee8e4a2bbaf6308cc8a3a549a1ce289c77f5cd,PENDLE/USDC,PENDLE,USDC,0.3499,Крупный альт,34447.3223,34447.3223,2139.9749,19989.4268,59.9683,6.8025,9.0774,28.3514,,,9.0774,0.0,0,,,,3.1225,,0.0621,0.0829,,,,,,,,,,7,,,,,,,,,,,,,,,,,True
42161:0xddd452b45c31ae6a73de96c1065a5dbed447630c420c5cfceae1852e2efdeb8a,Arbitrum,Uniswap v4,uniswapv4,0xddd452b45c31ae6a73de96c1065a5dbed447630c420c5cfceae1852e2efdeb8a,USDC/AAVE,USDC,AAVE,0.3499,Крупный альт,32822.0716,32822.0716,4417.5808,75535.2886,226.6059,14.7378,35.9998,23.9817,,,23.9817,0.0,0,,,,6.5402,,0.1346,0.3288,,,,,,,,,,7,,,,,,,,,,,,,,,,,True
42161:0x11a15ef8f07ae3fa4d725eef7a0cbf90643f6d08af7ed5e1c86725fedfe6bb89,Arbitrum,Uniswap v4,uniswapv4,0x11a15ef8f07ae3fa4d725eef7a0cbf90643f6d08af7ed5e1c86725fedfe6bb89,USDC/DAI,USDC,DAI,0.0125,Стейбл/стейбл,31127.9974,31127.9974,1135.3146,61756.7706,6.1757,0.1331,1.0345,1.291,,,1.0345,0.0,0,,,,,,0.0365,0.2834,,,,,,,,,,7,,,,,,,,,,,,,,,,,True
42161:0x666a54b334aa7d6fd9bf4646ebf3af3dea24ae3897e6987b9971afed6878ab77,Arbitrum,Uniswap v4,uniswapv4,0x666a54b334aa7d6fd9bf4646ebf3af3dea24ae3897e6987b9971afed6878ab77,ETH/USDC,ETH,USDC,0.0625,Голубая фишка/стейбл,31079.819,31079.819,2377.19,31375.9136,15.688,1.3959,2.632,3.0995,,,2.632,0.0,0,,,,,,0.0765,0.1442,,,,,,,,,,7,,,,,,,,,,,,,,,,,True
42161:0x7ce794cc087b39c0066d1ab9fe93d5b276d3071f53276a2368d946e5c0bdb79a,Arbitrum,Uniswap v4,uniswapv4,0x7ce794cc087b39c0066d1ab9fe93d5b276d3071f53276a2368d946e5c0bdb79a,WBTC/ARB,WBTC,ARB,0.3499,Крупный альт,27975.2003,27975.2003,3544.3978,47676.8891,143.0307,13.8734,26.6594,26.3266,,,26.3266,0.0,0,,,,,,0.1267,0.2435,,,,,,,,,,7,,,,,,,,,,,,,,,,,True
42161:0x015537a47e3865bd59fa4b0feed5546f1b5d27660447dddcdf86808bce384d98,Arbitrum,Uniswap v4,uniswapv4,0x015537a47e3865bd59fa4b0feed5546f1b5d27660447dddcdf86808bce384d98,ETH/USDC,ETH,USDC,0.1,Голубая фишка/стейбл,24908.8126,24908.8126,2583.2705,55692.6066,55.6926,3.7854,11.6584,17.7844,,,11.6584,0.0,0,,,,,,0.1037,0.3194,,,,,,,,,,7,,,,,,,,,,,,,,,,,True
42161:0x16c7eb0c3f3b912203072a6a719efb8dd74ee77327fe5002648ae584bced5343,Arbitrum,Uniswap v4,uniswapv4,0x16c7eb0c3f3b912203072a6a719efb8dd74ee77327fe5002648ae584bced5343,DAI/USD₮0,DAI,USD₮0,0.0125,Стейбл/стейбл,22853.7705,22853.7705,1588.3469,37610.5941,3.7611,0.2537,0.8581,1.2566,,,0.8581,0.0,0,,,,,,0.0695,0.2351,,,,,,,,,,7,,,,,,,,,,,,,,,,,True
42161:0xac1a6a6ffb1ba5530446b596b238970352a762e216260b5f63b8bcae56874ed8,Arbitrum,Uniswap v4,uniswapv4,0xac1a6a6ffb1ba5530446b596b238970352a762e216260b5f63b8bcae56874ed8,USDC/USDC,USDC,USDC,0.0059,Стейбл/стейбл,22173.8699,22173.8699,15881.745,164649.5622,7.7385,1.2287,1.8198,1.9075,,,1.8198,0.0,0,,,,,,0.7162,1.0608,,,,,,,,,,7,,,,,,,,,,,,,,,,,True
42161:0x20354cf3a44f2980f9fd205b7ed4418fee7ebf82a925c7d3c5d1565eb9831484,Arbitrum,Uniswap v4,uniswapv4,0x20354cf3a44f2980f9fd205b7ed4418fee7ebf82a925c7d3c5d1565eb9831484,USDC/USD₮0,USDC,USD₮0,0.0125,Стейбл/стейбл,18794.4879,18794.4879,4715.5957,31183.8452,3.1184,0.9158,0.8652,1.7955,,,0.8652,0.0,0,,,,,,0.2509,0.237,,,,,,,,,,7,,,,,,,,,,,,,,,,,True
42161:0x35dadb36f41fdbca0cc35f0d4797be8851218ab2bee5292fa134ad17c035b8ef,Arbitrum,Uniswap v4,uniswapv4,0x35dadb36f41fdbca0cc35f0d4797be8851218ab2bee5292fa134ad17c035b8ef,PENDLE/USD₮0,PENDLE,USD₮0,0.3499,Крупный альт,18056.0835,18056.0835,1981.6366,37821.5357,113.4646,12.0175,32.7666,57.1803,,,32.7666,0.0,0,,,,,,0.1097,0.2992,,,,,,,,,,7,,,,,,,,,,,,,,,,,True
42161:0x8a33142dc9c0f2db28d3c78d6f15955a3b1d35e4b8076328d0ebe62d150211f5,Arbitrum,Uniswap v4,uniswapv4,0x8a33142dc9c0f2db28d3c78d6f15955a3b1d35e4b8076328d0ebe62d150211f5,USDC/UNI,USDC,UNI,0.0625,Крупный альт,14584.9541,14584.9541,13442.8969,191281.8931,95.6409,16.8209,34.1927,48.1075,,,34.1927,0.0,0,,,,,,0.9217,1.8736,,,,,,,,,,7,,,,,,,,,,,,,,,,,True
42161:0x98f8efe2dad7576125c344717cc69ba44beb3d6af5f4c7997266098e1272ab97,Arbitrum,Uniswap v4,uniswapv4,0x98f8efe2dad7576125c344717cc69ba44beb3d6af5f4c7997266098e1272ab97,ETH/SESH,ETH,SESH,5.0851,Альт/мем (long-tail),14013.6371,14013.6371,2944.8335,9854.2203,491.7256,382.7395,182.9645,133.6773,,,133.6773,0.0,0,,,,,,0.2101,0.1005,,,,,,,,,,8,,,,,,,,,,,,,,,,высокий APR на микро-TVL,True
42161:0x3e7e0256cdbd9f748fb2eb51735732dfd2474b3aa796bb95a59ba21123e7e0c0,Arbitrum,Uniswap v4,uniswapv4,0x3e7e0256cdbd9f748fb2eb51735732dfd2474b3aa796bb95a59ba21123e7e0c0,ARB/USDC,ARB,USDC,0.0625,Крупный альт,13661.6787,13661.6787,2516.4215,36416.8645,18.2084,3.3616,6.9497,10.4923,,,6.9497,0.0,0,,,,,,0.1842,0.3808,,,,,,,,,,7,,,,,,,,,,,,,,,,,True
42161:0xf4873a85b1a6824cb2364d87cebb96fe7ded5fc975b93faaf53e91eb835ef11f,Arbitrum,Uniswap v4,uniswapv4,0xf4873a85b1a6824cb2364d87cebb96fe7ded5fc975b93faaf53e91eb835ef11f,USDAI/USDC,USDAI,USDC,0.0012,Альт/мем (long-tail),13161.7979,13161.7979,28285.758,648401.0124,6.484,0.7844,2.5688,36.0837,,,2.5688,0.0,0,,,,,,2.1491,7.0377,,,,,,,,,,8,,,,,,,,,,,,,,,,,True
42161:0x7e34f5809149acb927470bcc270de60b9908cc9723b966abfb20c2ab4aa8c351,Arbitrum,Uniswap v4,uniswapv4,0x7e34f5809149acb927470bcc270de60b9908cc9723b966abfb20c2ab4aa8c351,ETH/ETHFI,ETH,ETHFI,1.099,Альт/мем (long-tail),11347.702,11347.702,1241.9404,7527.4339,75.2743,39.9471,34.5887,273.9334,,,34.5887,0.0,0,,,,,,0.1094,0.0948,,,,,,,,,,8,,,,,,,,,,,,,,,,,True
42161:0x53373bc103f898a5d3c872aae8f5fbbdfc57f2d59edc271ad9357af499f893ca,Arbitrum,Uniswap v4,uniswapv4,0x53373bc103f898a5d3c872aae8f5fbbdfc57f2d59edc271ad9357af499f893ca,CHIP/USDC,CHIP,USDC,1.099,Альт/мем (long-tail),10187.1044,10187.1044,3464.3369,13145.0,131.45,124.1258,67.2829,128.7971,,,67.2829,0.0,0,,,,,,0.3401,0.1843,,,,,,,,,,8,,,,,,,,,,,,,,,,высокий APR на микро-TVL,True
42161:0xf3d53f87e3f82ebbcb1f4a6c4226dd80cdfaa731,Arbitrum,Uniswap v2,uniswapv2,0xf3d53f87e3f82ebbcb1f4a6c4226dd80cdfaa731,LION/WETH,LION,WETH,0.3,Альт/мем (long-tail),546929.1056,546929.1056,4678.5267,62838.3802,188.5151,0.9367,1.7973,1.4415,1.5395,0.1709,1.4415,0.0,0,,,,,,0.0086,0.0164,0.7136,0.5799,6.3659,1.7973,1.0,0.2823,-4.9244,,-0.7035,7,0.7563,0.0603,,21.9395,,-33.8038,,-2.0904,-36.0386,45.5796,0.0,0.0,89.625,548551.6984,-0.2958,,False
42161:0x101ec16c4f919c22fc79d0b4f310bc87f7f941ae,Arbitrum,Uniswap v2,uniswapv2,0x101ec16c4f919c22fc79d0b4f310bc87f7f941ae,URANO/USDC,URANO,USDC,0.3,Альт/мем (long-tail),116558.3239,116558.3239,1578,9026.9497,27.0808,1.4824,1.2115,1.0862,1.774,0.4358,1.0862,0.0,0,,,,,,0.0135,0.0111,0.3511,0.401,1.5407,1.2115,1.0,0.7863,-0.4546,,-0.0568,8,1.7974,0.2057,,98.8869,,-2.1669,,-0.006,-8.1851,6.8621,0.0532,0.0596,90.0,,,,False
42161:0xb7e50106a5bd3cf21af210a755f9c8740890a8c9,Arbitrum,Sushi v2,sushiv2,0xb7e50106a5bd3cf21af210a755f9c8740890a8c9,MAGIC/WETH,MAGIC,WETH,0.3,Крупный альт,215418.6048,215418.6048,48992.8505,373559.6437,933.8991,20.7531,22.6054,11.8338,3.7229,1.1875,3.7229,0.0,0,,,,,,0.2274,0.2477,0.5923,0.9241,4.3854,22.6054,1.0,5.1547,-0.6625,,-0.0946,7,1.9303,0.1238,21.1025,44.738,21.0544,-8.3134,-0.4546,-0.0941,-31.9232,25.9465,0.0,0.0,90.0,216221.9711,-0.3715,,False
42161:0x905dfcd5649217c42684f23958568e533c711aa3,Arbitrum,Sushi v2,sushiv2,0x905dfcd5649217c42684f23958568e533c711aa3,WETH/USDC,WETH,USDC,0.3,Голубая фишка/стейбл,178663.3398,178663.3398,1461.6559,19076.4578,47.6911,0.7465,1.3919,2.0207,1.8085,0.7717,1.3919,0.0,0,,,,,,0.0082,0.0153,0.7825,0.6247,7.6536,1.3919,1.0,0.1819,-6.2617,,-0.8945,7,0.7233,0.0706,5.111,21.0353,10.2625,52.4741,-0.1192,-2.1837,-8.7219,29.9312,1723.4362,2787.6515,90.0,,,,False
42161:0x3221022e37029923ace4235d812273c5a42c322d,Arbitrum,Sushi v2,sushiv2,0x3221022e37029923ace4235d812273c5a42c322d,WETH/SUSHI,WETH,SUSHI,0.3,Крупный альт,47483.5973,47483.5973,1810.864,17126.0069,42.815,3.48,4.7016,6.5825,,,4.7016,0.0,0,,,,,,0.0381,0.0515,,,,4.7016,1.0,,,,,7,,,,,,,,,,,,,,,,,False
42161:0x62e158d97d0af1e9e1bd5bbcbe2b416e5bd65ff5,Arbitrum,Sushi v2,sushiv2,0x62e158d97d0af1e9e1bd5bbcbe2b416e5bd65ff5,EUIAI/USD₮0,EUIAI,USD₮0,0.3,Альт/мем (long-tail),38296.024,38296.024,101580.5197,101580.5197,253.9513,242.0414,34.5773,8.068,,,8.068,0.0,0,,,,,,2.6525,0.3789,,,,34.5773,1.0,,,,,8,,,,,,,,,,,,,,,,высокий APR на микро-TVL; разовый всплеск объёма,False
42161:0xc6962004f452be9203591991d15f6b388e09e8d0,Arbitrum,Uniswap v3,uniswapv3,0xc6962004f452be9203591991d15f6b388e09e8d0,WETH/USDC,WETH,USDC,0.05,Голубая фишка/стейбл,37096104.7506,37096104.7506,28275215.1604,297054286.9876,111395.3578,10.4328,15.6579,18.4528,14.2884,5.6901,14.2884,0.0,0,,,,13.827,,0.7622,1.144,0.5343,0.4649,3.5691,1.3962,11.2151,0.3912,-25.7389,,-8.5796,3,0.6206,0.0396,3.1333,7.299,10.5985,53.0604,-0.1267,-2.2229,-8.8391,25.0116,1720.4739,2790.092,90.0,37001680.9757,0.2552,,True
42161:0x2f5e87c9312fa29aed5c179e456625d79015299c,Arbitrum,Uniswap v3,uniswapv3,0x2f5e87c9312fa29aed5c179e456625d79015299c,WBTC/WETH,WBTC,WETH,0.05,ETH/BTC,36435974.0177,36435974.0177,12081462.5232,108393602.5206,40647.6009,4.5385,5.817,8.4433,6.8517,3.2344,5.817,0.0,0,,,,5.7292,,0.3316,0.425,0.2259,0.2112,0.6377,0.2513,23.1501,0.394,-8.9462,,-4.4731,2,0.7966,0.06,-4.2286,14.96,-2.1788,-11.0671,-0.0061,-0.1717,-16.4111,11.7273,30.2368,36.1733,90.0,36413375.4612,0.0621,,True
42161:0x0e4831319a50228b9e450861297ab92dee15b44f,Arbitrum,Uniswap v3,uniswapv3,0x0e4831319a50228b9e450861297ab92dee15b44f,WBTC/USDC,WBTC,USDC,0.05,Голубая фишка/стейбл,8037861.0793,8037861.0793,6397377.8408,67753661.9676,25407.6233,10.894,16.4823,17.2867,12.6824,5.0202,12.6824,0.0,0,,,,14.1736,,0.7959,1.2042,0.4074,0.3264,2.075,0.9634,17.1082,0.4643,-22.8168,,-5.7042,4,0.6676,0.0796,-15.732,-10.534,7.8696,35.7673,-0.0717,-1.1574,-7.5736,21.4244,61591.5544,87085.6662,90.0,8038933.7945,-0.0133,,True
42161:0x641c00a822e8b671738d32a431a4fb6074e5c79d,Arbitrum,Uniswap v3,uniswapv3,0x641c00a822e8b671738d32a431a4fb6074e5c79d,WETH/USD₮0,WETH,USD₮0,0.05,Голубая фишка/стейбл,6444291.0545,6444291.0545,3080646.0267,29388987.8688,11020.8705,6.5432,8.9173,11.1474,8.2587,3.4671,8.2587,0.0,0,,,,8.677,,0.478,0.6515,0.5292,0.4369,3.5005,1.2612,7.0707,0.3603,-16.4926,,-4.1231,4,0.7213,0.0303,-2.1246,3.7806,10.7779,52.9096,-0.1308,-2.2128,-8.7949,25.4962,1721.5932,2790.0105,90.0,6439227.8173,0.0786,,True
42161:0xc473e2aee3441bf9240be85eb122abb059a3b57c,Arbitrum,Uniswap v3,uniswapv3,0xc473e2aee3441bf9240be85eb122abb059a3b57c,WETH/USDC,WETH,USDC,0.3,Голубая фишка/стейбл,5705323.5133,5705323.5133,461042.9296,5671530.91,14178.8273,7.3738,12.9585,20.9549,16.3854,5.4388,12.9585,0.0,0,,,,8.8278,,0.0808,0.142,0.5784,0.5492,4.1819,1.4506,8.9331,0.3469,-24.3993,,-4.8799,5,0.9653,0.0886,5.3267,-3.82,10.8817,53.144,-0.1332,-2.2285,-8.6174,29.4956,1717.2003,2794.3886,90.0,5702793.5045,0.0444,,True
42161:0x5969efdde3cf5c0d9a88ae51e47d721096a97203,Arbitrum,Uniswap v3,uniswapv3,0x5969efdde3cf5c0d9a88ae51e47d721096a97203,WBTC/USD₮0,WBTC,USD₮0,0.05,Голубая фишка/стейбл,4164592.3731,4164592.3731,2156780.2727,22091998.5193,8284.4995,7.0886,10.3726,12.0291,10.5901,3.888,10.3726,0.0,0,,,,9.2098,,0.5179,0.7578,0.4034,0.3388,2.0345,0.8956,11.582,0.4402,-13.1913,,-3.2978,4,0.681,0.2828,-9.5393,-50.565,8.1717,36.0411,-0.0771,-1.1726,-7.5013,20.1659,61625.9458,87093.0804,90.0,4166131.5915,-0.0369,,True
42161:0x80a9ae39310abf666a87c743d6ebbd0e8c42158e,Arbitrum,Uniswap v3,uniswapv3,0x80a9ae39310abf666a87c743d6ebbd0e8c42158e,WETH/GMX,WETH,GMX,1.0,Крупный альт,2817269.8563,2817269.8563,1273.4253,5310.5188,44.2543,0.1375,0.0819,0.2205,0.1031,0.023,0.0819,0.0,0,,,,0.1642,,0.0005,0.0003,0.8125,0.5456,8.2516,3.2529,0.0252,0.3942,-0.1259,,-0.021,6,2.3606,0.1068,12.2789,45.2174,-2.2939,6.5616,-0.0067,-0.0505,-19.971,21.6584,256.2637,345.1099,89.9167,2785060.6443,1.1565,,True
42161:0xc6f780497a95e246eb9449f5e4770916dcd6396a,Arbitrum,Uniswap v3,uniswapv3,0xc6f780497a95e246eb9449f5e4770916dcd6396a,WETH/ARB,WETH,ARB,0.05,Крупный альт,2042632.4764,2042632.4764,3446105.0544,34021241.7091,12757.9657,23.092,32.5676,74.0244,38.3814,10.7443,32.5676,0.0,0,,,,30.3006,,1.6871,2.3794,1.3508,1.111,22.8085,3.4813,9.3549,0.1526,-180.804,,-25.8291,7,0.9159,0.1687,32.931,29.7727,-26.7615,-41.1934,-1.2004,-3.4228,-61.7336,48.4077,10974.4859,28679.1419,90.0,2037482.8232,0.2527,,True
42161:0x468b88941e7cc0b88c1869d68ab6b570bcef62ff,Arbitrum,Uniswap v3,uniswapv3,0x468b88941e7cc0b88c1869d68ab6b570bcef62ff,WETH/LINK,WETH,LINK,0.3,Крупный альт,1333305.131,1333305.131,106479.253,2804773.6918,7011.9342,7.2873,27.4223,20.7012,13.242,4.7062,13.242,0.0,0,,,,8.699,,0.0799,0.3005,0.622,0.4417,4.8363,3.1181,8.7946,0.6447,-29.2908,,-4.8818,6,0.9667,0.1482,26.9529,55.338,-7.7619,-14.2127,-0.0815,-0.293,-26.181,19.1343,174.1818,235.9579,90.0,1332080.5777,0.0919,,True
42161:0x9b42809aaae8d088ee01fe637e948784730f0386,Arbitrum,Uniswap v3,uniswapv3,0x9b42809aaae8d088ee01fe637e948784730f0386,WBTC/CBBTC,WBTC,CBBTC,0.01,"Коррелир. (ETH/LST, BTC/BTC)",1288811.9284,1288811.9284,1173943.5001,6610536.1445,495.7902,2.4935,2.0059,2.8237,2.4467,1.1682,2.0059,0.0,0,,,,3.326,,0.9109,0.7327,0.0102,0.0129,0.0013,0.0006,3135.7511,0.064,-2.0883,,-0.6961,3,1.0264,0.3894,68.7505,155.9896,0.0957,-0.0743,-0.0,-0.0,-0.4177,0.2763,0.9967,1.0012,90.0,1281626.6554,0.5606,,True
42161:0xdbaeb7f0dfe3a0aafd798ccecb5b22e708f7852c,Arbitrum,Uniswap v3,uniswapv3,0xdbaeb7f0dfe3a0aafd798ccecb5b22e708f7852c,PENDLE/WETH,PENDLE,WETH,0.3,Крупный альт,1168947.8062,1168947.8062,220106.0342,1939748.1129,4849.3703,17.1818,21.6314,39.7376,26.5726,8.6139,21.6314,0.0,0,,,,20.6166,,0.1883,0.2371,0.7452,0.756,6.9419,4.2186,5.1276,0.6077,-13.9635,,-2.7927,5,0.6414,0.1315,4.8533,19.7357,15.6497,10.5867,-0.2637,-0.1264,-30.5231,27.468,0.0006,0.0011,90.0,1165337.3428,0.3098,,True
42161:0xbe3ad6a5669dc0b8b12febc03608860c31e2eef6,Arbitrum,Uniswap v3,uniswapv3,0xbe3ad6a5669dc0b8b12febc03608860c31e2eef6,USDC/USD₮0,USDC,USD₮0,0.01,Стейбл/стейбл,1158289.7917,1158289.7917,1117449.8365,8462096.7951,634.6573,2.641,2.857,3.9689,2.731,0.9459,2.731,0.0,0,,,,3.521,,0.9647,1.0437,0.0033,0.0036,0.0001,0.0005,5707.7991,0.0501,1.9333,,0.6444,3,1.0117,0.2797,-16.527,-51.9673,0.0517,-0.0361,-0.0,-0.0,-0.1623,0.087,0.9996,1.0012,90.0,1157058.0454,0.1065,,True
42161:0xc31e54c7a869b9fcbecc14363cf510d1c41fa443,Arbitrum,Uniswap v3,uniswapv3,0xc31e54c7a869b9fcbecc14363cf510d1c41fa443,WETH/USDC,WETH,USDC,0.05,Голубая фишка/стейбл,1118511.7139,1118511.7139,148740.3248,1685737.8225,632.1517,1.8202,2.947,4.363,3.8061,1.525,2.947,0.0,0,,,,2.4197,,0.133,0.2153,0.5343,0.469,3.5681,1.253,2.3519,0.3512,-5.445,,-1.3613,4,0.6841,0.0795,1.1231,19.5905,10.7611,52.9936,-0.1304,-2.2184,-8.8144,24.9828,1719.8545,2790.7644,90.0,1118195.3343,0.0283,,True
42161:0xe5cf22ee4988d54141b77050967e1052bd9c7f7a,Arbitrum,Uniswap v3,uniswapv3,0xe5cf22ee4988d54141b77050967e1052bd9c7f7a,MOR/WETH,MOR,WETH,0.3,Альт/мем (long-tail),1074953.2262,1074953.2262,7844.9261,135970.3166,339.9258,0.6659,1.6489,2.0214,0.956,0.3602,0.956,0.0,0,,,,0.8018,,0.0073,0.0181,0.6428,0.495,5.1645,1.6347,1.0087,0.3165,-4.2534,,-0.6076,7,0.9473,0.0561,-11.9999,-2.3185,-37.8046,-60.3302,-2.7543,-9.8102,-63.0481,46.9262,0.0005,0.0013,90.0,1074827.2853,0.0117,,True
42161:0x35218a1cbac5bbc3e57fd9bd38219d37571b3537,Arbitrum,Uniswap v3,uniswapv3,0x35218a1cbac5bbc3e57fd9bd38219d37571b3537,WSTETH/WETH,WSTETH,WETH,0.01,"Коррелир. (ETH/LST, BTC/BTC)",1039596.5388,1039596.5388,243596.9507,2677807.8241,200.8356,0.6414,1.0073,0.6949,0.7403,0.2595,0.6949,0.0,0,,,,0.8548,,0.2343,0.368,0.0029,0.0053,0.0001,0.0004,2480.5882,0.0406,0.4383,,0.1461,3,1.5549,0.3344,1.25,83.8434,0.2003,0.5273,-0.0001,-0.0003,-0.0997,0.2806,1.2386,1.2452,89.9583,1038450.6273,0.1103,,True
42161:0x49340dbb8fb5ece2f9b594e77ab774e65725e9d8,Arbitrum,Uniswap v3,uniswapv3,0x49340dbb8fb5ece2f9b594e77ab774e65725e9d8,CHIP/USDC,CHIP,USDC,0.01,Альт/мем (long-tail),980555.2679,980555.2679,796655.7871,2261548.5218,169.6161,2.2241,0.902,1.9193,0.7763,0.1416,0.7763,0.0,0,,,,2.8453,,0.8125,0.3295,1.7056,1.3814,36.3647,,,,-58.8979,True,-6.5442,9,1.4941,0.0812,0.6655,,-13.6694,,-0.2695,,-41.1493,90.8906,0.0216,0.0599,81.9583,984289.3816,-0.3794,,True
42161:0x149e36e72726e0bcea5c59d40df2c43f60f5a22d,Arbitrum,Uniswap v3,uniswapv3,0x149e36e72726e0bcea5c59d40df2c43f60f5a22d,WBTC/WETH,WBTC,WETH,0.3,ETH/BTC,836790.451,836790.451,18975.1153,216189.2295,540.4731,2.0692,3.3678,4.9659,4.3402,1.483,3.3678,0.0,0,,,,2.0792,,0.0227,0.0369,0.2373,0.2426,0.704,0.3055,11.0253,0.4339,-4.3938,,-0.8788,5,0.9323,0.0825,10.6569,30.7035,-2.053,-11.2708,-0.0054,-0.1785,-15.9885,14.373,30.2828,36.0459,90.0,836365.3215,0.0508,,True
42161:0xa95b0f5a65a769d82ab4f3e82842e45b8bbaf101,Arbitrum,Uniswap v3,uniswapv3,0xa95b0f5a65a769d82ab4f3e82842e45b8bbaf101,CRV/WETH,CRV,WETH,0.3,Крупный альт,568224.2719,568224.2719,148020.7329,1720922.1315,4302.3053,23.7704,39.4799,31.8719,26.5909,7.9568,26.5909,0.0,0,,,,28.6679,,0.2605,0.4327,0.8384,0.8651,8.7869,9.657,4.0882,1.099,-9.3319,,-1.5553,6,0.7822,0.2049,16.6444,73.0397,-5.4804,17.653,-0.0397,-0.3295,-25.1164,24.975,0.0001,0.0002,90.0,566120.2687,0.3717,,True
42161:0x50e7b9293aef80c304234e86c84a01be8401c530,Arbitrum,Uniswap v3,uniswapv3,0x50e7b9293aef80c304234e86c84a01be8401c530,PENDLE/USD₮0,PENDLE,USD₮0,0.3,Крупный альт,566549.5904,566549.5904,183303.4681,1757917.2486,4394.7932,29.5233,40.4478,54.256,49.2963,15.1719,40.4478,0.0,0,,,,35.1193,,0.3235,0.4433,0.929,0.9334,10.7875,4.0883,9.8935,0.379,-66.2785,,-9.4684,7,0.5983,0.1024,-9.1344,36.6241,28.1499,69.1234,-0.7641,-3.3548,-24.8134,63.4683,1.2554,2.771,90.0,565468.1845,0.1912,,True
42161:0xd13040d4fe917ee704158cfcb3338dcd2838b245,Arbitrum,Uniswap v3,uniswapv3,0xd13040d4fe917ee704158cfcb3338dcd2838b245,RAIN/WETH,RAIN,WETH,0.01,Альт/мем (long-tail),541527.5948,541527.5948,343932.3223,6000925.1271,450.0695,1.7386,4.3336,5.3512,2.7464,1.5894,2.7464,0.0,0,,,,2.355,,0.6351,1.5831,0.8632,0.871,9.314,2.6409,1.641,0.2835,-12.5377,,-1.3931,9,0.8522,0.4903,-66.1657,-41.4211,-32.1568,-46.4999,-1.8525,-4.6987,-56.7719,45.263,0.0,0.0,90.0,535936.5141,1.0432,отток TVL > 50% за 30д,True
42161:0xe9e6b9aaafaf6816c3364345f6ef745ccfc8660a,Arbitrum,Uniswap v3,uniswapv3,0xe9e6b9aaafaf6816c3364345f6ef745ccfc8660a,WBTC/TBTC,WBTC,TBTC,0.05,"Коррелир. (ETH/LST, BTC/BTC)",485563.213,485563.213,14472.8675,35269.5184,13.2261,0.408,0.142,0.397,0.187,0.0,0.142,0.0,0,,,,0.541,,0.0298,0.0104,0.0124,0.0083,0.0019,0.0005,264.3816,0.0537,-0.3651,,-0.0913,4,1.5385,0.0625,12.6866,7.3561,0.126,-0.1269,-0.0,-0.0,-0.4383,0.2644,0.9978,1.0022,90.0,486392.9173,-0.1706,,True
42161:0xc24f7d8e51a64dc1238880bd00bb961d54cbeb29,Arbitrum,Uniswap v3,uniswapv3,0xc24f7d8e51a64dc1238880bd00bb961d54cbeb29,WETH/UNI,WETH,UNI,0.3,Крупный альт,478954.3944,478954.3944,67641.8241,857990.1809,2144.9755,12.8871,23.3519,51.2999,36.1936,15.093,23.3519,0.0,0,,,,15.4198,,0.1412,0.2559,1.049,0.9137,13.7563,4.6335,5.0398,0.3368,-45.9767,,-6.5681,7,0.6494,0.2512,18.7438,86.0224,-22.0644,-46.2317,-0.7718,-4.6268,-58.7598,44.863,258.6227,627.1129,89.9583,478306.2273,0.1355,,True
42161:0xdd672b3b768a16b9bcb4ee1060d3e8221435beaa,Arbitrum,Uniswap v3,uniswapv3,0xdd672b3b768a16b9bcb4ee1060d3e8221435beaa,WETH/AAVE,WETH,AAVE,0.3,Крупный альт,468559.5616,468559.5616,72381.3909,1136270.867,2840.6772,14.096,31.612,20.1727,16.2212,5.6931,16.2212,0.0,0,,,,16.8174,,0.1545,0.3464,0.6987,0.5921,6.103,6.4711,4.8851,1.0603,-13.5925,,-1.9418,7,0.8282,0.2278,37.8037,91.2194,-18.7184,-19.1354,-0.5345,-0.5613,-38.8232,24.4612,14.7783,24.1568,90.0,468327.6925,0.0495,,True
42161:0xc82819f72a9e77e2c0c3a69b3196478f44303cf4,Arbitrum,Uniswap v3,uniswapv3,0xc82819f72a9e77e2c0c3a69b3196478f44303cf4,WETH/USD₮0,WETH,USD₮0,0.3,Голубая фишка/стейбл,367911.4954,367911.4954,29631.6864,310940.1695,777.3504,7.3493,11.0171,15.3352,11.6867,4.8091,11.0171,0.0,0,,,,8.8041,,0.0805,0.1207,0.6178,0.5154,4.7711,1.5979,6.8946,0.3349,-21.878,,-3.1254,7,1.0273,0.1311,28.2884,-8.6786,10.948,53.1227,-0.1348,-2.2271,-8.5861,29.5034,1727.5048,2795.0351,90.0,368217.5546,-0.0831,,True
42161:0xc6af8e73e2261264ef95466b97b13e03bd88165e,Arbitrum,Uniswap v3,uniswapv3,0xc6af8e73e2261264ef95466b97b13e03bd88165e,PENDLE/USDC,PENDLE,USDC,0.3,Крупный альт,357442.5753,357442.5753,49033.6171,555089.5412,1387.7238,12.5176,20.2438,28.9414,21.5857,8.1993,20.2438,0.0,0,,,,14.9056,,0.1372,0.2218,0.8577,0.9276,9.1962,7.0098,2.8879,0.7623,-6.3141,,-1.0523,6,0.5715,0.1468,14.2391,49.3629,28.3509,69.4916,-0.7737,-3.3818,-24.8425,62.8925,1.2537,2.7701,90.0,356347.7721,0.3072,,True
42161:0x91308bc9ce8ca2db82aa30c65619856cc939d907,Arbitrum,Uniswap v3,uniswapv3,0x91308bc9ce8ca2db82aa30c65619856cc939d907,WETH/LINK,WETH,LINK,0.05,Крупный альт,335831.7228,335831.7228,227499.5187,4010859.9554,1504.0725,9.2722,23.353,17.6541,10.7316,4.9754,10.7316,0.0,0,,,,12.3703,,0.6774,1.7062,0.5206,0.3915,3.3877,2.1805,10.7097,0.6437,-25.5492,,-5.1098,5,0.787,0.0934,4.7454,31.0401,-7.61,-14.2162,-0.0783,-0.2932,-26.0103,19.6676,174.5777,235.9488,90.0,335535.5022,0.0883,,True
42161:0x4fd47e5102dfbf95541f64ed6fe13d4ed26d2546,Arbitrum,Uniswap v3,uniswapv3,0x4fd47e5102dfbf95541f64ed6fe13d4ed26d2546,LPT/WETH,LPT,WETH,0.3,Альт/мем (long-tail),318268.8589,318268.8589,34755.9531,523853.3324,1309.6333,9.9648,21.4561,19.8857,17.1439,6.7457,17.1439,0.0,0,,,,11.8544,,0.1092,0.2351,0.6803,0.7095,5.7847,5.2935,4.0533,0.9151,-6.3029,,-0.7879,8,1.1622,0.1755,34.8672,143.4944,6.7671,-28.595,-0.0536,-1.4014,-40.8084,41.401,0.0005,0.0009,90.0,316885.653,0.4365,,True
42161:0x6433a2079638d8794b296d6fa5532d0f51c0e6bf,Arbitrum,Uniswap v3,uniswapv3,0x6433a2079638d8794b296d6fa5532d0f51c0e6bf,WBTC/RBTC,WBTC,RBTC,0.05,Альт/мем (long-tail),313569.1872,313569.1872,1273.1221,47807.0718,17.9277,0.0556,0.2981,0.4596,0.3276,0.0372,0.2981,0.0,0,,,,0.0741,,0.0041,0.0218,0.0324,0.0177,0.0131,,,,0.2766,True,0.0553,5,1.5414,0.0879,7.2557,34.5574,0.0776,-0.059,-0.0,-0.0,-0.4897,0.3407,0.9999,1.0058,90.0,316172.7344,-0.8235,,True
42161:0xcda53b1f66614552f834ceef361a8d12a0b8dad8,Arbitrum,Uniswap v3,uniswapv3,0xcda53b1f66614552f834ceef361a8d12a0b8dad8,ARB/USDC,ARB,USDC,0.05,Крупный альт,311229.9901,311229.9901,124981.7534,1804716.476,676.7687,5.4965,11.3384,22.276,5.9103,1.5536,5.9103,0.0,0,,,,7.2401,,0.4016,0.8284,1.4324,1.2286,25.6468,6.6559,1.7035,0.2595,-37.7793,,-4.7224,8,1.278,0.2462,0.3074,52.2206,50.8028,160.3744,-2.073,-10.448,-31.8371,175.9223,0.0724,0.2513,90.0,310351.8861,0.2829,,True
42161:0x15eb51a325cbce6c1cc8202a6f8a76224c5b7540,Arbitrum,Uniswap v3,uniswapv3,0x15eb51a325cbce6c1cc8202a6f8a76224c5b7540,ESP/USDC,ESP,USDC,0.01,Альт/мем (long-tail),307055.1187,307055.1187,304639.2725,2157176.5654,161.7882,2.716,2.7474,3.9144,2.5461,1.0814,2.5461,0.0,0,,,,3.6269,,0.9921,1.0036,1.2481,1.3826,19.471,,,,-29.4058,True,-2.9406,10,1.1679,0.1767,-45.4579,-39.1117,22.0199,65.0996,-0.493,-3.062,-48.1925,43.2157,0.0599,0.1155,90.0,307461.1202,-0.132,,True
42161:0x68ebadf62ee5acce5f8d64211d24b4710eeb2029,Arbitrum,Uniswap v3,uniswapv3,0x68ebadf62ee5acce5f8d64211d24b4710eeb2029,PEAR/WETH,PEAR,WETH,0.3,Альт/мем (long-tail),298318.6288,298318.6288,26232.6312,221250.1013,553.1252,8.0241,9.668,11.7071,3.0354,0.3866,3.0354,0.0,0,,,,9.5159,,0.0879,0.106,1.8842,2.589,44.38,,,,-69.7919,True,-7.7547,9,1.296,0.2627,68.5607,75.2945,137.4675,32.4284,-8.6728,-0.9781,-50.2952,81.5505,0.0,0.0,89.9167,300630.7362,-0.7691,,True
42161:0x17c14d2c404d167802b16c450d3c99f88f2c4f4d,Arbitrum,Uniswap v3,uniswapv3,0x17c14d2c404d167802b16c450d3c99f88f2c4f4d,WETH/USDC,WETH,USDC,0.3,Голубая фишка/стейбл,274719.9817,274719.9817,3296.7693,43651.4728,109.1287,1.095,2.0713,5.9742,7.0043,1.9958,2.0713,0.0,0,,,,1.3128,,0.012,0.0227,0.6528,0.5692,5.3263,,,,-45.5091,True,-6.5013,7,0.9012,0.0506,3.4163,14.8161,10.9473,53.3029,-0.1347,-2.2391,-8.5753,29.6559,1727.4117,2795.7752,90.0,274951.9293,-0.0844,,True
42161:0x0a36952fb8c8dc6daefb2fadb07c5212f560880e,Arbitrum,Uniswap v3,uniswapv3,0x0a36952fb8c8dc6daefb2fadb07c5212f560880e,USDC/GMX,USDC,GMX,1.0,Крупный альт,238617.9323,238617.9323,9678.6713,50345.4126,419.5451,12.3374,9.1679,10.1145,9.3397,4.604,9.1679,0.0,0,,,,14.7537,,0.0406,0.0301,0.8418,0.6342,8.8588,,,,-35.4786,True,-4.4348,8,1.0166,0.0835,7.0033,37.4647,-11.3417,-31.1432,-0.1809,-1.7155,-35.2895,38.1892,0.1164,0.1799,89.5,240295.5493,-0.6981,,True
42161:0x6985cb98ce393fce8d6272127f39013f61e36166,Arbitrum,Uniswap v3,uniswapv3,0x6985cb98ce393fce8d6272127f39013f61e36166,WBTC/USDC,WBTC,USDC,0.3,Голубая фишка/стейбл,231551.5184,231551.5184,25552.7036,193382.3917,483.456,10.0698,10.8869,12.6503,10.1445,4.3534,10.1445,0.0,0,,,,11.5037,,0.1104,0.1193,0.4953,0.3833,3.0669,,,,-17.2522,True,-2.8754,6,0.7728,0.059,0.3816,-7.5719,8.2279,36.1265,-0.0781,-1.1773,-7.54,20.0222,61826.7,87028.6918,89.8333,231592.8393,-0.0178,,True
42161:0xb043c4e0d476832f9bde5bd66fafa1bd3c0a8dbb,Arbitrum,Uniswap v3,uniswapv3,0xb043c4e0d476832f9bde5bd66fafa1bd3c0a8dbb,UNISHOP.AI/USD₮0,UNISHOP.AI,USD₮0,1.0,Альт/мем (long-tail),217401.4021,217401.4021,2300.44,5286.1838,44.0515,3.2185,1.0566,0.6244,0.3677,0.1128,0.3677,0.0,0,,,,1.9271,,0.0106,0.0035,3.0829,6.32,118.7998,,,,-194.5822,True,-19.4582,10,1.0555,0.1122,-25.8784,-32.7344,30.1237,207.6879,-0.8605,-13.9487,-54.5159,64.0107,0.1402,0.6332,89.9583,,,разовый всплеск объёма,True
42161:0x32a5746ba6826828716cc1a394bc33301ebc7656,Arbitrum,Uniswap v3,uniswapv3,0x32a5746ba6826828716cc1a394bc33301ebc7656,LINK/USD₮0,LINK,USD₮0,0.3,Крупный альт,208310.2521,208310.2521,15796.1706,432859.7446,1082.1494,6.9195,27.0877,21.3052,13.8972,6.9052,13.8972,0.0,0,,,,8.2695,,0.0758,0.2969,0.8582,0.6765,9.2065,,,,-32.5018,True,-4.6431,7,0.753,0.1019,9.762,34.0629,19.9348,78.3015,-0.4116,-4.0396,-19.9812,35.1437,7.5629,15.323,90.0,208239.1976,0.0341,,True
42161:0x23d17764f41aea93fdbb5beffa83571f0bf3f8b2,Arbitrum,Uniswap v3,uniswapv3,0x23d17764f41aea93fdbb5beffa83571f0bf3f8b2,PEAS/WETH,PEAS,WETH,1.0,Альт/мем (long-tail),207919.4501,207919.4501,1652.487,40127.7715,334.3981,2.4174,8.3862,4.7563,2.7585,0.6397,2.7585,0.0,0,,,,2.8452,,0.0079,0.0276,1.5999,0.813,31.996,,,,-49.7467,True,-4.9747,10,1.5275,0.1286,0.0489,136.2945,-12.5273,99.8909,-0.2235,-5.7105,-27.8277,54.5842,0.0003,0.001,89.875,210962.2438,-1.4423,,True
42161:0x53d3e59faac08184720bcb2816f4cf5b36d6767d,Arbitrum,Uniswap v3,uniswapv3,0x53d3e59faac08184720bcb2816f4cf5b36d6767d,WETH/NST,WETH,NST,0.3,Альт/мем (long-tail),205026.4555,205026.4555,33489.609,151550.7597,378.8769,14.905,9.6357,9.1658,6.247,2.9489,6.247,0.0,0,,,,17.6417,,0.1633,0.1056,0.5197,0.8416,3.3759,,,,0.7072,True,0.0884,8,0.8545,0.143,15.49,46.7054,-5.9895,14.2252,-0.0477,-0.2207,-17.5095,22.6666,1368.1672,1999.9108,89.9583,205060.8737,-0.0168,,True
42161:0x3db70832f48f8c01ee041671f7bb1cfaa2677584,Arbitrum,Uniswap v3,uniswapv3,0x3db70832f48f8c01ee041671f7bb1cfaa2677584,USDC/AAVE,USDC,AAVE,0.3,Крупный альт,205003.2532,205003.2532,27433.701,551811.1327,1379.5279,12.2111,35.0885,28.8568,27.588,12.2301,27.588,0.0,0,,,,14.7717,,0.1338,0.3845,0.9086,0.7655,10.3202,,,,-24.4235,True,-3.0529,8,0.703,0.093,28.3333,20.9385,-26.7993,-47.3376,-1.2043,-4.929,-53.506,42.726,0.0054,0.0117,90.0,205081.4219,-0.0381,,True
42161:0x928e5328036180d1587a97c55b75b3ea5ca0f348,Arbitrum,Uniswap v3,uniswapv3,0x928e5328036180d1587a97c55b75b3ea5ca0f348,RHOOD/USDC,RHOOD,USDC,0.05,Альт/мем (long-tail),199731.4105,199731.4105,1444.1964,50723.9157,19.0215,0.099,0.4966,1.2324,0.6512,0.1959,0.4966,0.0,0,,,,0.1203,,0.0072,0.0363,0.586,0.6096,4.292,,,,-6.5465,True,-0.7274,9,2.7388,0.0192,,,,,,,-11.0672,11.4888,103.8776,126.251,19.9583,,,пул моложе 3 недель,True
42161:0xb08a8794a5d3ccca3725d92964696858d3201909,Arbitrum,Uniswap v3,uniswapv3,0xb08a8794a5d3ccca3725d92964696858d3201909,PENDLE/WETH,PENDLE,WETH,0.05,Крупный альт,198325.7118,198325.7118,101910.78,891476.4943,334.3037,7.0334,8.7894,12.0712,10.085,3.7024,8.7894,0.0,0,,,,9.3128,,0.5139,0.6421,0.6809,0.7138,5.796,,,,-20.4213,True,-2.9173,7,0.7406,0.1732,27.5986,52.5379,15.6627,10.21,-0.2641,-0.118,-30.5775,28.56,0.0006,0.0011,90.0,197627.3092,0.3534,,True
42161:0x18c3fbfd0178113875792659e3207a5f895e0fee,Arbitrum,Uniswap v3,uniswapv3,0x18c3fbfd0178113875792659e3207a5f895e0fee,RCRCL/USDC,RCRCL,USDC,0.05,Альт/мем (long-tail),197096.035,197096.035,1057.6384,47583.3838,17.8438,0.0734,0.4721,0.482,0.7167,0.0727,0.4721,0.0,0,,,,0.0856,,0.0054,0.0345,0.6806,0.6446,5.7907,,,,-9.0305,True,-1.0034,9,0.7776,0.1195,,,,,,,-15.8536,10.7006,79.4564,97.1929,19.0417,,,пул моложе 3 недель,True
42161:0xaebdca1bc8d89177ebe2308d62af5e74885dccc3,Arbitrum,Uniswap v3,uniswapv3,0xaebdca1bc8d89177ebe2308d62af5e74885dccc3,ARB/USDC,ARB,USDC,0.3,Крупный альт,189493.7992,189493.7992,57549.3249,693126.1238,1732.8153,27.7127,47.6817,83.9562,15.277,3.6551,15.277,0.0,0,,,,32.7745,,0.3037,0.5225,1.4774,1.3656,27.2839,,,,-122.228,True,-12.2228,10,1.7049,0.4251,-71.7183,-51.0487,50.196,160.125,-2.0332,-10.4289,-31.8927,159.2301,0.0723,0.2512,90.0,188930.75,0.298,отток TVL > 50% за 30д,True
42161:0x92c63d0e701caae670c9415d91c474f686298f00,Arbitrum,Uniswap v3,uniswapv3,0x92c63d0e701caae670c9415d91c474f686298f00,WETH/ARB,WETH,ARB,0.3,Крупный альт,187043.4024,187043.4024,35941.079,317142.2953,792.8558,17.534,22.1028,42.8018,19.7495,0.6692,19.7495,0.0,0,,,,20.77,,0.1922,0.2422,1.526,1.3177,29.1094,,,,-126.9557,True,-14.1062,9,0.989,0.3318,2.3528,61.5318,-26.5438,-41.1935,-1.1778,-3.4229,-61.3675,49.9738,10962.6135,28376.6803,89.875,186983.2389,0.0322,,True
42161:0x076994463d511adbe0c113b93dcb084a839b0d80,Arbitrum,Uniswap v3,uniswapv3,0x076994463d511adbe0c113b93dcb084a839b0d80,WBTC/EVA,WBTC,EVA,0.3,Альт/мем (long-tail),173260.5554,173260.5554,16181.9818,650024.7817,1625.0619,8.5225,48.9063,59.9606,46.1064,8.5225,46.1064,0.0,0,,,,10.2881,,0.0934,0.536,0.146,0.2922,0.2663,,,,45.6694,True,6.5242,7,1.0576,0.2286,19.7182,101.5557,0.2405,-2.9556,-0.0001,-0.0113,-5.4979,3.07,1812.4973,1917.944,89.9167,174249.0336,-0.5673,,True
42161:0x6f38e884725a116c9c7fbf208e79fe8828a2595f,Arbitrum,Uniswap v3,uniswapv3,0x6f38e884725a116c9c7fbf208e79fe8828a2595f,WETH/USDC,WETH,USDC,0.01,Голубая фишка/стейбл,160352.2897,160352.2897,205501.5645,2103099.5508,157.7325,3.5083,5.1291,33.7628,3.0067,0.503,3.0067,0.0,0,,,,4.6304,,1.2816,1.8736,0.5374,0.4401,3.6101,,,,-29.243,True,-4.1776,7,1.308,0.4953,-25.9456,32.854,10.58,53.1019,-0.1263,-2.2257,-8.9008,24.3719,1719.6871,2789.7464,90.0,,,,True
42161:0x1aeedd3727a6431b8f070c0afaa81cc74f273882,Arbitrum,Uniswap v3,uniswapv3,0x1aeedd3727a6431b8f070c0afaa81cc74f273882,WETH/GMX,WETH,GMX,0.3,Крупный альт,145665.3548,145665.3548,97522.9537,350705.7727,876.7644,61.0919,31.385,38.6443,36.7867,20.7446,31.385,0.0,0,,,,73.185,,0.6695,0.3439,0.7201,0.6109,6.4814,,,,-1.2798,True,-0.16,8,0.8232,0.1262,1.3063,51.8461,-2.7338,6.2691,-0.0096,-0.0462,-21.5066,20.317,254.2863,346.931,90.0,146230.081,-0.3862,,True
42161:0x3361639d2847c58a52393556b51ff579314e83cc,Arbitrum,Uniswap v3,uniswapv3,0x3361639d2847c58a52393556b51ff579314e83cc,USDC/MXNB,USDC,MXNB,0.05,Альт/мем (long-tail),143960.6414,143960.6414,98663.2829,567923.4862,212.9713,9.3807,7.7139,3.3028,1.1735,0.0011,1.1735,0.0,0,,,,12.4968,,0.6853,0.5636,0.135,0.0885,0.2279,,,,0.7996,True,0.1142,7,1.3395,0.0609,-2.9098,-2.5611,7.8105,4.3657,-0.0707,-0.0228,-3.9106,5.5996,16.8756,18.2446,89.9167,,,,True
42161:0xa79fd76ca2b24631ec3151f10c0660a30bc946e7,Arbitrum,Uniswap v3,uniswapv3,0xa79fd76ca2b24631ec3151f10c0660a30bc946e7,WBTC/LINK,WBTC,LINK,0.3,Крупный альт,143605.0194,143605.0194,8376.8068,222978.6688,557.4467,5.3228,20.2408,14.0687,10.7917,3.6107,10.7917,0.0,0,,,,6.0516,,0.0583,0.2218,0.6725,0.531,5.6527,,,,-17.6968,True,-2.2121,8,0.9136,0.2526,82.0544,92.8074,-10.0467,-23.7355,-0.14,-0.9108,-34.0099,21.4007,5411.6517,8200.7064,89.8333,,,,True
42161:0x05477c22a5349cee601500da0489dad137fd6bfa,Arbitrum,Uniswap v3,uniswapv3,0x05477c22a5349cee601500da0489dad137fd6bfa,USDC/UNI,USDC,UNI,0.3,Крупный альт,131055.7336,131055.7336,42041.6535,731320.2612,1828.3007,29.2723,72.7422,81.0689,64.7773,25.6274,64.7773,0.0,0,,,,35.2946,,0.3208,0.7972,1.2165,1.0624,18.4977,,,,-28.4471,True,-3.5559,8,0.6778,0.3107,68.0608,99.0337,-29.3677,-64.8748,-1.4922,-12.2791,-70.5906,59.5255,0.0931,0.3167,89.9583,130835.0234,0.1687,,True
42161:0x689c96ceab93f5e131631d225d75dea3fd37747e,Arbitrum,Uniswap v3,uniswapv3,0x689c96ceab93f5e131631d225d75dea3fd37747e,WBTC/ARB,WBTC,ARB,0.3,Крупный альт,130270.2198,130270.2198,80027.2829,711134.9328,1777.8373,56.0565,71.1609,812.1408,25.7533,6.3329,25.7533,0.0,0,,,,64.7522,,0.6143,0.7798,1.4227,1.253,25.3019,,,,-101.7627,True,-10.1763,10,4.759,0.7763,-94.9736,-96.1472,-29.2455,-47.6504,-1.4776,-5.0171,-62.5306,51.0818,342152.2203,913150.4079,89.9583,130014.9235,0.1964,отток TVL > 50% за 30д,True
42161:0xa961f0473da4864c5ed28e00fcc53a3aab056c1b,Arbitrum,Uniswap v3,uniswapv3,0xa961f0473da4864c5ed28e00fcc53a3aab056c1b,WETH/DAI,WETH,DAI,0.3,Голубая фишка/стейбл,129279.6632,129279.6632,3684.9603,51682.2507,129.2056,2.601,5.2113,9.8547,9.0518,3.7694,5.2113,0.0,0,,,,3.1136,,0.0285,0.0571,0.7498,0.5719,7.0282,,,,-57.5725,True,-7.1966,8,0.865,0.3412,-27.7004,34.6842,10.9588,53.3535,-0.135,-2.2425,-12.8703,29.3697,1727.3729,2795.0465,90.0,,,,True
42161:0x92fd143a8fa0c84e016c2765648b9733b0aa519e,Arbitrum,Uniswap v3,uniswapv3,0x92fd143a8fa0c84e016c2765648b9733b0aa519e,WETH/ARB,WETH,ARB,1.0,Крупный альт,129223.0803,129223.0803,13446.4736,86270.5651,718.9214,31.6505,29.0092,41.4039,31.1488,2.0701,29.0092,0.0,0,,,,37.9205,,0.1041,0.0954,1.6839,1.3852,35.4444,,,,-149.6231,True,-16.6248,9,1.0599,0.2905,25.7432,51.7208,-26.89,-41.1838,-1.2138,-3.4208,-61.5212,64.7483,10944.7359,28443.5823,89.8333,,,,True
42161:0x42fc852a750ba93d5bf772ecdc857e87a86403a9,Arbitrum,Uniswap v3,uniswapv3,0x42fc852a750ba93d5bf772ecdc857e87a86403a9,WETH/USDC,WETH,USDC,1.0,Голубая фишка/стейбл,123807.7542,123807.7542,6163.8389,59715.8104,497.6318,15.1431,20.9583,21.7643,11.9093,1.7321,11.9093,0.0,0,,,,17.9591,,0.0498,0.0689,0.6432,0.4293,5.1707,,,,-34.2811,True,-4.2851,8,1.4145,0.4092,95.3878,97.3477,10.2818,52.7285,-0.1196,-2.2007,-8.596,29.4649,1729.2697,2779.3504,89.9583,,,,True
42161:0xdaf544bcab17e2dcd293c3af28e67c7e8b5a49ee,Arbitrum,Uniswap v3,uniswapv3,0xdaf544bcab17e2dcd293c3af28e67c7e8b5a49ee,SOL/WETH,SOL,WETH,0.3,Крупный альт,116997.3574,116997.3574,10886.6327,238807.8479,597.0196,8.4908,26.6077,38.0615,33.5158,7.209,26.6077,0.0,0,,,,10.1722,,0.0931,0.2916,0.4447,0.3651,2.4715,,,,14.152,True,2.0217,7,0.8203,0.3101,58.2417,143.6663,6.7521,-2.8663,-0.0533,-0.0106,-18.8171,10.8238,0.0372,0.0458,90.0,,,,True
42161:0x50450351517117cb58189edba6bbad6284d45902,Arbitrum,Uniswap v3,uniswapv3,0x50450351517117cb58189edba6bbad6284d45902,USDS/USDC,USDS,USDC,0.05,Стейбл/стейбл,110884.9871,110884.9871,3265.055,82266.0672,30.8498,0.403,1.4507,1.251,0.4091,0.0993,0.4091,0.0,0,,,,0.5379,,0.0294,0.106,0.0179,0.057,0.004,,,,-22.5066,True,-4.5013,5,1.7707,0.0015,0.1389,0.1153,0.1251,0.0326,-0.0,-0.0,-0.6047,0.4689,0.9962,1.0039,89.875,,,,True
42161:0x09ba302a3f5ad2bf8853266e271b005a5b3716fe,Arbitrum,Uniswap v3,uniswapv3,0x09ba302a3f5ad2bf8853266e271b005a5b3716fe,WETH/RETH,WETH,RETH,0.05,"Коррелир. (ETH/LST, BTC/BTC)",109457.0847,109457.0847,7935.1833,59498.5533,22.312,0.9923,1.0629,2.5442,1.2759,0.009,1.0629,0.0,0,,,,1.3158,,0.0725,0.0777,0.0083,0.027,0.0009,,,,-1.0903,True,-0.2181,5,1.6946,0.26,,81.3015,,-0.2355,,-0.0001,-0.5004,0.3424,0.8552,0.8598,89.7917,,,,True
42161:0x7cf803e8d82a50504180f417b8bc7a493c0a0503,Arbitrum,Uniswap v3,uniswapv3,0x7cf803e8d82a50504180f417b8bc7a493c0a0503,USDC/DAI,USDC,DAI,0.01,Стейбл/стейбл,102173.4357,102173.4357,39415.6052,618689.6624,46.4017,1.056,2.3681,2.9205,1.9417,0.4503,1.9417,0.0,0,,,,1.4039,,0.3858,0.865,0.0013,0.0396,0.0,,,,1.8153,True,0.3631,5,1.1674,0.0521,-4.7501,-17.5857,0.0118,0.0098,-0.0,-0.0,-1.0362,1.0134,0.9899,1.0008,90.0,,,,True
42161:0x97bca422ec0ee4851f2110ea743c1cd0a14835a1,Arbitrum,Uniswap v3,uniswapv3,0x97bca422ec0ee4851f2110ea743c1cd0a14835a1,ARB/USD₮0,ARB,USD₮0,0.3,Крупный альт,94837.4073,94837.4073,14700.3232,206470.6202,516.1766,14.1443,28.3801,60.0391,,,28.3801,0.0,0,,,,16.7586,,0.155,0.311,,,,,,,,,,7,,,,,,,,,,,,,,,,,True
42161:0x7f580f8a02b759c350e6b8340e7c2d4b8162b6a9,Arbitrum,Uniswap v3,uniswapv3,0x7f580f8a02b759c350e6b8340e7c2d4b8162b6a9,DAI/USD₮0,DAI,USD₮0,0.01,Стейбл/стейбл,94711.5962,94711.5962,82864.7826,1126944.7399,84.5209,2.3951,4.6532,5.4296,,,4.6532,0.0,0,,,,3.1943,,0.8749,1.6998,,,,,,,,,,7,,,,,,,,,,,,,,,,,True
42161:0xcb198a55e2a88841e855be4eacaad99422416b33,Arbitrum,Uniswap v3,uniswapv3,0xcb198a55e2a88841e855be4eacaad99422416b33,TBTC/WETH,TBTC,WETH,0.05,ETH/BTC,94416.9733,94416.9733,17608.1392,155432.5168,58.2872,2.5526,3.219,4.7161,,,3.219,0.0,0,,,,3.1742,,0.1865,0.2352,,,,,,,,,,7,,,,,,,,,,,,,,,,,True
42161:0x3b7c8de2cf66059b85025f170b58cad84d361fe1,Arbitrum,Uniswap v3,uniswapv3,0x3b7c8de2cf66059b85025f170b58cad84d361fe1,SOL/USDC,SOL,USDC,1.0,Крупный альт,92168.2196,92168.2196,2071.0414,40902.9881,340.8582,6.8347,19.2836,43.7755,,,19.2836,0.0,0,,,,8.1983,,0.0225,0.0634,,,,,,,,,,7,,,,,,,,,,,,,,,,,True
42161:0xb0f6ca40411360c03d41c5ffc5f179b8403cdcf8,Arbitrum,Uniswap v3,uniswapv3,0xb0f6ca40411360c03d41c5ffc5f179b8403cdcf8,ARB/USDC,ARB,USDC,0.05,Крупный альт,91009.9224,91009.9224,18798.7388,269460.311,101.0476,2.8272,5.7894,9.8782,,,5.7894,0.0,0,,,,3.7391,,0.2066,0.423,,,,,,,,,,7,,,,,,,,,,,,,,,,,True
42161:0x4cef551255ec96d89fec975446301b5c4e164c59,Arbitrum,Uniswap v3,uniswapv3,0x4cef551255ec96d89fec975446301b5c4e164c59,ZRO/WETH,ZRO,WETH,0.3,Крупный альт,89525.6698,89525.6698,48751.2744,632892.1725,1582.2304,49.6903,92.1546,57.1007,,,57.1007,0.0,0,,,,59.043,,0.5446,1.0099,,,,,,,,,,7,,,,,,,,,,,,,,92076.9139,-2.7708,,True
42161:0x1186b18a85250ef23bafb3a2382b169b4f8e5d60,Arbitrum,Uniswap v3,uniswapv3,0x1186b18a85250ef23bafb3a2382b169b4f8e5d60,EDGE/USDC,EDGE,USDC,0.3,Альт/мем (long-tail),88908.06,88908.06,3045.7286,35204.7026,88.0118,3.126,5.1617,11.5079,,,5.1617,0.0,0,,,,3.8307,,0.0343,0.0566,,,,,,,,,,8,,,,,,,,,,,,,,,,,True
42161:0x74d0ae8b8e1fca6039707564704a25ad2ee036b0,Arbitrum,Uniswap v3,uniswapv3,0x74d0ae8b8e1fca6039707564704a25ad2ee036b0,WETH/GRT,WETH,GRT,0.3,Альт/мем (long-tail),86750.8259,86750.8259,52693.0186,417054.5355,1042.6363,55.4258,62.6692,49.7067,,,49.7067,0.0,0,,,,67.293,,0.6074,0.6868,,,,,,,,,,8,,,,,,,,,,,,,,,,,True
42161:0x628854f0cfd7debd6e04361421ee9c06c77048c3,Arbitrum,Uniswap v3,uniswapv3,0x628854f0cfd7debd6e04361421ee9c06c77048c3,ODYS/WETH,ODYS,WETH,1.0,Альт/мем (long-tail),86156.0539,86156.0539,12414.1407,148087.2556,1234.0605,43.8271,74.6871,568.7574,,,74.6871,0.0,0,,,,63.4125,,0.1441,0.2455,,,,,,,,,,8,,,,,,,,,,,,,,,,,True
42161:0xbf24f38243392a0b4b7a13d10dbf294f40ae401b,Arbitrum,Uniswap v3,uniswapv3,0xbf24f38243392a0b4b7a13d10dbf294f40ae401b,ANT/USDC,ANT,USDC,0.3,Альт/мем (long-tail),85977.6933,85977.6933,5532.9299,59023.7747,147.5594,5.8722,8.949,11.0436,,,8.949,0.0,0,,,,7.0279,,0.0644,0.0981,,,,,,,,,,8,,,,,,,,,,,,,,,,,True
42161:0x1a032a91f151f90fc5462f2b4ba26df95e10df9e,Arbitrum,Uniswap v3,uniswapv3,0x1a032a91f151f90fc5462f2b4ba26df95e10df9e,USDC/SIT,USDC,SIT,1.0,Альт/мем (long-tail),73913.6718,73913.6718,10319.302,70340.9544,586.1746,42.4656,41.3521,33.8172,,,33.8172,0.0,0,,,,43.1945,,0.1396,0.136,,,,,,,,,,8,,,,,,,,,,,,,,,,,True
42161:0x52f9d14bed8ce6536da063aaf274ae2747ef4853,Arbitrum,Uniswap v3,uniswapv3,0x52f9d14bed8ce6536da063aaf274ae2747ef4853,LDO/WETH,LDO,WETH,0.3,Крупный альт,73034.5134,73034.5134,7729.4473,100945.9701,252.3649,9.6572,18.0175,16.0649,,,16.0649,0.0,0,,,,11.5699,,0.1058,0.1975,,,,,,,,,,7,,,,,,,,,,,,,,,,,True
42161:0xc6d8aa297c937ab78308baea341c0a24577c2616,Arbitrum,Uniswap v3,uniswapv3,0xc6d8aa297c937ab78308baea341c0a24577c2616,LAVA/WETH,LAVA,WETH,0.3,Альт/мем (long-tail),71245.0003,71245.0003,2170.6628,32137.5899,80.344,2.7802,5.8802,28.8983,,,5.8802,0.0,0,,,,3.3475,,0.0305,0.0644,,,,,,,,,,8,,,,,,,,,,,,,,,,,True
42161:0x135e49cc315fed87f989e072ee11132686cf84f3,Arbitrum,Uniswap v3,uniswapv3,0x135e49cc315fed87f989e072ee11132686cf84f3,USDC/GMX,USDC,GMX,0.3,Крупный альт,68777.0053,68777.0053,34470.63,174675.9093,436.6898,45.734,33.1074,33.3947,,,33.1074,0.0,0,,,,54.8649,,0.5012,0.3628,,,,,,,,,,7,,,,,,,,,,,,,,,,,True
42161:0x5cbddc44f31067df328aa7a8da03aca6f2edd2ad,Arbitrum,Uniswap v3,uniswapv3,0x5cbddc44f31067df328aa7a8da03aca6f2edd2ad,WETH/ATH,WETH,ATH,0.3,Альт/мем (long-tail),68704.1505,68704.1505,65312.2328,451454.6634,1128.6367,86.745,85.6576,66.656,,,66.656,0.0,0,,,,110.0533,,0.9506,0.9387,,,,,,,,,,8,,,,,,,,,,,,,,,,,True
42161:0xac70bd92f89e6739b3a08db9b6081a923912f73d,Arbitrum,Uniswap v3,uniswapv3,0xac70bd92f89e6739b3a08db9b6081a923912f73d,WBTC/USDC,WBTC,USDC,0.05,Голубая фишка/стейбл,61957.8358,61957.8358,24030.7231,253494.1277,95.0603,5.3088,8.0001,7.4449,,,7.4449,0.0,0,,,,6.9322,,0.3879,0.5845,,,,,,,,,,7,,,,,,,,,,,,,,,,,True
42161:0x8d68772af387a003cc74f993822b3b7f082c23bc,Arbitrum,Uniswap v3,uniswapv3,0x8d68772af387a003cc74f993822b3b7f082c23bc,LINK/UNI,LINK,UNI,0.3,Крупный альт,57282.5763,57282.5763,4582.7604,85894.1391,214.7353,7.3002,19.5468,26.7406,,,19.5468,0.0,0,,,,8.7582,,0.08,0.2142,,,,,,,,,,7,,,,,,,,,,,,,,,,,True
42161:0x53c6ca2597711ca7a73b6921faf4031eedf71339,Arbitrum,Uniswap v3,uniswapv3,0x53c6ca2597711ca7a73b6921faf4031eedf71339,WBTC/USD₮0,WBTC,USD₮0,0.3,Голубая фишка/стейбл,54960.1543,54960.1543,2004.1911,19447.5757,48.6189,3.3275,4.6127,9.9539,,,4.6127,0.0,0,,,,3.81,,0.0365,0.0505,,,,,,,,,,7,,,,,,,,,,,,,,,,,True
42161:0x7092e723285fe1381a3a59c0d438f53d2c26d9e8,Arbitrum,Uniswap v3,uniswapv3,0x7092e723285fe1381a3a59c0d438f53d2c26d9e8,WSTETH/USDC,WSTETH,USDC,0.3,Голубая фишка/стейбл,54725.0591,54725.0591,4436.6494,53985.4037,134.9635,7.3978,12.8595,11.8131,,,11.8131,0.0,0,,,,8.8816,,0.0811,0.1409,,,,,,,,,,7,,,,,,,,,,,,,,,,,True
42161:0xd491076c7316bc28fd4d35e3da9ab5286d079250,Arbitrum,Uniswap v3,uniswapv3,0xd491076c7316bc28fd4d35e3da9ab5286d079250,RAIN/WETH,RAIN,WETH,1.0,Альт/мем (long-tail),52575.0588,52575.0588,7879.6317,33363.5887,278.0299,45.5867,27.5744,32.5446,,,27.5744,0.0,0,,,,54.7549,,0.1499,0.0907,,,,,,,,,,8,,,,,,,,,,,,,,,,,True
42161:0x7e9cb8ad4a7683070e233f3eb1d07d87272b9b26,Arbitrum,Uniswap v3,uniswapv3,0x7e9cb8ad4a7683070e233f3eb1d07d87272b9b26,ETHFI/WETH,ETHFI,WETH,0.3,Альт/мем (long-tail),51626.7411,51626.7411,16147.4307,132616.4106,331.541,28.5405,33.4855,43.7236,,,33.4855,0.0,0,,,,32.783,,0.3128,0.367,,,,,,,,,,8,,,,,,,,,,,,,,,,,True
42161:0x46c47c8daabca3e15bf238cda365894046bafa23,Arbitrum,Uniswap v3,uniswapv3,0x46c47c8daabca3e15bf238cda365894046bafa23,WBTC/DAI,WBTC,DAI,0.3,Голубая фишка/стейбл,50117.1072,50117.1072,5073.0616,39216.3306,98.0408,9.2367,10.2004,3.3647,,,3.3647,0.0,0,,,,10.8282,,0.1012,0.1118,,,,,,,,,,7,,,,,,,,,,,,,,,,,True
42161:0x5a2b8dc0eae54a23c263e17e085169415757dc05,Arbitrum,Uniswap v3,uniswapv3,0x5a2b8dc0eae54a23c263e17e085169415757dc05,ARB/AAVE,ARB,AAVE,0.3,Крупный альт,49856.8532,49856.8532,13920.3929,189637.8148,474.0945,25.4777,49.5832,37.9372,,,37.9372,0.0,0,,,,30.7937,,0.2792,0.5434,,,,,,,,,,7,,,,,,,,,,,,,,,,,True
42161:0x8e295789c9465487074a65b1ae9ce0351172393f,Arbitrum,Uniswap v3,uniswapv3,0x8e295789c9465487074a65b1ae9ce0351172393f,USDC/USDC,USDC,USDC,0.01,Стейбл/стейбл,47323.6428,47323.6428,7694.804,252631.4255,18.9474,0.4451,2.0877,1.7916,,,1.7916,0.0,0,,,,0.5935,,0.1626,0.7626,,,,,,,,,,7,,,,,,,,,,,,,,,,,True
42161:0xbbe36e6f0331c6a36ab44bc8421e28e1a1871c1e,Arbitrum,Uniswap v3,uniswapv3,0xbbe36e6f0331c6a36ab44bc8421e28e1a1871c1e,USDC/LINK,USDC,LINK,0.3,Крупный альт,45945.935,45945.935,2668.1179,76546.87,191.3672,5.299,21.7178,17.9057,,,17.9057,0.0,0,,,,6.33,,0.0581,0.238,,,,,,,,,,7,,,,,,,,,,,,,,,,,True
42161:0xa8328bf492ba1b77ad6381b3f7567d942b000baf,Arbitrum,Uniswap v3,uniswapv3,0xa8328bf492ba1b77ad6381b3f7567d942b000baf,ARB/USDC,ARB,USDC,1.0,Крупный альт,45118.0011,45118.0011,1307.5576,18205.4789,151.7123,8.815,17.5334,41.8546,,,17.5334,0.0,0,,,,10.5603,,0.029,0.0576,,,,,,,,,,7,,,,,,,,,,,,,,,,,True
42161:0x1944ac04bd9fed9a2bcdb38b70c35949c864ec35,Arbitrum,Uniswap v3,uniswapv3,0x1944ac04bd9fed9a2bcdb38b70c35949c864ec35,PEPE/WETH,PEPE,WETH,1.0,Альт/мем (long-tail),41397.9993,41397.9993,1934.6086,18734.3212,156.1193,14.2143,19.664,37.9446,,,19.664,0.0,0,,,,16.5837,,0.0467,0.0646,,,,,,,,,,8,,,,,,,,,,,,,,,,,True
42161:0x560093b297e9c149e8566f329122c1790b4da306,Arbitrum,Uniswap v3,uniswapv3,0x560093b297e9c149e8566f329122c1790b4da306,CHIP/USDC,CHIP,USDC,0.3,Альт/мем (long-tail),41083.7715,41083.7715,41722.0466,155337.5252,388.3438,92.6677,49.288,70.2129,,,49.288,0.0,0,,,,111.5555,,1.0155,0.5401,,,,,,,,,,8,,,,,,,,,,,,,,,,,True
42161:0xc91b7b39bbb2c733f0e7459348fd0c80259c8471,Arbitrum,Uniswap v3,uniswapv3,0xc91b7b39bbb2c733f0e7459348fd0c80259c8471,GNS/WETH,GNS,WETH,0.3,Альт/мем (long-tail),4852.2765,39926.2032,2243.3323,45067.7138,112.6693,42.1872,121.0751,100.1336,,,100.1336,0.0,0,,,,,,0.4623,1.3269,,,,,,,,,,9,,,,,,,,,,,,,,,,цена альта не подтверждена,True
42161:0x889af944e95788f770983062b13b5a52e367029b,Arbitrum,Uniswap v3,uniswapv3,0x889af944e95788f770983062b13b5a52e367029b,WBTC/TBTC,WBTC,TBTC,0.01,"Коррелир. (ETH/LST, BTC/BTC)",34464.471,34464.471,29584.5908,155267.4478,11.6451,2.3499,1.7618,3.0347,,,1.7618,0.0,0,,,,3.0878,,0.8584,0.6436,,,,,,,,,,7,,,,,,,,,,,,,,,,,True
42161:0x8c9d230d45d6cfee39a6680fb7cb7e8de7ea8e71,Arbitrum,Uniswap v3,uniswapv3,0x8c9d230d45d6cfee39a6680fb7cb7e8de7ea8e71,USD₮0/USDC,USD₮0,USDC,0.01,Стейбл/стейбл,34395.8147,34395.8147,18101.206,184989.748,13.8743,1.4406,2.1033,2.5197,,,2.1033,0.0,0,,,,1.9245,,0.5263,0.7683,,,,,,,,,,7,,,,,,,,,,,,,,,,,True
42161:0xa8ba6d8cfc317a8ba8d71efb185dfa34162ec47e,Arbitrum,Uniswap v3,uniswapv3,0xa8ba6d8cfc317a8ba8d71efb185dfa34162ec47e,GHO/USDC,GHO,USDC,0.05,Стейбл/стейбл,31716.5449,31716.5449,5691.4726,66803.3557,25.0513,2.4562,4.1185,6.1384,,,4.1185,0.0,0,,,,3.2744,,0.1794,0.3009,,,,,,,,,,7,,,,,,,,,,,,,,,,,True
42161:0x59d72ddb29da32847a4665d08ffc8464a7185fae,Arbitrum,Uniswap v3,uniswapv3,0x59d72ddb29da32847a4665d08ffc8464a7185fae,MAGIC/WETH,MAGIC,WETH,0.3,Крупный альт,29610.0604,29610.0604,33224.3302,210957.7533,527.3944,102.3882,92.8733,39.4266,,,39.4266,0.0,0,,,,122.3551,,1.1221,1.0178,,,,,,,,,,7,,,,,,,,,,,,,,,,высокий APR на микро-TVL,True
42161:0x48d0b2ce2842343047fe9126dc5d77d77eaca25b,Arbitrum,Uniswap v3,uniswapv3,0x48d0b2ce2842343047fe9126dc5d77d77eaca25b,GTC/WETH,GTC,WETH,1.0,Альт/мем (long-tail),29546.8397,29546.8397,6353.199,15881.0849,132.3424,65.4023,23.3552,5.9972,,,5.9972,0.0,0,,,,75.36,,0.215,0.0768,,,,,,,,,,8,,,,,,,,,,,,,,,,разовый всплеск объёма,True
42161:0x15811145e3f1ab23b28582556fcba20df5642876,Arbitrum,Uniswap v3,uniswapv3,0x15811145e3f1ab23b28582556fcba20df5642876,WETH/CBBTC,WETH,CBBTC,0.3,ETH/BTC,27383.5315,27383.5315,2640.7843,23288.7774,58.2219,8.7999,11.0864,7.019,,,7.019,0.0,0,,,,9.0593,,0.0964,0.1215,,,,,,,,,,7,,,,,,,,,,,,,,,,,True
42161:0x16503510c58da73486950b72a12ead3d1d8355dd,Arbitrum,Uniswap v3,uniswapv3,0x16503510c58da73486950b72a12ead3d1d8355dd,ZRO/WETH,ZRO,WETH,1.0,Крупный альт,27111.2246,27111.2246,5361.445,64564.9738,538.0414,60.1512,103.4812,52.5461,,,52.5461,0.0,0,,,,70.9579,,0.1978,0.3402,,,,,,,,,,7,,,,,,,,,,,,,,,,,True
42161:0xdd65ead5c92f22b357b1ae516362e4a98b1291ce,Arbitrum,Uniswap v3,uniswapv3,0xdd65ead5c92f22b357b1ae516362e4a98b1291ce,OTM/USD₮0,OTM,USD₮0,1.0,Альт/мем (long-tail),26915.4846,26915.4846,4907.1298,77373.0944,644.7758,55.4545,124.9112,85.3485,,,85.3485,0.0,0,,,,59.1247,,0.1823,0.4107,,,,,,,,,,8,,,,,,,,,,,,,,,,,True
42161:0xf0428617433652c9dc6d1093a42adfbf30d29f74,Arbitrum,Uniswap v3,uniswapv3,0xf0428617433652c9dc6d1093a42adfbf30d29f74,DAI/USDC,DAI,USDC,0.01,Стейбл/стейбл,24979.2618,24979.2618,15686.618,257952.8278,19.3465,1.7191,4.0385,4.834,,,4.0385,0.0,0,,,,2.2928,,0.628,1.4752,,,,,,,,,,7,,,,,,,,,,,,,,,,,True
42161:0xa0b05a6eebf17392642d416ba4d4fb9becb430ca,Arbitrum,Uniswap v3,uniswapv3,0xa0b05a6eebf17392642d416ba4d4fb9becb430ca,WETH/CIP,WETH,CIP,0.3,Альт/мем (long-tail),20658.6684,20658.6684,3213.156,26704.9702,66.7624,14.1926,16.851,11.8546,,,11.8546,0.0,0,,,,17.6195,,0.1555,0.1847,,,,,,,,,,8,,,,,,,,,,,,,,,,,True
42161:0xbce73c2e5a623054b0e8e2428e956f4b9d0412a5,Arbitrum,Uniswap v3,uniswapv3,0xbce73c2e5a623054b0e8e2428e956f4b9d0412a5,USDC/USD₮0,USDC,USD₮0,0.05,Стейбл/стейбл,16421.3885,16421.3885,1124.868,10040.6568,3.7652,0.9376,1.1956,1.1785,,,1.1785,0.0,0,,,,1.2504,,0.0685,0.0873,,,,,,,,,,7,,,,,,,,,,,,,,,,,True
42161:0xf782cd5748bfc21d30b03174bb3e30fdd111a897,Arbitrum,Uniswap v3,uniswapv3,0xf782cd5748bfc21d30b03174bb3e30fdd111a897,WETH/GRT,WETH,GRT,1.0,Альт/мем (long-tail),15460.3273,15460.3273,4418.991,18645.8478,155.3821,86.9393,52.4055,74.7879,,,52.4055,0.0,0,,,,104.7333,,0.2858,0.1723,,,,,,,,,,8,,,,,,,,,,,,,,,,,True
42161:0xbc4d874430834e90a4c9baeb3db470cacb0dcce2,Arbitrum,Uniswap v3,uniswapv3,0xbc4d874430834e90a4c9baeb3db470cacb0dcce2,LDO/USDC,LDO,USDC,0.3,Крупный альт,15273.9256,15273.9256,3464.0528,53157.032,132.8926,20.6951,45.3675,48.3206,,,45.3675,0.0,0,,,,24.8189,,0.2268,0.4972,,,,,,,,,,7,,,,,,,,,,,,,,,,,True
42161:0xb791ad21ba45c76629003b4a2f04c0d544406e37,Arbitrum,Uniswap v3,uniswapv3,0xb791ad21ba45c76629003b4a2f04c0d544406e37,ARB/USD₮0,ARB,USD₮0,0.05,Крупный альт,15126.6308,15126.6308,6801.3266,91028.5646,34.1357,6.1543,11.7669,19.1069,,,11.7669,0.0,0,,,,8.1112,,0.4496,0.8597,,,,,,,,,,7,,,,,,,,,,,,,,,,,True
42161:0xc868f85196facfbbc08b44975f83788dd922e482,Arbitrum,Uniswap v3,uniswapv3,0xc868f85196facfbbc08b44975f83788dd922e482,ZRO/USD₮0,ZRO,USD₮0,1.0,Крупный альт,12366.2767,12366.2767,1611.3911,24038.0417,200.317,39.6345,84.4644,57.2857,,,57.2857,0.0,0,,,,46.8275,,0.1303,0.2777,,,,,,,,,,7,,,,,,,,,,,,,,,,,True
42161:0x9652093121c5bfe65ba4f073eeede862f7dd4188,Arbitrum,Uniswap v3,uniswapv3,0x9652093121c5bfe65ba4f073eeede862f7dd4188,PENDLE/LINK,PENDLE,LINK,1.0,Крупный альт,11792.4909,11792.4909,1226.8512,8428.3102,70.2359,31.6445,31.0562,42.1507,,,31.0562,0.0,0,,,,38.1536,,0.104,0.1021,,,,,,,,,,7,,,,,,,,,,,,,,,,,True
42161:0x4bfc22a4da7f31f8a912a79a7e44a822398b4390,Arbitrum,Pancake v3,pancakev3,0x4bfc22a4da7f31f8a912a79a7e44a822398b4390,WBTC/WETH,WBTC,WETH,0.01,ETH/BTC,1222600.0013,1222600.0013,2830919.5194,24012304.8016,1600.8203,5.6344,6.8274,9.2946,6.5579,2.9336,6.5579,1.4773,49.4829,CAKE,,,,,2.3155,2.8058,0.2251,0.2116,0.6334,0.2296,29.7369,0.3625,-12.2779,,-4.0926,3,0.6142,0.0812,11.4481,13.8396,-2.1937,-11.0694,-0.0062,-0.1718,-16.4528,11.754,30.2283,36.1811,90.0,1222093.9353,0.0414,,True
42161:0xd9e2a1a61b6e61b275cec326465d417e52c1b95c,Arbitrum,Pancake v3,pancakev3,0xd9e2a1a61b6e61b275cec326465d417e52c1b95c,WETH/USDC,WETH,USDC,0.05,Голубая фишка/стейбл,787147.9033,787147.9033,516589.6922,5332833.9187,1777.6114,7.9847,11.7754,13.0438,12.5369,4.5862,11.7754,7.8458,169.1997,CAKE,,,,,0.6563,0.9678,0.5344,0.4393,3.5696,1.0687,11.0187,0.2994,-27.5573,,-5.5115,5,0.5626,0.1277,27.449,5.385,10.5964,53.037,-0.1267,-2.2213,-8.8555,27.2504,1720.601,2791.2095,90.0,786806.9305,0.0433,,True
42161:0x74b8bcadc831369ce75543e0d7517875af1c157d,Arbitrum,Pancake v3,pancakev3,0x74b8bcadc831369ce75543e0d7517875af1c157d,VSN/USDC,VSN,USDC,0.01,Альт/мем (long-tail),749182.5005,749182.5005,74171.0605,471564.8594,31.4377,0.2409,0.2188,0.7117,0.6488,0.1173,0.2188,0.0,0,,,,,,0.099,0.0899,0.3212,0.3611,1.2894,,,,-1.8972,True,-0.271,7,0.934,0.0474,2.7266,15.6856,6.7784,30.609,-0.0537,-0.8848,-13.2795,16.9515,0.0331,0.0455,90.0,749722.5076,-0.072,,True
42161:0x7fcdc35463e3770c2fb992716cd070b63540b947,Arbitrum,Pancake v3,pancakev3,0x7fcdc35463e3770c2fb992716cd070b63540b947,WETH/USDC,WETH,USDC,0.01,Голубая фишка/стейбл,473051.6195,473051.6195,510212.2901,5418442.2954,361.2295,2.6245,3.9817,3.9799,3.9758,2.4442,3.9758,7.1434,92.581,CAKE,,,,,1.0786,1.6363,0.5366,0.4665,3.5992,0.6247,6.3741,0.1736,-18.9656,,-3.7931,5,0.5043,0.0685,1.6345,12.6873,10.5584,53.042,-0.1258,-2.2217,-8.8393,25.7204,1720.9971,2790.0253,90.0,472844.2375,0.0439,,True
42161:0x843ac8dc6d34aeb07a56812b8b36429ee46bdd07,Arbitrum,Pancake v3,pancakev3,0x843ac8dc6d34aeb07a56812b8b36429ee46bdd07,WBTC/USDC,WBTC,USDC,0.05,Голубая фишка/стейбл,406657.8165,406657.8165,318870.3495,2571033.0789,857.011,9.5402,10.9888,13.6913,12.7157,5.6603,10.9888,6.7337,75.0225,CAKE,,,,,0.7841,0.9032,0.4072,0.3337,2.0724,0.4018,27.3489,0.1939,-45.6902,,-9.138,5,0.5894,0.2477,14.7709,-29.7604,8.1457,36.1255,-0.0766,-1.1773,-7.5614,18.0952,61600.9238,87054.9211,90.0,406659.8447,-0.0005,,True
42161:0xcfe0acf3b242aef2697ba94f11a31f61f2349bcb,Arbitrum,Pancake v3,pancakev3,0xcfe0acf3b242aef2697ba94f11a31f61f2349bcb,LAVA/USD₮0,LAVA,USD₮0,0.25,Альт/мем (long-tail),338957.1908,338957.1908,5571.6443,60049.6658,100.0828,1.0,1.5396,9.862,3.585,1.0,1.5396,0.0,0,,,,,,0.0164,0.0253,1.2069,1.5086,18.208,,,,-28.3396,True,-3.1488,9,1.5679,0.0569,-12.5688,-11.1291,-34.8455,-25.7388,-2.2511,-1.0968,-45.3038,33.4233,0.0117,0.0215,90.0,337513.0535,0.4279,,True
42161:0xc24b560c7f8a1a50c2336cd8917af61b5e14984f,Arbitrum,Pancake v3,pancakev3,0xc24b560c7f8a1a50c2336cd8917af61b5e14984f,SQD/WETH,SQD,WETH,1.0,Альт/мем (long-tail),262222.0778,262222.0778,36088.5246,219730.9564,1464.873,33.4889,29.129,18.7108,14.7983,4.3409,14.7983,0.0,0,,,,,,0.1376,0.1197,1.3088,1.1699,21.4112,,,,-20.3373,True,-2.2597,9,5.97,0.1785,-27.3608,-9.611,-25.3252,-39.1171,-1.0566,-3.0009,-62.9714,102.8012,0.0,0.0,90.0,259118.0593,1.1979,,True
42161:0x2212dd9937e9c55a79c4e4aa1147497cd73fad94,Arbitrum,Pancake v3,pancakev3,0x2212dd9937e9c55a79c4e4aa1147497cd73fad94,DGAI/USD₮0,DGAI,USD₮0,0.01,Альт/мем (long-tail),260759.6614,260759.6614,14074.424,168751.8004,11.2501,0.1313,0.225,0.2367,0.2796,0.0732,0.225,0.0,0,,,,,,0.054,0.0925,2.7029,1.6327,91.3191,,,,-149.6293,True,-16.6255,9,1.2091,0.1134,7.7394,,24.3596,,-0.5912,,-21.4055,80.718,0.1528,1.067,42.0417,257728.8614,1.176,,True
42161:0xb49eae16e45faebaa406e57c93263a5fcbc0c8d3,Arbitrum,Pancake v3,pancakev3,0xb49eae16e45faebaa406e57c93263a5fcbc0c8d3,ORDER/WETH,ORDER,WETH,0.25,Альт/мем (long-tail),191803.4379,191803.4379,12966.7415,106722.1129,177.8702,4.1126,4.8355,10.6457,5.4831,2.2601,4.8355,0.0,0,,,,,,0.0676,0.0795,0.8117,0.7901,8.2362,,,,-8.6801,True,-0.9645,9,1.0948,0.1158,12.9032,-2.6153,1.6799,-28.6066,-0.0035,-1.4027,-42.179,44.6505,0.0,0.0,90.0,,,,True
42161:0x0bacc7a9717e70ea0da5ac075889bd87d4c81197,Arbitrum,Pancake v3,pancakev3,0x0bacc7a9717e70ea0da5ac075889bd87d4c81197,WETH/USD₮0,WETH,USD₮0,0.05,Голубая фишка/стейбл,181233.3006,181233.3006,64866.9444,688521.0285,229.507,4.3547,6.6032,9.1393,4.6518,2.1002,4.6518,5.1436,25.5396,CAKE,,,,,0.3579,0.5427,0.594,0.438,4.4111,,,,-43.9533,True,-6.279,7,0.7291,0.1617,-35.1326,-35.3184,10.5868,52.8558,-0.1264,-2.2092,-8.7978,26.8502,1721.3981,2790.5834,90.0,,,,True
42161:0x7e928afb59f5de9d2f4d162f754c6eb40c88aa8e,Arbitrum,Pancake v3,pancakev3,0x7e928afb59f5de9d2f4d162f754c6eb40c88aa8e,USDC/USD₮0,USDC,USD₮0,0.01,Стейбл/стейбл,136727.9268,136727.9268,124178.219,892496.5966,59.4998,2.21,2.2691,2.9734,2.4309,0.885,2.2691,1.2784,4.7887,CAKE,,,,,0.9082,0.9325,0.0036,0.0048,0.0002,,,,1.3652,True,0.273,5,0.8364,0.0648,-1.4758,1.2813,0.0498,-0.0348,-0.0,-0.0,-0.1662,0.0849,0.9996,1.0013,89.9583,,,,True
42161:0x80ceb98632409080924dce50c26acc25458dde17,Arbitrum,Pancake v3,pancakev3,0x80ceb98632409080924dce50c26acc25458dde17,WETH/AAVE,WETH,AAVE,0.05,Крупный альт,112568.8847,112568.8847,81779.0359,818729.6536,272.9099,8.8388,12.6414,20.6651,10.8162,4.0952,10.8162,1.5527,4.7887,CAKE,,,,,0.7265,1.039,0.6624,0.5324,5.484,,,,-16.3979,True,-2.0497,8,0.9491,0.4214,15.7136,172.4463,-18.9008,-19.3649,-0.5461,-0.5763,-38.8124,25.0711,14.7693,24.1377,90.0,,,,True
42161:0x70db444986a997eb74e520f19d367e13d75ef97f,Arbitrum,Pancake v3,pancakev3,0x70db444986a997eb74e520f19d367e13d75ef97f,WBTC/CBBTC,WBTC,CBBTC,0.01,"Коррелир. (ETH/LST, BTC/BTC)",98349.4802,98349.4802,91842.03,437296.2965,29.1531,2.2723,1.5456,1.8859,,,1.5456,0.0,0,,,,,,0.9338,0.6352,,,,,,,,,,7,,,,,,,,,,,,,,,,,True
42161:0x389938cf14be379217570d8e4619e51fbdafaa21,Arbitrum,Pancake v3,pancakev3,0x389938cf14be379217570d8e4619e51fbdafaa21,WETH/USD₮0,WETH,USD₮0,0.01,Голубая фишка/стейбл,91281.8617,91281.8617,141812.8471,1304107.0735,86.9404,3.7804,4.9663,5.6398,,,4.9663,3.1913,7.9811,CAKE,,,,,1.5536,2.0409,,,,,,,,,,7,,,,,,,,,,,,,,,,,True
42161:0x9ffca51d23ac7f7df82da414865ef1055e5afcc3,Arbitrum,Pancake v3,pancakev3,0x9ffca51d23ac7f7df82da414865ef1055e5afcc3,ARB/USDC,ARB,USDC,0.05,Крупный альт,81497.3972,81497.3972,261055.2941,2438596.8313,812.8657,38.9727,52.008,43.02,,,43.02,0.0,0,,,,,,3.2032,4.2746,,,,,,,,,,7,,,,,,,,,,,,,,,,,True
42161:0x8a06339abd7499af755df585738ebf43d5d62b94,Arbitrum,Pancake v3,pancakev3,0x8a06339abd7499af755df585738ebf43d5d62b94,USDT+/XUSD,USDT+,XUSD,0.05,Альт/мем (long-tail),63797.7765,63797.7765,1598.3775,2419.6256,0.8065,0.3048,0.0659,0.0446,,,0.0446,0.0,0,,,,,,0.0251,0.0054,,,,,,,,,,9,,,,,,,,,,,,,,,,обе стороны — альты; разовый всплеск объёма,True
42161:0xcb5fbe270b6bbbb1edad345f96354282ee1d707f,Arbitrum,Pancake v3,pancakev3,0xcb5fbe270b6bbbb1edad345f96354282ee1d707f,USDC/FOLKS,USDC,FOLKS,1.0,Альт/мем (long-tail),56576.9634,56576.9634,1687.0619,26164.8291,174.4322,7.2559,16.0761,21.9219,,,16.0761,0.0,0,,,,,,0.0298,0.0661,,,,,,,,,,8,,,,,,,,,,,,,,,,,True
42161:0xaa89ba37d1975ae294974ebb33db9d4b5324f2f2,Arbitrum,Pancake v3,pancakev3,0xaa89ba37d1975ae294974ebb33db9d4b5324f2f2,WBTC/USD₮0,WBTC,USD₮0,0.05,Голубая фишка/стейбл,52879.3463,52879.3463,28362.6203,179442.2494,59.8141,6.5258,5.8981,5.7685,,,5.7685,14.3233,20.7509,CAKE,,,,,0.5364,0.4848,,,,,,,,,,7,,,,,,,,,,,,,,,,,True
42161:0xb2d4f4c5853e448854246a94f8bb392e5d8a76d8,Arbitrum,Pancake v3,pancakev3,0xb2d4f4c5853e448854246a94f8bb392e5d8a76d8,POKT/WETH,POKT,WETH,0.25,Альт/мем (long-tail),49447.9556,49447.9556,3087.1268,21903.6961,36.5062,3.7979,3.8496,2.1647,,,2.1647,0.0,0,,,,,,0.0624,0.0633,,,,,,,,,,8,,,,,,,,,,,,,,,,,True
42161:0xc654a41e45a4e47561caae38052478d00fa64830,Arbitrum,Pancake v3,pancakev3,0xc654a41e45a4e47561caae38052478d00fa64830,APE/WETH,APE,WETH,0.25,Альт/мем (long-tail),48808.301,48808.301,3117.4883,60482.3849,100.804,3.8856,10.7691,14.4082,,,10.7691,0.0,0,,,,,,0.0639,0.177,,,,,,,,,,8,,,,,,,,,,,,,,,,,True
42161:0x54076c901d4fdf76c1fa1f77fafc3fc1022adbe5,Arbitrum,Pancake v3,pancakev3,0x54076c901d4fdf76c1fa1f77fafc3fc1022adbe5,WBTC/WETH,WBTC,WETH,0.05,ETH/BTC,45307.6715,45307.6715,10314.4266,91428.6851,30.4762,2.7698,3.5074,4.776,,,3.5074,2.5718,3.1924,CAKE,,,,,0.2277,0.2883,,,,,,,,,,7,,,,,,,,,,,,,,,,,True
42161:0xf5fac36c2429e1cf84d4abacdb18477ef32589c9,Arbitrum,Pancake v3,pancakev3,0xf5fac36c2429e1cf84d4abacdb18477ef32589c9,CAKE/WETH,CAKE,WETH,0.25,Крупный альт,37870.8462,37870.8462,3497.4331,52623.0056,87.705,5.6181,12.0758,57.9053,,,12.0758,12.3076,12.7698,CAKE,,,,,0.0924,0.1985,,,,,,,,,,7,,,,,,,,,,,,,,,,,True
42161:0xe8bb56ee968333bf18f9cbbe8eeef350540f9607,Arbitrum,Pancake v3,pancakev3,0xe8bb56ee968333bf18f9cbbe8eeef350540f9607,USDC/USDC,USDC,USDC,0.01,Стейбл/стейбл,22528.3423,22528.3423,5798.8015,46156.0139,3.0771,0.6263,0.7122,1.2354,,,0.7122,0.0,0,,,,,,0.2574,0.2927,,,,,,,,,,7,,,,,,,,,,,,,,,,,True
42161:0xad198ad5f32cba24bcafa6e9ffece312c2ddcd6f,Arbitrum,Pancake v3,pancakev3,0xad198ad5f32cba24bcafa6e9ffece312c2ddcd6f,WETH/UNI,WETH,UNI,0.05,Крупный альт,17834.1826,17834.1826,1111.5158,21143.5119,7.0478,0.7583,2.0606,3.2054,,,2.0606,0.0,0,,,,,,0.0623,0.1694,,,,,,,,,,7,,,,,,,,,,,,,,,,,True
42161:0x042691f78269ba3d6325c945044239758aecc275,Arbitrum,Pancake v3,pancakev3,0x042691f78269ba3d6325c945044239758aecc275,PENDLE/WETH,PENDLE,WETH,0.05,Крупный альт,16373.7645,16373.7645,13768.0587,117192.4598,39.0641,10.2305,12.4401,21.2712,,,12.4401,0.0,0,,,,,,0.8409,1.0225,,,,,,,,,,7,,,,,,,,,,,,,,,,,True
42161:0x1e59fa2f0f4e34649fae55222eaf4d730ed35d95,Arbitrum,Pancake v3,pancakev3,0x1e59fa2f0f4e34649fae55222eaf4d730ed35d95,SOL/WETH,SOL,WETH,0.05,Крупный альт,13366.5784,13366.5784,1165.8199,21317.793,7.1059,1.0612,2.772,4.4768,,,2.772,0.0,0,,,,,,0.0872,0.2278,,,,,,,,,,7,,,,,,,,,,,,,,,,,True
42161:0x5a17cbf5f866bde11c28861a2742764fac0eba4b,Arbitrum,Pancake v3,pancakev3,0x5a17cbf5f866bde11c28861a2742764fac0eba4b,WBTC/USDC,WBTC,USDC,0.01,Голубая фишка/стейбл,12796.4139,12796.4139,1910.9087,20193.0404,1.3462,0.3634,0.5486,1.1023,,,0.5486,0.0,0,,,,,,0.1493,0.2254,,,,,,,,,,7,,,,,,,,,,,,,,,,,True
8453:0x70acdf2ad0bf2402c957154f944c19ef4e1cbae1,Base,Aerodrome Slipstream,aerodromecl,0x70acdf2ad0bf2402c957154f944c19ef4e1cbae1,WETH/CBBTC,WETH,CBBTC,0.25,ETH/BTC,15783940.1176,15783940.1176,1732791.0884,14068446.2766,35255.9213,10.0849,11.6469,14.7572,14.3606,5.9702,11.6469,15.8187,6840.5786,AERO,0.9201,17.1927,0.553,2.7286,0.1098,0.1273,0.2301,0.2287,0.6618,0.1233,94.4469,0.1863,-50.8625,,-16.9542,3,0.8205,0.0797,-2.2063,-0.8606,2.586,12.6211,-0.0081,-0.1763,-6.2025,10.4675,0.0276,0.0333,90.0,16491000.8886,-4.2876,,True
8453:0xb2cc224c1c9fee385f8ad6a55b4d94e92359dc59,Base,Aerodrome Slipstream,aerodromecl,0xb2cc224c1c9fee385f8ad6a55b4d94e92359dc59,WETH/USDC,WETH,USDC,0.0728,Голубая фишка/стейбл,8562745.0653,8562745.0653,49479592.7782,505605223.0911,305742.776,149.0471,186.1821,122.1812,46.427,20.3723,46.427,62.0246,14550.7186,AERO,0.8234,75.3298,13.0541,21.8387,5.7785,8.4353,0.5164,0.4685,3.3332,3.0761,60.5253,0.9229,-155.3143,,-31.0629,5,1.0046,0.1223,-25.3597,-6.1994,10.4952,53.1049,-0.1244,-2.2259,-8.6351,27.3893,1721.4887,2782.8028,90.0,8387005.6739,2.0954,,True
8453:0x3e66e55e97ce60096f74b7c475e8249f2d31a9fb,Base,Aerodrome Slipstream,aerodromecl,0x3e66e55e97ce60096f74b7c475e8249f2d31a9fb,USDC/CBBTC,USDC,CBBTC,0.0346,Голубая фишка/стейбл,7355675.0776,7355675.0776,5102459.7627,45904985.7563,15686.184,8.9736,11.1196,11.4554,10.3987,3.2006,10.3987,11.7482,2367.5701,AERO,0.9832,11.9495,201.5573,9.9995,0.6937,0.8915,0.3985,0.3506,1.9852,1.1638,9.5543,0.5863,-8.5681,,-2.142,4,0.6984,0.1531,4.3091,47.0946,-7.1806,-26.3108,-0.0694,-1.154,-29.2856,22.7455,0.0,0.0,90.0,7327538.9493,0.384,,True
8453:0x4e962bb3889bf030368f56810a9c96b83cb3e778,Base,Aerodrome Slipstream,aerodromecl,0x4e962bb3889bf030368f56810a9c96b83cb3e778,USDC/CBBTC,USDC,CBBTC,0.0532,Голубая фишка/стейбл,6040393.3192,6040393.3192,7953648.1883,73324341.2013,34600.3226,24.7638,29.8682,28.5348,29.1768,8.1432,28.5348,28.3459,4690.9641,AERO,0.9544,29.6989,5.9982,8.6892,1.3167,1.7341,0.3974,0.3472,1.9743,0.5744,52.0022,0.2909,-74.1325,,-18.5331,4,0.6103,0.2233,8.9305,-28.0008,-7.1675,-26.3161,-0.0691,-1.1545,-29.3008,22.5533,0.0,0.0,90.0,5994099.0576,0.7723,,True
8453:0xbe00ff35af70e8415d0eb605a286d8a45466a4c1,Base,Aerodrome Slipstream,aerodromecl,0xbe00ff35af70e8415d0eb605a286d8a45466a4c1,USDC/AERO,USDC,AERO,1.0,Крупный альт,4993778.6152,4993778.6152,350359.3015,5349131.4541,53491.3145,25.6081,55.8533,49.3278,38.7079,15.0253,38.7079,114.3287,15641.9828,AERO,0.9815,116.4864,15.4712,60.3317,0.0702,0.153,1.0741,0.8109,14.421,3.6083,15.4793,0.2502,-184.5195,,-26.3599,7,1.0724,0.2586,93.2249,123.2514,-39.5243,-32.01,-3.0805,-1.8322,-57.3416,46.5697,1.0858,2.5453,90.0,4947884.0783,0.9276,,True
8453:0xa44d3bb767d953711ea4bce8c0f01f4d7d299af6,Base,Aerodrome Slipstream,aerodromecl,0xa44d3bb767d953711ea4bce8c0f01f4d7d299af6,CBBTC/LBTC,CBBTC,LBTC,0.02,"Коррелир. (ETH/LST, BTC/BTC)",4716563.4207,4716563.4207,61282.0813,1783457.6784,360.9166,0.0948,0.399,0.3156,0.0358,0.0052,0.0358,1.325,171.215,AERO,,,0.0539,12.2122,0.013,0.054,0.0115,0.0179,0.0017,0.0007,547.6899,0.0729,-0.8693,,-0.2898,3,2.4397,0.1316,9.1541,37.2319,0.1099,0.0858,-0.0,-0.0,-0.3325,0.3803,0.9949,1.0001,89.9583,4701828.7522,0.3134,,True
8453:0x861a2922be165a5bd41b1e482b49216b465e1b5f,Base,Aerodrome Slipstream,aerodromecl,0x861a2922be165a5bd41b1e482b49216b465e1b5f,WETH/WSTETH,WETH,WSTETH,0.009,"Коррелир. (ETH/LST, BTC/BTC)",4052689.0213,4052689.0213,788941.696,14519155.6021,1306.724,0.6395,1.6813,1.8579,1.3815,0.219,1.3815,6.286,697.9473,AERO,,,0.6525,0.838,0.1947,0.5118,0.002,0.002,0.0001,0.0,36966.418,0.0045,-0.5296,,-0.1765,3,0.8502,0.3155,26.6308,174.5813,-0.1617,-0.5101,-0.0,-0.0003,-0.5185,0.2662,0.8031,0.8073,90.0,4047996.23,0.1159,,True
8453:0x7ec6c9d993d9832aa654593f2dbc21303650bc6c,Base,Aerodrome Slipstream,aerodromecl,0x7ec6c9d993d9832aa654593f2dbc21303650bc6c,WETH/VVV,WETH,VVV,0.2718,Крупный альт,3118585.4976,3118585.4976,1891145.5668,15877081.0735,43930.3952,61.7294,73.4518,146.2343,63.5993,27.0474,63.5993,0.0,0,,,,2.1444,0,0.6064,0.7273,1.2528,1.1997,19.6177,10.1502,7.2365,0.5174,-78.3637,,-11.1948,7,1.2097,0.1616,34.669,55.0538,-33.3494,-43.245,-2.0228,-3.8807,-56.7117,46.7133,78.5895,181.5492,90.0,3121416.7942,-0.0907,,True
8453:0x0392b12a1ceb0cd13af5ea448cf5586ea609852d,Base,Aerodrome Slipstream,aerodromecl,0x0392b12a1ceb0cd13af5ea448cf5586ea609852d,WETH/ZEN,WETH,ZEN,0.15,Альт/мем (long-tail),2822785.1149,2822785.1149,844302.0956,9481661.6288,14222.4925,16.3759,26.272,53.9694,22.2803,8.5126,22.2803,142.8866,11050.3631,AERO,0.9826,145.4139,3.6016,113.9762,0.2991,0.4799,0.7331,0.8536,6.7176,5.6588,4.6427,0.8424,-8.9075,,-1.2725,7,1.0052,0.171,30.4546,71.2505,11.8424,-10.0433,-0.1564,-0.1399,-43.6167,31.1952,305.2138,541.3191,90.0,2800750.9661,0.7867,,True
8453:0x9785ef59e2b499fb741674ecf6faf912df7b3c1b,Base,Aerodrome Slipstream,aerodromecl,0x9785ef59e2b499fb741674ecf6faf912df7b3c1b,WETH/USDT,WETH,USDT,0.0445,Голубая фишка/стейбл,2460467.7536,2460467.7536,5836353.7429,54331391.6458,22881.3059,38.3795,48.4906,46.8286,73.4767,38.6506,46.8286,59.7712,4029.1809,AERO,0.9898,60.39,29.7314,19.5653,2.3721,3.1545,0.5135,0.4662,3.2965,0.8955,54.1502,0.2716,-131.678,,-32.9195,4,0.5603,0.6913,211.2651,709.8894,10.7232,53.1216,-0.1296,-2.227,-8.4991,27.3503,1724.0404,2782.7553,90.0,2478814.475,-0.7401,,True
8453:0xb5f0b4ae66c14f7efaa9aa1468e8fc536a3e288c,Base,Aerodrome Slipstream,aerodromecl,0xb5f0b4ae66c14f7efaa9aa1468e8fc536a3e288c,WETH/MORPHO,WETH,MORPHO,0.2712,Крупный альт,2247261.3952,2247261.3952,1466319.6719,13167590.564,35840.9695,64.5619,83.1612,95.8609,123.6721,63.1731,83.1612,192.8026,11870.6262,AERO,0.9753,197.6869,42.9608,34.4972,0.6525,0.8371,0.8779,0.8172,9.6343,2.9354,28.3307,0.3047,-189.786,,-37.9572,5,0.5745,0.4688,31.5905,617.7144,4.1116,13.9632,-0.0203,-0.2132,-22.8663,20.7279,772.7457,1169.789,90.0,1110564.3093,102.3531,TVL расходится с GeckoTerminal,True
8453:0x47ca96ea59c13f72745928887f84c9f52c3d7348,Base,Aerodrome Slipstream,aerodromecl,0x47ca96ea59c13f72745928887f84c9f52c3d7348,CBETH/WETH,CBETH,WETH,0.006,"Коррелир. (ETH/LST, BTC/BTC)",2223242.1657,2223242.1657,3415829.1478,15895413.4717,953.7244,3.3648,2.2368,1.9965,1.5673,0.6242,1.5673,3.134,190.8918,AERO,,,4.6343,1.8963,1.5364,1.0214,0.0023,0.003,0.0001,0.0003,8119.4837,0.0275,1.0464,,0.3488,3,0.8585,0.2405,-13.9013,-8.9744,0.2303,0.592,-0.0001,-0.0004,-0.0549,0.2963,1.1344,1.1411,90.0,2222021.9324,0.0549,,True
8453:0x47f9e291bb766fc307ad7bba4f29f3eab6a97101,Base,Aerodrome Slipstream,aerodromecl,0x47f9e291bb766fc307ad7bba4f29f3eab6a97101,CBBTC/ZEN,CBBTC,ZEN,0.25,Альт/мем (long-tail),1924210.368,1924210.368,251694.99,3203768.5215,8009.4213,11.9359,21.7042,39.4517,17.175,5.1207,17.175,102.6516,5411.5957,AERO,0.9966,102.9972,10.5137,32.5227,0.1308,0.2379,0.7572,0.9619,7.1667,0.4716,46.0195,0.0658,-312.634,,-44.662,7,1.0718,0.1578,23.7736,51.5689,9.1112,-20.0597,-0.095,-0.6233,-42.6592,34.8589,9756.0265,17014.1169,90.0,1773054.3884,8.5252,,True
8453:0xdfe5f275020def30993f042174fc2d335678b626,Base,Aerodrome Slipstream,aerodromecl,0xdfe5f275020def30993f042174fc2d335678b626,AERO/CBBTC,AERO,CBBTC,0.27,Крупный альт,1904945.5533,1904945.5533,10367638.3682,63893895.9238,71465.3182,213.8405,195.6174,142.8594,120.1188,46.405,120.1188,191.1262,9974.9302,AERO,0.8941,213.7519,194.4238,75.7852,5.4425,4.7916,0.9376,0.844,10.9892,10.5848,18.4809,0.9632,-82.9712,,-13.8285,6,0.5772,0.3014,42.0561,110.8928,54.5287,7.8949,-2.3218,-0.0721,-38.6746,61.7056,0.0,0.0,90.0,2081889.5666,-8.4992,,True
8453:0x74f72788f4814d7ff3c49b44684aa98eee140c0e,Base,Aerodrome Slipstream,aerodromecl,0x74f72788f4814d7ff3c49b44684aa98eee140c0e,WETH/MSETH,WETH,MSETH,0.05,Альт/мем (long-tail),336470.2564,1866858.831,771838.5711,8299239.0414,4149.6195,41.8642,64.3067,43.6223,7.762,1.7793,7.762,174.6848,1610.3077,AERO,,,,,2.2939,3.5237,1.0464,0.8763,13.6869,,,,-209.9482,True,-20.9948,10,1.0264,1.406,62.8262,-91.6848,-46.2969,13.021,-4.6442,-0.187,-51.3425,63.6505,1.0039,2.1806,89.9583,,,цена альта не подтверждена; доход держится на эмиссии,True
8453:0x2ae9df02539887d4ebce0230168a302d34784c82,Base,Aerodrome Slipstream,aerodromecl,0x2ae9df02539887d4ebce0230168a302d34784c82,WETH/BSDETH,WETH,BSDETH,0.01,Альт/мем (long-tail),1828027.6969,1828027.6969,997154.0813,5753711.9974,575.3712,1.991,1.6412,1.1181,0.1212,0.0033,0.1212,9.5399,477.7864,AERO,,,1.9044,1.2718,0.5455,0.4496,0.0063,0.0064,0.0005,,,,0.1132,True,0.0283,4,1.3023,0.3048,22.1092,175.4034,-0.9566,-0.9959,-0.0012,-0.0013,-0.996,0.9389,0.9177,0.927,89.9583,1829051.461,-0.056,,True
8453:0x4a79b0168296c0ef7b8f314973b82ad406a29f1b,Base,Aerodrome Slipstream,aerodromecl,0x4a79b0168296c0ef7b8f314973b82ad406a29f1b,WETH/AAVE,WETH,AAVE,0.3,Крупный альт,1736765.8234,1736765.8234,757666.9907,6979310.9536,20937.9329,47.7696,62.8619,43.4942,38.0447,17.1213,38.0447,42.3405,2014.671,AERO,0.979,43.2493,29.7123,45.2175,0.4363,0.5741,0.6411,0.5746,5.1372,2.975,21.1304,0.5791,-70.5061,,-14.1012,5,0.7196,0.4039,40.4079,127.5589,-19.8714,-19.5645,-0.6104,-0.5896,-38.7618,24.9746,14.7863,24.1456,90.0,1729275.0388,0.4332,,True
8453:0x7501bc8bb51616f79bfa524e464fb7b41f0b10fb,Base,Aerodrome Slipstream,aerodromecl,0x7501bc8bb51616f79bfa524e464fb7b41f0b10fb,MSUSD/USDC,MSUSD,USDC,0.0509,Стейбл/стейбл,1669247.8627,1669247.8627,735660.7539,7878127.0256,3964.0299,8.1125,12.3826,10.2014,16.1382,2.1828,10.2014,52.0251,2379.2527,AERO,1.0,52.0251,5.7273,36.4129,0.4407,0.6742,1.0579,0.9231,13.9893,0.0566,218.8294,0.004,-3051.0785,,-435.8684,7,0.9,1.6326,394.2696,-93.8401,87.4812,-11.575,-4.7425,-0.1889,-54.1148,37.6265,0.4575,0.9971,90.0,1708354.9872,-2.2892,доход держится на эмиссии; депег: отклонение цены до 38% за 90д,True
8453:0x80891885537e20e240987385490017fc03d9d7ed,Base,Aerodrome Slipstream,aerodromecl,0x80891885537e20e240987385490017fc03d9d7ed,USDC/ZCHF,USDC,ZCHF,0.05,Альт/мем (long-tail),1459359.4831,1459359.4831,27092.6873,496949.2206,248.4746,0.3388,0.8878,0.6016,0.2436,0.0624,0.2436,0.0,0,,,,,,0.0186,0.0486,0.0663,0.0626,0.055,,,,-0.6309,True,-0.1262,5,1.2792,0.1619,-28.4791,-26.8091,3.0483,3.405,-0.0113,-0.014,-2.9038,2.5506,0.7976,0.8343,89.9583,,,,True
8453:0x46d398a5b33709877f50c8918a7ee96f1be1d7dd,Base,Aerodrome Slipstream,aerodromecl,0x46d398a5b33709877f50c8918a7ee96f1be1d7dd,WETH/VVV,WETH,VVV,0.8,Крупный альт,1215766.4877,1215766.4877,215398.48,1930421.3474,15443.3708,51.7339,66.2349,99.8023,113.5216,39.5215,66.2349,90.8582,3026.3661,AERO,0.9835,92.38,4.9954,10.4872,0.1772,0.2268,1.4101,1.353,24.8545,0.617,107.342,0.0248,-2601.6939,,-371.6706,7,0.9579,0.5291,169.6289,303.6234,-33.7861,-43.3737,-2.0877,-3.9108,-56.8209,45.0986,78.8375,182.5824,90.0,1218617.7841,-0.234,,True
8453:0xe846373c1a92b167b4e9cd5d8e4d6b1db9e90ec7,Base,Aerodrome Slipstream,aerodromecl,0xe846373c1a92b167b4e9cd5d8e4d6b1db9e90ec7,EURC/USDC,EURC,USDC,0.0079,Стейбл/стейбл,1210156.1303,1210156.1303,2434096.388,24286600.1269,1790.7175,5.4705,7.7158,6.7405,5.2004,1.1889,5.2004,9.69,321.2725,AERO,,,21.4978,18.9073,2.0114,2.867,0.0446,0.0464,0.0249,0.1518,50.8326,6.1,3.9355,,1.3118,3,0.4666,0.2079,-48.1984,-49.5406,-3.4098,-1.8859,-0.015,-0.0045,-4.7134,3.0633,1.117,1.1722,90.0,,,,True
8453:0x82321f3beb69f503380d6b233857d5c43562e2d0,Base,Aerodrome Slipstream,aerodromecl,0x82321f3beb69f503380d6b233857d5c43562e2d0,WETH/AERO,WETH,AERO,0.3,Крупный альт,1134128.1485,1134128.1485,2057700.5377,11687822.6688,35635.6866,198.849,163.8392,137.5036,53.101,18.3346,53.101,0.0,0,,,,19.4025,0,1.8143,1.4722,0.9145,0.7995,10.4548,6.5529,25.0027,0.6268,-208.2972,,-29.7567,7,0.8197,0.2541,-14.494,74.7681,-33.39,4.7271,-2.0287,-0.0267,-45.7294,34.5819,2901.1586,5345.7285,90.0,1131481.5099,0.2339,,True
8453:0x0225ba893d5f8ecd6d2022f9dec59b34f61098a1,Base,Aerodrome Slipstream,aerodromecl,0x0225ba893d5f8ecd6d2022f9dec59b34f61098a1,WETH/USOL,WETH,USOL,0.15,Альт/мем (long-tail),1126226.4407,1126226.4407,307988.6222,2959007.1279,4438.5106,14.9725,20.5497,26.948,26.8286,10.7212,20.5497,36.0634,1112.7552,AERO,,,15.0766,13.3407,0.2735,0.3753,0.2629,0.2291,0.8639,,,,6.8079,True,1.702,4,0.6238,0.2726,-10.5222,189.3999,-5.8147,2.9395,-0.0448,-0.0105,-17.7213,10.9087,21.8903,26.8048,90.0,,,,True
8453:0xa41bc0affba7fd420d186b84899d7ab2ac57fcd1,Base,Aerodrome Slipstream,aerodromecl,0xa41bc0affba7fd420d186b84899d7ab2ac57fcd1,USDC/USDT,USDC,USDT,0.0009,Стейбл/стейбл,1116451.8318,1116451.8318,11343533.4766,109616630.8981,1043.3437,3.5483,4.8728,3.5514,1.5383,0.6604,1.5383,2.4105,73.7314,AERO,,,32.4626,1.2198,10.1603,14.0261,0.0051,0.0082,0.0003,0.0005,9778.3879,0.0498,-1.6454,,-0.8227,2,0.7806,0.2447,27.1354,-40.9595,0.1156,-0.0652,-0.0,-0.0,-0.4618,0.3097,0.998,1.0026,90.0,,,,True
8453:0x6b0f53cbd9272d8117e9535fe25371dedf39a1be,Base,Aerodrome Slipstream,aerodromecl,0x6b0f53cbd9272d8117e9535fe25371dedf39a1be,USDC/VELVET,USDC,VELVET,0.01,Альт/мем (long-tail),1094639.232,1094639.232,458686.032,7283577.4297,728.3579,1.5295,3.4695,2.2384,2.2008,0.7646,2.2008,1.5395,46.1712,AERO,,,1.5113,23258.6403,0.419,0.9506,3.1399,3.1405,123.2408,,,,-1958.1221,True,-244.7653,8,0.9867,0.5654,-6.9465,-67.1255,19.2786,593.3179,-0.3872,-33.6182,-75.0887,720.9732,0.8344,20.509,90.0,,,,True
8453:0x4e829f8a5213c42535ab84aa40bd4adcce9cba02,Base,Aerodrome Slipstream,aerodromecl,0x4e829f8a5213c42535ab84aa40bd4adcce9cba02,WETH/BRETT,WETH,BRETT,0.2093,Крупный альт,944766.0046,944766.0046,172617.4113,1791022.4558,3793.1807,13.9726,20.9351,25.2473,23.7564,12.862,20.9351,37.4743,969.9838,AERO,,,4.8968,63.009,0.1827,0.2708,0.6748,0.8111,5.6923,,,,-130.8606,True,-21.8101,6,0.5671,0.119,12.9706,23.8132,-4.8035,41.4194,-0.0303,-1.4827,-24.5331,31.7226,319336.9625,549801.9118,90.0,,,,True
8453:0xb099c658e784b41ee435d48a8eb67e8f27285c93,Base,Aerodrome Slipstream,aerodromecl,0xb099c658e784b41ee435d48a8eb67e8f27285c93,WETH/B3,WETH,B3,0.3003,Альт/мем (long-tail),893137.2071,893137.2071,686446.5137,2740308.4737,8371.4877,85.4045,48.8742,85.8503,32.689,9.511,32.689,33.9475,830.6792,AERO,,,8.0301,924.5874,0.7686,0.4383,1.4713,1.7861,27.0601,,,,-397.7406,True,-44.1934,9,1.4328,0.2214,63.1163,88.6666,-41.918,-13.7131,-3.5797,-0.2713,-48.044,34.9384,2740330.6592,5483697.6824,90.0,,,,True
8453:0xa4fdd479eda160671636e2ecf8f993cbf86258a8,Base,Aerodrome Slipstream,aerodromecl,0xa4fdd479eda160671636e2ecf8f993cbf86258a8,USDC/AERO,USDC,AERO,0.05,Крупный альт,828695.0676,828695.0676,1086118.5928,8422468.2292,4211.2341,23.9191,26.4978,27.3042,22.1873,7.7207,22.1873,0.0,0,,,,21.0153,0,1.3106,1.4519,1.0678,0.9796,14.2525,,,,-357.8797,True,-51.1257,7,0.6646,0.1815,41.0671,29.6127,-39.8987,-31.7188,-3.155,-1.7924,-57.9842,46.6807,1.0793,2.5687,90.0,,,,True
8453:0x988702fe529a3461ec7fd09eea3f962856709fd9,Base,Aerodrome Slipstream,aerodromecl,0x988702fe529a3461ec7fd09eea3f962856709fd9,USDC/EUSD,USDC,EUSD,0.01,Стейбл/стейбл,787666.3406,787666.3406,96308.1795,3089998.9543,308.9999,0.4463,2.0456,1.3813,,,1.3813,22.25,480.1534,AERO,,,0.4125,2.8793,0.1223,0.5604,,,,,,,,,,6,,,,,,,,,,,,,,,,доход держится на эмиссии,True
8453:0xbd3cd0d9d429b41f0a2e1c026552bd598294d5e0,Base,Aerodrome Slipstream,aerodromecl,0xbd3cd0d9d429b41f0a2e1c026552bd598294d5e0,WEETH/WETH,WEETH,WETH,0.0085,"Коррелир. (ETH/LST, BTC/BTC)",768291.0544,768291.0544,244945.9031,2777652.238,236.5562,0.9891,1.6055,0.8793,,,0.8793,11.1779,235.2852,AERO,,,1.0607,1.516,0.3188,0.5165,,,,0.0,36388.6907,,,,,6,,,,,,,,,,,,,,,,,True
8453:0xe30d5bf485f7476ac15884a28ffb3c9cea635dcb,Base,Aerodrome Slipstream,aerodromecl,0xe30d5bf485f7476ac15884a28ffb3c9cea635dcb,AVNT/USDC,AVNT,USDC,0.27,Альт/мем (long-tail),751512.9732,751512.9732,119706.738,1160328.1199,3132.8859,15.6978,21.7372,29.8532,28.4055,16.6469,21.7372,12.6872,261.2212,AERO,,,0.3906,2590.0112,0.1593,0.2206,0.7885,0.9451,7.7718,,,,-101.8845,True,-12.7356,8,0.8808,0.0907,14.8229,24.7814,23.2363,34.9694,-0.5432,-1.1137,-24.886,36.3611,0.0784,0.1345,90.0,,,,True
8453:0x3a88ef38879efb900c2d7b6199d21c139cef5fa7,Base,Aerodrome Slipstream,aerodromecl,0x3a88ef38879efb900c2d7b6199d21c139cef5fa7,WETH/LCAP,WETH,LCAP,0.3,Альт/мем (long-tail),599376.0611,599376.0611,13157.8687,338786.0756,1016.3582,2.4038,8.8418,11.1999,,,8.8418,11.3372,186.1717,AERO,,,2.044,5.1291,0.022,0.0807,,,,,,,,,,7,,,,,,,,,,,,,,,,,True
8453:0xd7338b6f338da54b922bbbc6fbe3efedd5ce35fa,Base,Aerodrome Slipstream,aerodromecl,0xd7338b6f338da54b922bbbc6fbe3efedd5ce35fa,FLOCK/USDC,FLOCK,USDC,0.25,Альт/мем (long-tail),590458.3481,590458.3481,199485.9154,3251189.403,8127.9736,30.8287,71.7774,96.9305,96.1014,40.6858,71.7774,65.7252,1063.2332,AERO,,,4.4818,101.0496,0.3378,0.7866,1.7355,1.8551,37.6484,,,,-527.075,True,-58.5639,9,1.0834,0.8079,249.0473,1119.3137,24.2304,95.2283,-0.5856,-5.345,-35.4924,188.7582,0.0271,0.0944,90.0,,,,True
8453:0xc200f21efe67c7f41b81a854c26f9cda80593065,Base,Aerodrome Slipstream,aerodromecl,0xc200f21efe67c7f41b81a854c26f9cda80593065,VIRTUAL/WETH,VIRTUAL,WETH,0.06,Крупный альт,531834.637,531834.637,2931473.9251,19775897.3968,11865.5384,120.7129,116.3337,82.9313,64.4636,31.064,64.4636,105.3466,1534.9853,AERO,,,37.3044,195.5666,5.512,5.312,0.6762,0.742,5.7155,,,,-87.9489,True,-14.6581,6,0.7462,0.2818,26.8736,143.4243,15.8006,5.0208,-0.2684,-0.03,-31.3879,19.2196,0.0002,0.0004,90.0,,,,True
8453:0x138acee5573fa09e7f215965ff60898cc33c6330,Base,Aerodrome Slipstream,aerodromecl,0x138acee5573fa09e7f215965ff60898cc33c6330,TBTC/CBBTC,TBTC,CBBTC,0.01,"Коррелир. (ETH/LST, BTC/BTC)",506513.1063,506513.1063,254077.5983,1950196.7189,195.0196,1.8309,2.0076,1.3516,,,1.3516,1.2523,17.3779,AERO,,,1.5563,0.728,0.5016,0.55,,,,,,,,,,6,,,,,,,,,,,,,,,,,True
8453:0xf81e1a62cbfa487e807044618661bfd4802b4982,Base,Aerodrome Slipstream,aerodromecl,0xf81e1a62cbfa487e807044618661bfd4802b4982,TBTC/USDC,TBTC,USDC,0.3,Голубая фишка/стейбл,484179.2938,484179.2938,43736.7172,256498.3741,769.4951,9.8913,8.2869,11.4827,,,8.2869,11.8761,157.5389,AERO,,,3.8552,10.0083,0.0903,0.0757,,,,,,,,,,6,,,,,,,,,,,,,,,,,True
8453:0x4a021ba3ab1f0121e7df76f345c547db86cb3468,Base,Aerodrome Slipstream,aerodromecl,0x4a021ba3ab1f0121e7df76f345c547db86cb3468,VIRTUAL/MAMO,VIRTUAL,MAMO,1.0,Альт/мем (long-tail),473837.1837,473837.1837,31347.943,155031.1033,1550.311,24.1475,17.0602,14.4876,,,14.4876,3.7606,48.8191,AERO,,,4.7403,158.8635,0.0662,0.0467,,,,,,,,,,7,,,,,,,,,,,,,,,,,True
8453:0x892a6ab3fa0f1f839fcb0ae264a8c4bbfb030725,Base,Aerodrome Slipstream,aerodromecl,0x892a6ab3fa0f1f839fcb0ae264a8c4bbfb030725,XSGD/USDC,XSGD,USDC,0.03,Альт/мем (long-tail),458345.0403,458345.0403,101014.3459,1449242.6036,434.7728,2.4133,4.9461,4.5896,,,4.5896,3.4072,42.785,AERO,,,0.7819,56.3495,0.2204,0.4517,,,,,,,,,,7,,,,,,,,,,,,,,,,,True
8453:0x72be417afb0abea66913141c605d313bb389b59c,Base,Aerodrome Slipstream,aerodromecl,0x72be417afb0abea66913141c605d313bb389b59c,WETH/LINK,WETH,LINK,0.25,Крупный альт,426637.7462,426637.7462,110960.6078,1928423.7149,4821.0593,23.7324,58.9221,46.2089,30.5883,10.4195,30.5883,28.1621,329.1788,AERO,,,3.1402,23.5423,0.2601,0.6457,0.551,0.4418,3.7952,,,,-70.6177,True,-11.7696,6,0.9253,0.5304,27.1299,156.3976,-7.6558,-14.3468,-0.0792,-0.299,-26.6289,19.9217,172.7776,235.4845,90.0,,,,True
8453:0x9249f441005947831eaaf9135b319ad97bcd6bdf,Base,Aerodrome Slipstream,aerodromecl,0x9249f441005947831eaaf9135b319ad97bcd6bdf,CX/WETH,CX,WETH,0.3,Альт/мем (long-tail),418024.1298,418024.1298,22305.9497,589153.1934,1767.4596,5.843,22.0467,65.1465,,,22.0467,0.0,0,,,,,,0.0534,0.2013,,,,,,,,,,7,,,,,,,,,,,,,,,,,True
8453:0xe2b3aa806e56603a244bfc111c9474f7dedd03db,Base,Aerodrome Slipstream,aerodromecl,0xe2b3aa806e56603a244bfc111c9474f7dedd03db,MAMO/CBBTC,MAMO,CBBTC,0.25,Альт/мем (long-tail),402159.5377,402159.5377,213991.5212,661544.9697,1653.8624,48.5547,21.4435,12.6525,,,12.6525,2.7395,30.1841,AERO,,,32.2003,71.783,0.5321,0.235,,,,,,,,,,7,,,,,,,,,,,,,,,,,True
8453:0x3f0296bf652e19bca772ec3df08b32732f93014a,Base,Aerodrome Slipstream,aerodromecl,0x3f0296bf652e19bca772ec3df08b32732f93014a,VIRTUAL/WETH,VIRTUAL,WETH,0.01,Крупный альт,387867.9285,387867.9285,3554786.4249,25000052.9395,4730.457,33.452,63.5937,41.8945,37.4636,14.4023,37.4636,22.2696,236.6481,AERO,,,29.8145,81.1641,9.1649,9.2079,0.6757,0.7417,5.7076,,,,-114.7398,True,-16.3914,7,0.8502,0.1122,-6.6006,-32.0042,15.6215,4.8605,-0.2628,-0.0281,-31.4468,19.2508,0.0002,0.0004,90.0,,,,True
8453:0xbc3231036ee1eca03e5f67fecedc640d21610823,Base,Aerodrome Slipstream,aerodromecl,0xbc3231036ee1eca03e5f67fecedc640d21610823,USDC/DIEM,USDC,DIEM,0.27,Альт/мем (long-tail),376151.3485,376151.3485,321885.9818,3638582.2405,9824.1719,84.3327,136.1846,181.2959,133.3684,61.3184,133.3684,126.4392,1303.0211,AERO,,,7.117,48.2748,0.8557,1.3819,1.2716,1.234,20.2125,,,,-188.1413,True,-23.5177,8,0.5918,0.4805,174.6452,73.0453,-18.2002,-39.6965,-0.5024,-3.1146,-51.9107,38.5897,0.0004,0.0008,90.0,,,,True
8453:0x1024c20c048ea6087293f46d4a1c042cb6705924,Base,Aerodrome Slipstream,aerodromecl,0x1024c20c048ea6087293f46d4a1c042cb6705924,WETH/BID,WETH,BID,0.27,Альт/мем (long-tail),373957.828,373957.828,5478.5465,21216.3985,57.2843,1.4438,0.7987,0.855,,,0.7987,0.5966,6.1119,AERO,,,1.5491,4.2338,0.0147,0.0081,,,,,,,,,,7,,,,,,,,,,,,,,,,,True
8453:0xb07d7eece8866e549601af5c7622d8cdbedc914e,Base,Aerodrome Slipstream,aerodromecl,0xb07d7eece8866e549601af5c7622d8cdbedc914e,EURC/CBBTC,EURC,CBBTC,0.05,Голубая фишка/стейбл,360550.3694,360550.3694,496195.5016,4887576.7409,2443.7883,25.116,35.3421,36.2256,34.7382,16.2609,34.7382,32.6285,322.3074,AERO,,,17.7926,11.7991,1.3762,1.9366,0.3913,0.3478,1.9139,,,,-81.1006,True,-16.2201,5,0.6967,0.1784,-6.1782,30.2033,-10.3067,-27.6699,-0.1477,-1.2974,-30.2311,21.3247,0.0,0.0,90.0,,,,True
8453:0xa5e0da329ee5aa03f09228e534953496334080f5,Base,Aerodrome Slipstream,aerodromecl,0xa5e0da329ee5aa03f09228e534953496334080f5,USDC/LMTS,USDC,LMTS,1.0,Альт/мем (long-tail),359475.2822,359475.2822,1675.8311,99817.905,998.1791,1.7016,14.4789,11.1854,,,11.1854,3.4725,34.1989,AERO,,,0.0307,89.5541,0.0047,0.0397,,,,,,,,,,7,,,,,,,,,,,,,,,,,True
8453:0xd40bffa9c9e35493b88a2b6744c49d8716b00898,Base,Aerodrome Slipstream,aerodromecl,0xd40bffa9c9e35493b88a2b6744c49d8716b00898,BIO/USDC,BIO,USDC,0.3,Альт/мем (long-tail),352131.8923,352131.8923,35215.1577,561244.3413,1683.733,10.9506,24.9323,20.2459,,,20.2459,7.8693,75.9187,AERO,,,8.3878,28.3599,0.1,0.2277,,,,,,,,,,7,,,,,,,,,,,,,,,,,True
8453:0xad06a870fc2198398c18a6f2ca035bf795edeefe,Base,Aerodrome Slipstream,aerodromecl,0xad06a870fc2198398c18a6f2ca035bf795edeefe,WETH/WOO,WETH,WOO,0.3,Альт/мем (long-tail),306524.5747,306524.5747,12146.0402,197536.3772,592.6091,4.3389,10.0809,20.1671,,,10.0809,25.3789,213.1305,AERO,,,3.9465,120.4908,0.0396,0.0921,,,,,,,,,,7,,,,,,,,,,,,,,,,,True
8453:0xa33f162da19c7273ba1205bfd9d4340da2446e3a,Base,Aerodrome Slipstream,aerodromecl,0xa33f162da19c7273ba1205bfd9d4340da2446e3a,TBTC/WETH,TBTC,WETH,0.3,ETH/BTC,289239.3499,289239.3499,12620.6906,136270.318,408.8109,4.7779,7.3699,9.7231,,,7.3699,7.8769,62.4197,AERO,,,1.1997,5.8745,0.0436,0.0673,,,,,,,,,,6,,,,,,,,,,,,,,,,,True
8453:0x3f5e98c7ebff35056ab4346bccd722a537c1aefa,Base,Aerodrome Slipstream,aerodromecl,0x3f5e98c7ebff35056ab4346bccd722a537c1aefa,TIG/USDC,TIG,USDC,0.27,Альт/мем (long-tail),282520.3201,282520.3201,83852.4991,532616.7436,1438.0652,29.2498,26.5414,20.9264,,,20.9264,12.5382,97.0494,AERO,,,19.6159,148.8208,0.2968,0.2693,,,,,,,,,,7,,,,,,,,,,,,,,,,,True
8453:0x222ccbe78890a4d9ef8d22d7fc1b968be0f2c653,Base,Aerodrome Slipstream,aerodromecl,0x222ccbe78890a4d9ef8d22d7fc1b968be0f2c653,BIO/WETH,BIO,WETH,0.25,Альт/мем (long-tail),280375.7709,280375.7709,94622.6268,828322.5322,2070.8064,30.7955,38.5118,45.0109,,,38.5118,96.9537,744.7525,AERO,,,3.2647,394.6764,0.3375,0.422,,,,,,,,,,7,,,,,,,,,,,,,,,,,True
8453:0x565aecf84b5d30a6e79a5cef3f0da0fc4280debc,Base,Aerodrome Slipstream,aerodromecl,0x565aecf84b5d30a6e79a5cef3f0da0fc4280debc,AERO/WSTETH,AERO,WSTETH,1.0,Крупный альт,271559.1925,271559.1925,20228.8929,179683.7922,1796.8379,27.1895,34.5016,88.3094,,,34.5016,179.8371,1337.9843,AERO,,,1.6741,47.3863,0.0745,0.0945,,,,,,,,,,6,,,,,,,,,,,,,,,,,True
8453:0xff862675c47b6a2c9072dcbe2f37a78a445c4f37,Base,Aerodrome Slipstream,aerodromecl,0xff862675c47b6a2c9072dcbe2f37a78a445c4f37,USDC/CARV,USDC,CARV,0.056,Альт/мем (long-tail),271325.3933,271325.3933,263668.9787,379905.3207,154.9313,15.2326,2.9774,1.8439,,,1.8439,1.2188,9.0598,AERO,,,10.528,215.4667,0.9718,0.2,,,,,,,,,,7,,,,,,,,,,,,,,,,разовый всплеск объёма,True
8453:0x611865e603862a3d1cd29146458564a684e1cbbb,Base,Aerodrome Slipstream,aerodromecl,0x611865e603862a3d1cd29146458564a684e1cbbb,USDC/TITN,USDC,TITN,0.01,Альт/мем (long-tail),259845.9945,259845.9945,5497.7809,81980.4329,8.198,0.0772,0.1645,0.0779,,,0.0779,0.1887,1.3434,AERO,,,0.0769,1164.7874,0.0212,0.0451,,,,,,,,,,7,,,,,,,,,,,,,,,,,True
8453:0x6044c817e55a03dadc5f6b8b7045af1985ae90fa,Base,Aerodrome Slipstream,aerodromecl,0x6044c817e55a03dadc5f6b8b7045af1985ae90fa,CBLTC/CBBTC,CBLTC,CBBTC,0.25,Альт/мем (long-tail),245716.8448,245716.8448,245914.5525,1527313.6328,3818.2841,91.3234,81.0267,63.9065,28.6537,11.0465,28.6537,159.8464,1076.0807,AERO,,,9.9075,99.4361,1.0008,0.888,0.4572,0.5416,2.6133,,,,-12.9147,True,-1.6143,8,1.0987,0.2727,34.4754,61.1485,22.4575,16.8188,-0.5109,-0.3013,-16.8823,25.8031,0.0006,0.0009,90.0,,,,True
8453:0x681d6e4b0b020656ca04956ddaf76add7ef022f6,Base,Aerodrome Slipstream,aerodromecl,0x681d6e4b0b020656ca04956ddaf76add7ef022f6,SEDA/WETH,SEDA,WETH,0.35,Альт/мем (long-tail),235787.9131,235787.9131,6933.1623,36553.1697,127.9361,3.7564,2.8292,5.0849,,,2.8292,0.8208,5.3025,AERO,,,2.5479,62.2563,0.0294,0.0221,,,,,,,,,,8,,,,,,,,,,,,,,,,,True
8453:0x016df91005f30039c9f1a89b44db5e8c60613603,Base,Aerodrome Slipstream,aerodromecl,0x016df91005f30039c9f1a89b44db5e8c60613603,WETH/PENDLE,WETH,PENDLE,0.15,Крупный альт,228398.7223,228398.7223,53453.189,402285.7837,603.4286,12.8134,13.7761,23.3692,,,13.7761,28.0374,175.4437,AERO,,,2.2185,106.9251,0.234,0.2516,,,,,,,,,,7,,,,,,,,,,,,,,,,,True
8453:0xfebeebaa6c9585fd97aa9157e3b7aace804b688c,Base,Aerodrome Slipstream,aerodromecl,0xfebeebaa6c9585fd97aa9157e3b7aace804b688c,XSGD/WETH,XSGD,WETH,0.05,Альт/мем (long-tail),9300.4439,221132.4363,16823.4392,322982.4837,161.4912,33.0122,90.5399,149.6058,,,90.5399,184.0254,46.8909,AERO,,,,,1.8089,4.9611,,,,,,,,,,9,,,,,,,,,,,,,,,,цена альта не подтверждена,True
8453:0x8782d97c8b25b4d17dbfbaa03f25dc18e51e909d,Base,Aerodrome Slipstream,aerodromecl,0x8782d97c8b25b4d17dbfbaa03f25dc18e51e909d,CBADA/CBBTC,CBADA,CBBTC,0.25,Альт/мем (long-tail),210448.3761,210448.3761,595541.1162,2855663.504,7139.1587,258.2255,176.8871,201.0745,237.7243,114.8579,176.8871,290.2144,1673.2917,AERO,,,17.0839,20.91,2.8299,1.9385,0.5607,0.634,3.9294,,,,114.384,True,16.3406,7,0.6432,0.321,-4.0829,119.9732,17.4112,11.2217,-0.3212,-0.1412,-23.3547,18.3682,0.0,0.0,90.0,,,высокий APR на микро-TVL,True
8453:0xccd9cc53b63662088c738b8bc06e9078fb8d9ad4,Base,Aerodrome Slipstream,aerodromecl,0xccd9cc53b63662088c738b8bc06e9078fb8d9ad4,USDC/AERO,USDC,AERO,0.3,Крупный альт,195371.6172,195371.6172,227175.4145,1458503.2853,4375.5099,127.3251,116.7783,138.4766,102.2517,49.4452,102.2517,97.3682,521.1774,AERO,,,89.0915,40.8973,1.1628,1.0665,1.1095,0.9993,15.3883,,,,-308.1037,True,-34.2337,9,0.9905,0.4697,46.9689,788.7894,-39.7941,-31.6622,-3.1341,-1.7848,-57.9056,45.6185,1.0784,2.5619,90.0,,,высокий APR на микро-TVL,True
8453:0x22aee3699b6a0fed71490c103bd4e5f3309891d5,Base,Aerodrome Slipstream,aerodromecl,0x22aee3699b6a0fed71490c103bd4e5f3309891d5,WETH/CBBTC,WETH,CBBTC,0.0085,ETH/BTC,185418.7968,185418.7968,274606.7099,2129493.6932,181.0069,4.5948,5.0902,5.8252,,,5.0902,0.0,0,,,,1.8845,0,1.481,1.6407,,,,,,,,,,7,,,,,,,,,,,,,,,,,True
8453:0x44b7cbbb1e326617d439a2966c4475e78b9d42e6,Base,Aerodrome Slipstream,aerodromecl,0x44b7cbbb1e326617d439a2966c4475e78b9d42e6,VCHF/USDC,VCHF,USDC,0.05,Альт/мем (long-tail),185285.7319,185285.7319,20435.3423,211321.4975,105.6608,2.0128,2.9735,2.7221,,,2.7221,2.1088,10.7049,AERO,,,37.9864,32.2644,0.1103,0.1629,,,,,,,,,,8,,,,,,,,,,,,,,,,,True
8453:0xc5e51044eb7318950b1afb044fccfb25782c48c1,Base,Aerodrome Slipstream,aerodromecl,0xc5e51044eb7318950b1afb044fccfb25782c48c1,EURC/USDC,EURC,USDC,0.0076,Стейбл/стейбл,174016.9357,174016.9357,1138759.797,10557793.0529,776.8045,17.7375,23.2764,16.4146,,,16.4146,0.0,0,,,,6.6406,0,6.544,8.6673,,,,,,,,,,7,,,,,,,,,,,,,,,,,True
8453:0xc8c15670050541255f9b797c008047682524861f,Base,Aerodrome Slipstream,aerodromecl,0xc8c15670050541255f9b797c008047682524861f,LCAP/USDC,LCAP,USDC,0.3,Альт/мем (long-tail),173657.1044,173657.1044,20532.3047,235468.1681,706.4045,12.9467,21.2107,22.3045,,,21.2107,37.6314,179.0398,AERO,,,8.7664,27.7434,0.1182,0.1937,,,,,,,,,,8,,,,,,,,,,,,,,,,,True
8453:0xb4cfcd4a4bc44bbc33fc0928d932e9062be2d056,Base,Aerodrome Slipstream,aerodromecl,0xb4cfcd4a4bc44bbc33fc0928d932e9062be2d056,TIG/WETH,TIG,WETH,0.3,Альт/мем (long-tail),173096.1451,173096.1451,18338.05,150388.1166,451.1643,11.6006,13.5907,12.6616,,,12.6616,0.0,0,,,,11.3839,0,0.1059,0.1241,,,,,,,,,,8,,,,,,,,,,,,,,,,,True
8453:0x0f664affb82f074937d5cfcd61b97f3f32d5dc50,Base,Aerodrome Slipstream,aerodromecl,0x0f664affb82f074937d5cfcd61b97f3f32d5dc50,WETH/TIBBIR,WETH,TIBBIR,0.25,Альт/мем (long-tail),168830.7706,168830.7706,122481.8274,5039306.3286,12598.2658,66.1992,389.0935,162.1906,98.8408,45.7154,98.8408,0.0,0,,,,10.4755,0,0.7255,4.264,1.5818,1.7363,31.2746,,,,-398.6267,True,-39.8627,10,1.2716,0.18,17.8168,58.1489,9.3912,-23.1355,-0.1006,-0.8592,-68.865,67.3512,6319.7594,20297.9492,90.0,,,,True
8453:0xcdd442e2de893c07146b2f1072f8e077559f9aa4,Base,Aerodrome Slipstream,aerodromecl,0xcdd442e2de893c07146b2f1072f8e077559f9aa4,BNKR/WETH,BNKR,WETH,0.2627,Альт/мем (long-tail),165254.1436,165254.1436,219331.5835,2027907.0167,5311.6084,126.4009,167.5979,226.529,195.6245,82.8161,167.5979,447.749,2027.1886,AERO,0.9003,497.3146,15.6543,108.2515,1.3272,1.7531,1.2011,1.3518,18.0329,,,,-119.2414,True,-11.9241,10,0.8931,0.3535,85.3835,-37.0667,55.5966,-32.2757,-2.3943,-1.869,-64.9166,51.7896,0.0,0.0,89.9583,,,высокий APR на микро-TVL,True
8453:0xe36a0162c4ae9e4cb5e8fd7afbde89a3fefa6dc0,Base,Aerodrome Slipstream,aerodromecl,0xe36a0162c4ae9e4cb5e8fd7afbde89a3fefa6dc0,USDC/TIBBIR,USDC,TIBBIR,0.3,Альт/мем (long-tail),152293.04,152293.04,46605.8488,639254.9097,1917.7647,33.51,65.6614,15.321,,,15.321,0.0,0,,,,,,0.306,0.5996,,,,,,,,,,8,,,,,,,,,,,,,,,,,True
8453:0x200681425b0c8d78c6a467512c5d49fa56bac88a,Base,Aerodrome Slipstream,aerodromecl,0x200681425b0c8d78c6a467512c5d49fa56bac88a,WETH/CBLTC,WETH,CBLTC,0.25,Альт/мем (long-tail),146247.4453,146247.4453,71794.7135,597343.8377,1493.3596,44.7958,53.244,71.4397,,,53.244,92.4636,370.4812,AERO,,,24.4104,56.6771,0.4909,0.5835,,,,,,,,,,8,,,,,,,,,,,,,,,,,True
8453:0x98c7a2338336d2d354663246f64676009c7bda97,Base,Aerodrome Slipstream,aerodromecl,0x98c7a2338336d2d354663246f64676009c7bda97,USDC/USDBC,USDC,USDBC,0.01,Стейбл/стейбл,143675.3075,143675.3075,10002.1781,628104.04,62.8104,0.2541,2.2795,1.5776,,,1.5776,1.1376,4.4777,AERO,,,0.1827,0.3435,0.0696,0.6245,,,,,,,,,,7,,,,,,,,,,,,,,,,,True
8453:0xdbc6998296caa1652a810dc8d3baf4a8294330f1,Base,Aerodrome Slipstream,aerodromecl,0xdbc6998296caa1652a810dc8d3baf4a8294330f1,WETH/USDC,WETH,USDC,0.008,Голубая фишка/стейбл,143616.4901,143616.4901,70515.9179,649240.9775,51.9393,1.4337,1.8858,1.789,,,1.789,0.0,0,,,,0.3425,0,0.491,0.6458,,,,,,,,,,7,,,,,,,,,,,,,,,,,True
8453:0xa0e2bac96ab51c92d3284781aee1eec817f6f9c2,Base,Aerodrome Slipstream,aerodromecl,0xa0e2bac96ab51c92d3284781aee1eec817f6f9c2,WETH/DRV,WETH,DRV,0.8,Альт/мем (long-tail),131268.3722,131268.3722,1879.6125,48352.4215,386.8194,4.1811,15.3654,45.4892,,,15.3654,0.0,0,,,,0.1513,0,0.0143,0.0526,,,,,,,,,,8,,,,,,,,,,,,,,,,,True
8453:0xf2c832b6999f0246ed504c69ac1bfb97de0b8d50,Base,Aerodrome Slipstream,aerodromecl,0xf2c832b6999f0246ed504c69ac1bfb97de0b8d50,USDC/PLAY,USDC,PLAY,0.3,Альт/мем (long-tail),123988.7875,123988.7875,4630.355,89312.0584,267.9362,4.0893,11.2679,34.7746,,,11.2679,0.0,0,,,,,,0.0373,0.1029,,,,,,,,,,8,,,,,,,,,,,,,,,,,True
8453:0x09da4832d34bebbb55783340d5bede7a70f5c48e,Base,Aerodrome Slipstream,aerodromecl,0x09da4832d34bebbb55783340d5bede7a70f5c48e,CADC/USDC,CADC,USDC,0.15,Альт/мем (long-tail),123527.5639,123527.5639,57740.9147,346051.3236,519.077,25.592,21.911,17.7856,,,17.7856,18.6475,63.1091,AERO,,,100.02,4.9994,0.4674,0.4002,,,,,,,,,,8,,,,,,,,,,,,,,,,,True
8453:0x99d9b916f55883a88713287677b05a31e436e086,Base,Aerodrome Slipstream,aerodromecl,0x99d9b916f55883a88713287677b05a31e436e086,USDC/MRDN,USDC,MRDN,1.0,Альт/мем (long-tail),115140.0741,115140.0741,1291.1337,99578.8938,995.7889,4.093,45.0958,37.6934,,,37.6934,0.0,0,,,,,,0.0112,0.1236,,,,,,,,,,8,,,,,,,,,,,,,,,,,True
8453:0x4b241e7e1ba2d76c888aaacb6f099b42f57aec2b,Base,Aerodrome Slipstream,aerodromecl,0x4b241e7e1ba2d76c888aaacb6f099b42f57aec2b,USDC/CARV,USDC,CARV,0.3,Альт/мем (long-tail),108181.6229,108181.6229,469831.6661,634397.8197,1903.1935,475.5574,91.7327,43.7102,,,43.7102,103.4422,306.5903,AERO,,,290.2561,563.3438,4.343,0.8377,,,,,,,,,,8,,,,,,,,,,,,,,,,высокий APR на микро-TVL; разовый всплеск объёма,True
8453:0xfd612e33f07f1070f8f325bc25fff94fbefbd372,Base,Aerodrome Slipstream,aerodromecl,0xfd612e33f07f1070f8f325bc25fff94fbefbd372,VIRTUAL/ALTT,VIRTUAL,ALTT,1.0,Альт/мем (long-tail),107220.5844,107220.5844,4720.2308,81150.5529,811.5055,16.0686,39.4646,31.8343,,,31.8343,0.0,0,,,,,,0.044,0.1081,,,,,,,,,,8,,,,,,,,,,,,,,,,,True
8453:0x678f431da2abb9b5726bbf5ccdbaeebb60da9813,Base,Aerodrome Slipstream,aerodromecl,0x678f431da2abb9b5726bbf5ccdbaeebb60da9813,MAMO/USDC,MAMO,USDC,0.28,Альт/мем (long-tail),107035.2053,107035.2053,81263.754,354058.1276,991.3628,77.5928,48.2948,32.08,,,32.08,14.1069,41.3679,AERO,,,38.4704,109.2045,0.7592,0.4726,,,,,,,,,,8,,,,,,,,,,,,,,,,,True
8453:0x3f53f1fd5b7723ddf38d93a584d280b9b94c3111,Base,Aerodrome Slipstream,aerodromecl,0x3f53f1fd5b7723ddf38d93a584d280b9b94c3111,ZORA/USDC,ZORA,USDC,0.25,Крупный альт,106208.6458,106208.6458,150541.4724,1592640.9846,3981.6025,129.3389,195.4757,282.4797,401.89,228.7135,195.4757,314.9636,916.4892,AERO,,,1.5227,278.1608,1.4174,2.1422,1.1701,1.3598,17.1154,,,,-260.9354,True,-28.9928,9,0.9315,0.1987,62.5234,47.7047,-10.12,8.9792,-0.1421,-0.0924,-39.9082,75.8506,0.0047,0.012,90.0,,,высокий APR на микро-TVL,True
8453:0xb86d18195349aaa6941042bd539289f26142a87b,Base,Aerodrome Slipstream,aerodromecl,0xb86d18195349aaa6941042bd539289f26142a87b,USDC/ZARP,USDC,ZARP,0.05,Альт/мем (long-tail),105421.075,105421.075,14013.7544,53267.5502,26.6338,2.426,1.3173,0.6717,,,0.6717,0.2123,0.6131,AERO,,,48.0855,0.8574,0.1329,0.0722,,,,,,,,,,8,,,,,,,,,,,,,,,,,True
8453:0x4ba1e3e9280facbacafa7baf4ae0b78bea60beca,Base,Aerodrome Slipstream,aerodromecl,0x4ba1e3e9280facbacafa7baf4ae0b78bea60beca,WETH/SPX,WETH,SPX,0.25,Крупный альт,104339.8908,104339.8908,31835.6436,176202.0263,440.5051,27.8417,22.0138,21.0806,,,21.0806,17.6637,50.4939,AERO,,,2.9944,99.9766,0.3051,0.2412,,,,,,,,,,7,,,,,,,,,,,,,,,,,True
8453:0x23e5dcf87407870ff71b972cf6d785e82cdcf3d0,Base,Aerodrome Slipstream,aerodromecl,0x23e5dcf87407870ff71b972cf6d785e82cdcf3d0,PRO/WETH,PRO,WETH,0.3,Альт/мем (long-tail),103962.6246,103962.6246,6448.163,80085.8847,240.2577,6.7916,12.0502,14.5261,,,12.0502,0.0,0,,,,,,0.062,0.11,,,,,,,,,,8,,,,,,,,,,,,,,,,,True
8453:0xd23fe2db317e1a96454a2d1c7e8fc0dbf19bb000,Base,Aerodrome Slipstream,aerodromecl,0xd23fe2db317e1a96454a2d1c7e8fc0dbf19bb000,CLANKER/WETH,CLANKER,WETH,0.26,Крупный альт,103811.3629,103811.3629,32971.9016,294397.8884,765.4345,30.1415,38.4466,77.842,,,38.4466,132.5966,377.1242,AERO,,,2.5061,100.2328,0.3176,0.4051,,,,,,,,,,7,,,,,,,,,,,,,,,,,True
8453:0x0e62644261fa9c5f2a068d133927bb0678ac042d,Base,Aerodrome Slipstream,aerodromecl,0x0e62644261fa9c5f2a068d133927bb0678ac042d,PONKE/USDC,PONKE,USDC,0.3,Альт/мем (long-tail),88145.8133,88145.8133,3851.6309,28960.7146,86.8821,4.7847,5.1395,5.7946,,,5.1395,1.6738,4.0423,AERO,,,4.5834,278.4008,0.0437,0.0469,,,,,,,,,,8,,,,,,,,,,,,,,,,,True
8453:0xb862f23ba38c8c65e256782b31e8c08c9aefd612,Base,Aerodrome Slipstream,aerodromecl,0xb862f23ba38c8c65e256782b31e8c08c9aefd612,WETH/CBADA,WETH,CBADA,0.25,Альт/мем (long-tail),87441.8397,87441.8397,242652.0029,936117.0168,2340.2926,253.2197,139.5551,145.9282,,,139.5551,310.1417,742.9961,AERO,,,82.0677,82.5139,2.775,1.5294,,,,,,,,,,8,,,,,,,,,,,,,,,,высокий APR на микро-TVL,True
8453:0x8a7b72f8ff5299e493317d4430293894107af859,Base,Aerodrome Slipstream,aerodromecl,0x8a7b72f8ff5299e493317d4430293894107af859,WETH/SIGN,WETH,SIGN,0.27,Альт/мем (long-tail),85607.184,85607.184,3367.0641,39711.5681,107.2212,3.8761,6.5308,12.5894,,,6.5308,3.5422,8.3078,AERO,,,1.6025,141.9578,0.0393,0.0663,,,,,,,,,,8,,,,,,,,,,,,,,,,,True
8453:0xa6da283cf7d06b2279626e787c329d6acf7e2994,Base,Aerodrome Slipstream,aerodromecl,0xa6da283cf7d06b2279626e787c329d6acf7e2994,WETH/CBXRP,WETH,CBXRP,0.25,Альт/мем (long-tail),71289.0484,71289.0484,1755.4174,38894.2794,97.2357,2.2469,7.1121,13.9923,,,7.1121,0.0,0,,,,1.5216,0,0.0246,0.0779,,,,,,,,,,8,,,,,,,,,,,,,,,,,True
8453:0xc422bfb18f9fc217f955d759d3753f31137ccefd,Base,Aerodrome Slipstream,aerodromecl,0xc422bfb18f9fc217f955d759d3753f31137ccefd,WETH/ENA,WETH,ENA,0.25,Крупный альт,69510.3169,69510.3169,108552.7879,397259.6139,993.149,142.5032,74.5006,66.9427,,,66.9427,107.1988,204.1487,AERO,,,98.2999,136.4898,1.5617,0.8164,,,,,,,,,,7,,,,,,,,,,,,,,,,высокий APR на микро-TVL,True
8453:0xfb338cb462c9e44cae9f442feb09e8e904ffed47,Base,Aerodrome Slipstream,aerodromecl,0xfb338cb462c9e44cae9f442feb09e8e904ffed47,WETH/CBDOGE,WETH,CBDOGE,1.0,Альт/мем (long-tail),66515.4497,66515.4497,6870.6513,93720.2609,937.2026,37.7023,73.4693,104.9682,,,73.4693,84.3996,153.8048,AERO,,,15.2267,41.8809,0.1033,0.2013,,,,,,,,,,8,,,,,,,,,,,,,,,,,True
8453:0xc900ea56b5227ae2d95c288a2597b278cbf741dd,Base,Aerodrome Slipstream,aerodromecl,0xc900ea56b5227ae2d95c288a2597b278cbf741dd,USOL/CBBTC,USOL,CBBTC,0.15,Альт/мем (long-tail),65906.5681,65906.5681,10673.8271,109913.335,164.87,8.867,13.0439,15.6446,,,13.0439,9.671,17.4625,AERO,,,2.9832,6.6598,0.162,0.2382,,,,,,,,,,8,,,,,,,,,,,,,,,,,True
8453:0x5c45b0f48c326f79b56709d8f63ce2bee7697106,Base,Aerodrome Slipstream,aerodromecl,0x5c45b0f48c326f79b56709d8f63ce2bee7697106,WETH/USUI,WETH,USUI,0.15,Альт/мем (long-tail),64148.5073,64148.5073,31373.6627,245737.0829,368.6056,26.777,29.962,30.2327,,,29.962,33.509,58.8918,AERO,,,2.7744,126.1292,0.4891,0.5473,,,,,,,,,,8,,,,,,,,,,,,,,,,,True
8453:0xfd198524340203da7896909941e92e5ef0d2b753,Base,Aerodrome Slipstream,aerodromecl,0xfd198524340203da7896909941e92e5ef0d2b753,USDC/AAA,USDC,AAA,0.3,Альт/мем (long-tail),63915.2052,63915.2052,1332.0766,19202.8967,57.6087,2.2821,4.6998,3.9686,,,3.9686,0.0,0,,,,0.1698,0,0.0208,0.0429,,,,,,,,,,8,,,,,,,,,,,,,,,,,True
8453:0x7432aab631b801a10bef7d70c1507a32755595fa,Base,Aerodrome Slipstream,aerodromecl,0x7432aab631b801a10bef7d70c1507a32755595fa,WETH/SYRUP,WETH,SYRUP,0.27,Альт/мем (long-tail),63376.62,63376.62,71056.3965,832380.9982,2247.4287,110.492,184.9063,131.5233,,,131.5233,83.9708,145.8023,AERO,,,7.6428,41.1561,1.1212,1.8763,,,,,,,,,,8,,,,,,,,,,,,,,,,высокий APR на микро-TVL,True
8453:0xb0a65b3a6f9da0e5eb057e0d5327deddbe17309e,Base,Aerodrome Slipstream,aerodromecl,0xb0a65b3a6f9da0e5eb057e0d5327deddbe17309e,PEAS/USDC,PEAS,USDC,0.3,Альт/мем (long-tail),62858.9657,62858.9657,1622.1642,41813.9295,125.4418,2.8258,10.4057,6.5031,,,6.5031,0.0,0,,,,,,0.0258,0.095,,,,,,,,,,8,,,,,,,,,,,,,,,,,True
8453:0xc4ed25e61cbde561c982789f740e3e9a8c317100,Base,Aerodrome Slipstream,aerodromecl,0xc4ed25e61cbde561c982789f740e3e9a8c317100,AVNT/USDC,AVNT,USDC,0.27,Альт/мем (long-tail),62761.3997,62761.3997,74912.9655,624282.557,1685.5629,117.6308,140.0384,228.5854,,,140.0384,235.8933,405.6163,AERO,,,4.9164,62.4711,1.1936,1.421,,,,,,,,,,8,,,,,,,,,,,,,,,,высокий APR на микро-TVL,True
8453:0xf1eef36d55978edfd427e95c3d0c9b9359ef0aef,Base,Aerodrome Slipstream,aerodromecl,0xf1eef36d55978edfd427e95c3d0c9b9359ef0aef,WETH/W,WETH,W,0.3,Альт/мем (long-tail),61825.5331,61825.5331,11427.3501,100494.5938,301.4838,20.2391,25.4268,21.7891,,,21.7891,18.3707,31.1171,AERO,,,17.321,94.3538,0.1848,0.2322,,,,,,,,,,8,,,,,,,,,,,,,,,,,True
8453:0xadb8fb846dbd3bd6a23335cee65bb610c1cf0ea3,Base,Aerodrome Slipstream,aerodromecl,0xadb8fb846dbd3bd6a23335cee65bb610c1cf0ea3,ZORA/WETH,ZORA,WETH,0.25,Крупный альт,55054.4298,55054.4298,56590.8612,477008.7742,1192.5218,93.7965,112.9455,205.4432,,,112.9455,274.8056,414.5005,AERO,,,3.258,389.584,1.0279,1.2378,,,,,,,,,,7,,,,,,,,,,,,,,,,,True
8453:0xa4463789e8f3c6a599b3dfb608dde55513bcf289,Base,Aerodrome Slipstream,aerodromecl,0xa4463789e8f3c6a599b3dfb608dde55513bcf289,WETH/ZRO,WETH,ZRO,0.15,Крупный альт,54191.9889,54191.9889,14108.4974,203608.9179,305.4134,14.2538,29.3865,19.5638,,,19.5638,0.0,0,,,,0.3016,0,0.2603,0.5367,,,,,,,,,,7,,,,,,,,,,,,,,,,,True
8453:0x61c6e9e93592e535efc1bee07f491a517e98f6d0,Base,Aerodrome Slipstream,aerodromecl,0x61c6e9e93592e535efc1bee07f491a517e98f6d0,UXRP/WETH,UXRP,WETH,0.3,Альт/мем (long-tail),54028.1574,54028.1574,3597.3093,81706.1012,245.1183,7.2907,23.6565,30.7651,,,23.6565,30.1958,44.6965,AERO,,,0.8049,23.0163,0.0666,0.216,,,,,,,,,,8,,,,,,,,,,,,,,,,,True
8453:0x5230845439fa66fbea20af7cf09bc413b99e10b7,Base,Aerodrome Slipstream,aerodromecl,0x5230845439fa66fbea20af7cf09bc413b99e10b7,CBBTC/EDGE,CBBTC,EDGE,0.5,Альт/мем (long-tail),53496.36,53496.36,286039.2469,1401027.7368,7005.1387,975.8077,682.7903,328.9148,,,328.9148,1101.3372,1614.1789,AERO,,,100.6154,294.3212,5.3469,3.7413,,,,,,,,,,8,,,,,,,,,,,,,,,,высокий APR на микро-TVL; доход держится на эмиссии,True
8453:0x385b47e56b73eb6549378f78f7c7cbc42c56c9e0,Base,Aerodrome Slipstream,aerodromecl,0x385b47e56b73eb6549378f78f7c7cbc42c56c9e0,DRB/WETH,DRB,WETH,0.25,Альт/мем (long-tail),51626.3615,51626.3615,64824.3546,940961.38,2352.4034,114.5775,237.5938,246.0053,,,237.5938,219.5215,310.4958,AERO,,,19.4199,325.4734,1.2556,2.6038,,,,,,,,,,8,,,,,,,,,,,,,,,,высокий APR на микро-TVL,True
8453:0x46d710c35bdfb800a18a820712310048ef8b5256,Base,Aerodrome Slipstream,aerodromecl,0x46d710c35bdfb800a18a820712310048ef8b5256,WETH/KTA,WETH,KTA,0.2502,Альт/мем (long-tail),49785.8294,49785.8294,24614.6547,287636.4035,732.6808,45.4121,76.7368,81.7069,,,76.7368,69.5581,94.877,AERO,,,3.1959,130.7591,0.4944,0.8254,,,,,,,,,,8,,,,,,,,,,,,,,,,,True
8453:0xfd22d75b2fb405ee185155d57b0277b9db2f8e29,Base,Aerodrome Slipstream,aerodromecl,0xfd22d75b2fb405ee185155d57b0277b9db2f8e29,BITCOIN/WETH,BITCOIN,WETH,0.7,Альт/мем (long-tail),44389.2636,44389.2636,3127.4428,6215.3332,43.5073,18.0012,5.1107,1.8536,,,1.8536,3.8657,4.7012,AERO,,,2.3639,320.6135,0.0705,0.02,,,,,,,,,,8,,,,,,,,,,,,,,,,разовый всплеск объёма,True
8453:0xaa067f08fef60420d050a92e7800e588748b7d67,Base,Aerodrome Slipstream,aerodromecl,0xaa067f08fef60420d050a92e7800e588748b7d67,WETH/MAMO,WETH,MAMO,0.25,Альт/мем (long-tail),42004.9057,42004.9057,19788.2538,92945.49,232.3637,42.9873,28.8445,27.6646,,,27.6646,10.4114,11.9816,AERO,,,17.9526,67.8377,0.4711,0.3161,,,,,,,,,,8,,,,,,,,,,,,,,,,,True
8453:0x32bb4ad5fed77f7abf97d1435f8d6aaae59aa64e,Base,Aerodrome Slipstream,aerodromecl,0x32bb4ad5fed77f7abf97d1435f8d6aaae59aa64e,WETH/POKT,WETH,POKT,0.2,Альт/мем (long-tail),38746.5317,38746.5317,7030.4809,60669.6171,121.3392,13.2457,16.3291,12.4095,,,12.4095,4.8189,5.1155,AERO,,,9.6834,9.1743,0.1814,0.2237,,,,,,,,,,8,,,,,,,,,,,,,,,,,True
8453:0x74e4c08bb50619b70550733d32b7e60424e9628e,Base,Aerodrome Slipstream,aerodromecl,0x74e4c08bb50619b70550733d32b7e60424e9628e,WETH/TOSHI,WETH,TOSHI,0.2421,Крупный альт,35142.7747,35142.7747,26995.1751,353033.9461,872.8245,67.9444,129.5048,182.3959,,,129.5048,153.9368,148.2128,AERO,,,3.4881,65.3338,0.7682,1.4351,,,,,,,,,,7,,,,,,,,,,,,,,,,,True
8453:0x6cca90e732942d73c276f73b805ca2948f6b3018,Base,Aerodrome Slipstream,aerodromecl,0x6cca90e732942d73c276f73b805ca2948f6b3018,WETH/RSC,WETH,RSC,0.75,Альт/мем (long-tail),34055.6731,34055.6731,1358.3493,46197.9659,346.4848,10.9188,53.0505,81.2358,,,53.0505,70.626,65.8963,AERO,,,0.5617,57.3808,0.0399,0.1938,,,,,,,,,,8,,,,,,,,,,,,,,,,,True
8453:0x4d69971ccd4a636c403a3c1b00c85e99bb9b5606,Base,Aerodrome Slipstream,aerodromecl,0x4d69971ccd4a636c403a3c1b00c85e99bb9b5606,WETH/USD+,WETH,USD+,0.04,Голубая фишка/стейбл,32601.7847,32601.7847,12503.7295,122995.7812,49.1983,5.5995,7.8687,8.4137,,,7.8687,9.3872,8.3846,AERO,,,0.1227,22.7229,0.3835,0.539,,,,,,,,,,7,,,,,,,,,,,,,,,,,True
8453:0x0c1a09d5d0445047da3ab4994262b22404288a3b,Base,Aerodrome Slipstream,aerodromecl,0x0c1a09d5d0445047da3ab4994262b22404288a3b,USDC/USD+,USDC,USD+,0.01,Стейбл/стейбл,31280.3318,31280.3318,5997.9587,28570.4783,2.8571,0.6999,0.4763,0.3683,,,0.3683,0.5119,0.4387,AERO,,,0.1268,1.8076,0.1917,0.1305,,,,,,,,,,7,,,,,,,,,,,,,,,,,True
8453:0x088c39ee29fc30df8adc394e9f7dea33e3a26507,Base,Aerodrome Slipstream,aerodromecl,0x088c39ee29fc30df8adc394e9f7dea33e3a26507,WETH/DOGINME,WETH,DOGINME,0.25,Альт/мем (long-tail),29583.5283,29583.5283,239998.2844,519848.1764,1299.6203,740.2714,229.0664,146.6684,,,146.6684,73.6227,59.6717,AERO,,,59.5264,115.1063,8.1126,2.5103,,,,,,,,,,8,,,,,,,,,,,,,,,,высокий APR на микро-TVL; разовый всплеск объёма,True
8453:0x864cc817099761c7b7f8228822f2bde0b74a6588,Base,Aerodrome Slipstream,aerodromecl,0x864cc817099761c7b7f8228822f2bde0b74a6588,WETH/UNEAR,WETH,UNEAR,0.3,Альт/мем (long-tail),28891.2741,28891.2741,14903.8703,105641.3663,316.9241,56.4867,57.1983,90.2189,,,57.1983,80.3765,63.6213,AERO,,,11.7447,79.0484,0.5159,0.5224,,,,,,,,,,8,,,,,,,,,,,,,,,,,True
8453:0xa8bf464636f619fecbadda3bd5d28f8c74970c39,Base,Aerodrome Slipstream,aerodromecl,0xa8bf464636f619fecbadda3bd5d28f8c74970c39,OLAS/USDC,OLAS,USDC,0.05,Альт/мем (long-tail),28886.9206,28886.9206,1190.2569,19200.4613,9.6002,0.752,1.7329,1.5057,,,1.5057,0.0,0,,,,,,0.0412,0.095,,,,,,,,,,8,,,,,,,,,,,,,,,,,True
8453:0xfefe4e80f2d747a484154f7ae18b20d478e49d40,Base,Aerodrome Slipstream,aerodromecl,0xfefe4e80f2d747a484154f7ae18b20d478e49d40,WETH/ETHFI,WETH,ETHFI,0.27,Альт/мем (long-tail),27377.8831,27377.8831,20652.0963,192709.977,520.3169,74.3397,99.0976,101.8715,,,99.0976,84.6546,63.4976,AERO,,,25.0684,37.5543,0.7543,1.0056,,,,,,,,,,8,,,,,,,,,,,,,,,,,True
8453:0x363d1607b8da83d6b6ea76d017ceecf1316bb08a,Base,Aerodrome Slipstream,aerodromecl,0x363d1607b8da83d6b6ea76d017ceecf1316bb08a,CBBTC/CBDOGE,CBBTC,CBDOGE,0.25,Альт/мем (long-tail),25639.1369,25639.1369,4166.4842,39216.9262,98.0423,14.8286,19.9391,42.3438,,,19.9391,0.0,0,,,,0.2538,0,0.1625,0.2185,,,,,,,,,,8,,,,,,,,,,,,,,,,,True
8453:0xf579b16f9b1a4acc872d34a8141fbbd36c0ce10c,Base,Aerodrome Slipstream,aerodromecl,0xf579b16f9b1a4acc872d34a8141fbbd36c0ce10c,WETH/VELVET,WETH,VELVET,0.3,Альт/мем (long-tail),23080.3571,23080.3571,82329.4617,745232.8046,2235.6984,390.5951,505.0862,456.0359,,,456.0359,596.8323,377.4001,AERO,,,149.0345,162.5454,3.5671,4.6127,,,,,,,,,,8,,,,,,,,,,,,,,,,высокий APR на микро-TVL,True
8453:0xb211a9ddff3a10806c8fdb92dbc4c34596a23f84,Base,Aerodrome Slipstream,aerodromecl,0xb211a9ddff3a10806c8fdb92dbc4c34596a23f84,WETH/KEYCAT,WETH,KEYCAT,0.25,Альт/мем (long-tail),22477.2012,22477.2012,6575.7661,75477.6595,188.6941,26.6954,43.7735,37.4064,,,37.4064,25.5717,15.7474,AERO,,,1.8621,106.7049,0.2926,0.4797,,,,,,,,,,8,,,,,,,,,,,,,,,,,True
8453:0x5d4e504eb4c526995e0cc7a6e327fda75d8b52b5,Base,Aerodrome Slipstream,aerodromecl,0x5d4e504eb4c526995e0cc7a6e327fda75d8b52b5,WETH/EURC,WETH,EURC,0.015,Голубая фишка/стейбл,21222.9362,21222.9362,17332.0913,168446.6241,25.267,4.4713,6.2079,7.1215,,,6.2079,0.0,0,,,,0.1978,0,0.8167,1.1339,,,,,,,,,,7,,,,,,,,,,,,,,,,,True
8453:0x28a9ec9928a689410e82e579fd9418fbbf6452f3,Base,Aerodrome Slipstream,aerodromecl,0x28a9ec9928a689410e82e579fd9418fbbf6452f3,WETH/FAI,WETH,FAI,0.5,Альт/мем (long-tail),21071.9885,21071.9885,15497.8236,121826.4459,609.1322,134.2233,150.7304,338.2976,,,150.7304,232.4383,134.19,AERO,,,5.7923,81.649,0.7355,0.8259,,,,,,,,,,8,,,,,,,,,,,,,,,,высокий APR на микро-TVL,True
8453:0xea5cb64754ad7aa24f7a6bbe3b724f29b4f822b8,Base,Aerodrome Slipstream,aerodromecl,0xea5cb64754ad7aa24f7a6bbe3b724f29b4f822b8,USDC/RIZE,USDC,RIZE,0.3,Альт/мем (long-tail),18417.8614,18417.8614,17935.8223,177635.7419,532.9072,106.6341,150.8715,297.5468,,,150.8715,164.5415,83.0275,AERO,,,19.6443,318.8434,0.9738,1.3778,,,,,,,,,,8,,,,,,,,,,,,,,,,высокий APR на микро-TVL,True
8453:0xb7068556049df8fb3ae77ccbb9611fe0e85b2641,Base,Aerodrome Slipstream,aerodromecl,0xb7068556049df8fb3ae77ccbb9611fe0e85b2641,USDC/ODOS,USDC,ODOS,0.6,Альт/мем (long-tail),18181.9793,18181.9793,2030.6029,12632.4377,75.7946,24.4584,21.7366,72.4013,,,21.7366,106.6174,53.11,AERO,,,0.1195,149.9635,0.1117,0.0993,,,,,,,,,,8,,,,,,,,,,,,,,,,,True
8453:0xafb62448929664bfccb0aae22f232520e765ba88,Base,Aerodrome Slipstream,aerodromecl,0xafb62448929664bfccb0aae22f232520e765ba88,WETH/DEGEN,WETH,DEGEN,0.2409,Крупный альт,17831.8851,17831.8851,7329.724,61742.4299,150.2173,36.1705,43.9256,34.5854,,,34.5854,95.4015,46.6079,AERO,,,0.846,106.7205,0.411,0.4946,,,,,,,,,,7,,,,,,,,,,,,,,,,,True
8453:0x22a52bb644f855ebd5ca2edb643ff70222d70c31,Base,Aerodrome Slipstream,aerodromecl,0x22a52bb644f855ebd5ca2edb643ff70222d70c31,WETH/AIXBT,WETH,AIXBT,0.26,Альт/мем (long-tail),16121.4052,16121.4052,7852.4178,49443.2697,128.5525,46.2239,41.5788,64.1094,,,41.5788,79.3328,35.0399,AERO,,,0.4292,126.9126,0.4871,0.4381,,,,,,,,,,8,,,,,,,,,,,,,,,,,True
8453:0x3c5428b3d6e07f6de38b0c7f84ea9d30b3b27231,Base,Aerodrome Slipstream,aerodromecl,0x3c5428b3d6e07f6de38b0c7f84ea9d30b3b27231,EIGEN/WETH,EIGEN,WETH,0.25,Крупный альт,15723.0665,15723.0665,3769.6962,59360.6481,148.4016,21.8777,49.2149,45.0219,,,45.0219,28.722,12.3725,AERO,,,3.126,128.3316,0.2398,0.5393,,,,,,,,,,7,,,,,,,,,,,,,,,,,True
8453:0x4f5905e36ac07ee1f01ffb939aa7f212a58d5cdf,Base,Aerodrome Slipstream,aerodromecl,0x4f5905e36ac07ee1f01ffb939aa7f212a58d5cdf,USDC/CBBTC,USDC,CBBTC,0.0226,Голубая фишка/стейбл,15368.1634,15368.1634,4176.4874,101496.2826,17.0142,1.9707,5.7728,8.0119,,,5.7728,0.0,0,,,,0.534,0,0.2718,0.9435,,,,,,,,,,7,,,,,,,,,,,,,,,,,True
8453:0x80cc08712aa61ce9dc7604f9ce7560a25094b862,Base,Aerodrome Slipstream,aerodromecl,0x80cc08712aa61ce9dc7604f9ce7560a25094b862,USDC/SAPIEN,USDC,SAPIEN,0.4515,Альт/мем (long-tail),14673.9093,14673.9093,10409.7935,108618.6952,498.7697,117.1756,177.2348,382.5319,,,177.2348,296.5903,119.2367,AERO,,,0.5809,235.3213,0.7094,1.0575,,,,,,,,,,8,,,,,,,,,,,,,,,,высокий APR на микро-TVL,True
8453:0x02d48df39d05596439b3aee17e2a2a9512dd0f07,Base,Aerodrome Slipstream,aerodromecl,0x02d48df39d05596439b3aee17e2a2a9512dd0f07,USDC/WLTH,USDC,WLTH,0.05,Альт/мем (long-tail),14624.3692,14624.3692,1186.6863,3104.8531,1.5524,1.4809,0.5535,0.4264,,,0.4264,0.0,0,,,,,,0.0811,0.0303,,,,,,,,,,8,,,,,,,,,,,,,,,,,True
8453:0xe8833415bd6aee9c0c7b6aad7dc80421c3f28ca1,Base,Aerodrome Slipstream,aerodromecl,0xe8833415bd6aee9c0c7b6aad7dc80421c3f28ca1,WETH/COOKIE,WETH,COOKIE,0.27,Альт/мем (long-tail),13960.6843,13960.6843,3724.8849,32625.4504,88.0887,26.2943,32.9009,79.455,,,32.9009,0.0,0,,,,0.9449,0,0.2668,0.3339,,,,,,,,,,8,,,,,,,,,,,,,,,,,True
8453:0xc35d9e6fc72e8ec2935fae56f07afad2ce4dcb1b,Base,Aerodrome Slipstream,aerodromecl,0xc35d9e6fc72e8ec2935fae56f07afad2ce4dcb1b,TBTC/T,TBTC,T,0.3,Альт/мем (long-tail),13095.8603,13095.8603,1146.9989,18667.8814,56.0036,9.5905,22.2986,22.424,,,22.2986,563.9429,202.3375,AERO,,,2.3505,74.0317,0.0876,0.2036,,,,,,,,,,8,,,,,,,,,,,,,,,,доход держится на эмиссии,True
8453:0x9cadc7e36191c8b40d0d02b830dc32ce2242d27b,Base,Aerodrome Slipstream,aerodromecl,0x9cadc7e36191c8b40d0d02b830dc32ce2242d27b,IDRX/USDC,IDRX,USDC,0.15,Альт/мем (long-tail),12985.137,12985.137,1128.5586,7252.8421,10.8793,4.7584,4.3687,9.8955,,,4.3687,1.3869,0.4934,AERO,,,25.0453,11.8128,0.0869,0.0798,,,,,,,,,,8,,,,,,,,,,,,,,,,,True
8453:0x50f8f7ffbd70c6c87b1668eee4e03f5ac057de3f,Base,Aerodrome Slipstream,aerodromecl,0x50f8f7ffbd70c6c87b1668eee4e03f5ac057de3f,SYND/WETH,SYND,WETH,0.9586,Альт/мем (long-tail),12491.3089,12491.3089,1586.4721,23102.6759,221.6949,44.2486,92.5428,125.8858,,,92.5428,130.7724,44.7539,AERO,,,0.2081,230.9741,0.127,0.2642,,,,,,,,,,8,,,,,,,,,,,,,,,,,True
8453:0xd3d9f0f7d0d477e0a19222965b59233ad7f6bc6b,Base,Aerodrome Slipstream,aerodromecl,0xd3d9f0f7d0d477e0a19222965b59233ad7f6bc6b,USDC/FRXUSD,USDC,FRXUSD,0.01,Стейбл/стейбл,12436.0222,12436.0222,12118.1636,96244.5296,9.6245,3.5567,4.0354,3.9584,,,3.9584,2.8968,0.987,AERO,,,2.9158,8.9227,0.9744,1.1056,,,,,,,,,,7,,,,,,,,,,,,,,,,,True
8453:0xcf88b8bf7ccce2d836878e538197eb20fc673bce,Base,Aerodrome Slipstream,aerodromecl,0xcf88b8bf7ccce2d836878e538197eb20fc673bce,USDZ/WETH,USDZ,WETH,0.04,Голубая фишка/стейбл,12261.8601,12261.8601,2048.9535,26931.266,10.7725,2.4397,4.5809,3.9901,,,3.9901,61.9968,20.8273,AERO,,,0.424,37.2379,0.1671,0.3138,,,,,,,,,,7,,,,,,,,,,,,,,,,доход держится на эмиссии,True
8453:0x0652202c4b2d09cb93aedefadc14b36869483a98,Base,Aerodrome Slipstream,aerodromecl,0x0652202c4b2d09cb93aedefadc14b36869483a98,WETH/USDC,WETH,USDC,0.0654,Голубая фишка/стейбл,11467.1294,11467.1294,3132.9556,33619.3394,18.2655,6.4194,8.3056,11.2714,,,8.3056,14.3052,4.4942,AERO,,,39.577,17.8244,0.2732,0.4188,,,,,,,,,,7,,,,,,,,,,,,,,,,,True
8453:0x3054f64e28140ee00428be94eac4ad6f7241712a,Base,Aerodrome Slipstream,aerodromecl,0x3054f64e28140ee00428be94eac4ad6f7241712a,WETH/UZEC,WETH,UZEC,0.3,Альт/мем (long-tail),10599.3223,10599.3223,1784.2016,42166.2383,126.4987,18.4323,62.2304,96.526,,,62.2304,89.4496,25.9755,AERO,,,3.0438,91.2952,0.1683,0.5683,,,,,,,,,,8,,,,,,,,,,,,,,,,,True
8453:0x56b92e5b391dbfb8b8028ac95a4b97f52ffeb416,Base,Aerodrome Slipstream,aerodromecl,0x56b92e5b391dbfb8b8028ac95a4b97f52ffeb416,WETH/KAITO,WETH,KAITO,0.2521,Крупный альт,10305.4353,10305.4353,9642.7209,148517.2218,377.056,87.3086,190.7806,220.9616,,,190.7806,148.1338,41.8242,AERO,,,0.3384,136.0656,0.9357,2.0588,,,,,,,,,,7,,,,,,,,,,,,,,,,,True
8453:0x4289a0666397f517c2a761652aaebaf6a4f7a693,Base,Aerodrome Slipstream,aerodromecl,0x4289a0666397f517c2a761652aaebaf6a4f7a693,WETH/USDS,WETH,USDS,0.04,Голубая фишка/стейбл,10091.8188,10091.8188,9928.822,115964.3325,46.3857,14.3642,23.9668,25.0201,,,23.9668,21.858,6.0435,AERO,,,1.165,14.2282,0.9838,1.6416,,,,,,,,,,7,,,,,,,,,,,,,,,,,True
8453:0x0c3b466104545efa096b8f944c1e524e1d0d4888,Base,Uniswap v2,uniswapv2,0x0c3b466104545efa096b8f944c1e524e1d0d4888,VIRTUAL/TIBBIR,VIRTUAL,TIBBIR,0.3,Альт/мем (long-tail),3798177.4981,3798177.4981,194428.5966,8906466.8477,26719.4005,5.6053,36.6814,16.3979,9.5434,3.8302,9.5434,0.0,0,,,,,,0.0512,0.335,1.6125,1.7738,32.5003,36.6814,1.0,1.1286,-22.957,,-2.8696,8,1.1395,0.2518,15.0227,83.588,27.5513,-17.8475,-0.7357,-0.4812,-69.8699,93.9975,1.9055,6.3244,90.0,3820324.7587,-0.5797,,False
8453:0x6a77cdec82eff6a6a5d273f18c1c27cd3d71a588,Base,Uniswap v2,uniswapv2,0x6a77cdec82eff6a6a5d273f18c1c27cd3d71a588,WETH/DINO,WETH,DINO,0.3,Альт/мем (long-tail),3251689.6993,3251689.6993,5039.4749,51688.3995,155.0652,0.1697,0.2487,0.3637,0.2445,0.1171,0.2445,0.0,0,,,,0.171,,0.0015,0.0023,0.1634,0.3836,0.3338,0.2487,1.0,0.7449,-0.0893,,-0.0179,5,1.123,0.1295,6.0172,36.5777,9.0643,25.1087,-0.094,-0.624,-3.3393,12.6161,12880662.1833,16243235.3175,90.0,3250343.3977,0.0414,,False
8453:0x3f2bb479c96227805dd98d862f564afc0131478c,Base,Uniswap v2,uniswapv2,0x3f2bb479c96227805dd98d862f564afc0131478c,OPAL/WETH,OPAL,WETH,0.3,Альт/мем (long-tail),2814123.8028,2814123.8028,4356.7563,63037.4552,189.1124,0.1695,0.3504,0.4379,0.2499,0.0515,0.2499,0.0,0,,,,0.1696,,0.0015,0.0032,0.5734,0.3802,4.1102,0.3504,1.0,0.0853,-3.8603,,-0.6434,6,4.1834,0.0424,3.4704,,-13.2184,,-0.2507,,-26.7104,28.5569,0.0,0.0001,33.6667,2815115.9533,-0.0352,,False
8453:0xd418dfe7670c21f682e041f34250c114db5d7789,Base,Uniswap v2,uniswapv2,0xd418dfe7670c21f682e041f34250c114db5d7789,VIRTUAL/GAME,VIRTUAL,GAME,0.3,Альт/мем (long-tail),2654062.1763,2654062.1763,19712.5279,214929.472,644.7884,0.8133,1.2668,1.7513,1.2043,0.2229,1.2043,0.0,0,,,,,,0.0074,0.0116,1.238,1.3368,19.1565,1.2668,1.0,0.0661,-17.9522,,-2.244,8,1.7893,0.1692,1.0842,45.1472,60.4254,24.6253,-2.729,-0.6027,-48.3611,40.6087,77.2368,157.1884,90.0,2684692.3642,-1.1409,,False
8453:0xa8e64fb120ce8796594670bae72279c8aa1e5359,Base,Uniswap v2,uniswapv2,0xa8e64fb120ce8796594670bae72279c8aa1e5359,VIRTUAL/LUNA,VIRTUAL,LUNA,0.3,Альт/мем (long-tail),2071009.18,2071009.18,8878.8379,42198.5281,126.5956,0.4694,0.3187,0.3057,0.336,0.0791,0.3057,0.0,0,,,,,,0.0043,0.0029,0.1775,0.3454,0.3938,0.3187,1.0,0.8094,-0.0881,,-0.0176,5,0.833,0.1113,23.2211,46.329,8.1152,19.3693,-0.0761,-0.3906,-4.927,11.2917,116.016,139.2811,89.9583,2064340.9768,0.323,,False
8453:0xe31c372a7af875b3b5e0f3713b17ef51556da667,Base,Uniswap v2,uniswapv2,0xe31c372a7af875b3b5e0f3713b17ef51556da667,VIRTUAL/WETH,VIRTUAL,WETH,0.3,Крупный альт,1587611.7401,1587611.7401,179141.8737,1256771.7478,3770.3152,12.3557,12.3831,11.0412,7.7177,3.161,7.7177,0.0,0,,,,11.3909,,0.1128,0.1131,0.6838,1.0154,5.8449,12.3831,1.0,2.1186,1.8728,,0.3121,6,0.9729,0.143,20.0535,51.5347,15.9607,5.4118,-0.2735,-0.0347,-31.5394,19.3364,0.0002,0.0004,90.0,1589556.9235,-0.1224,,False
8453:0x88a43bbdf9d098eec7bceda4e2494615dfd9bb9c,Base,Uniswap v2,uniswapv2,0x88a43bbdf9d098eec7bceda4e2494615dfd9bb9c,WETH/USDC,WETH,USDC,0.3,Голубая фишка/стейбл,1342282.4672,1342282.4672,18990.3475,303896.8403,911.6905,1.5492,3.5416,110.4448,4.3428,2.2487,3.5416,0.0,0,,,,1.4704,,0.0141,0.0323,0.5123,1.6457,3.2801,3.5416,1.0,1.0797,0.2615,,0.0523,5,8.2727,0.0652,5.9516,16.1753,10.8777,53.242,-0.1331,-2.2351,-29.0529,37.6042,1476.9385,2794.8913,90.0,,,,False
8453:0xde66c35e01ed8e619bf092352338ef94f2327337,Base,Uniswap v2,uniswapv2,0xde66c35e01ed8e619bf092352338ef94f2327337,WETH/FREN PET,WETH,FREN PET,0.3,Альт/мем (long-tail),1140104.0439,1140104.0439,528429.4561,1359081.9129,4077.2457,50.7524,18.6474,12.8575,11.679,0.4683,11.679,0.0,0,,,,50.9389,,0.4635,0.1703,4.436,3.965,245.9785,18.6474,1.0,0.0758,-234.2996,,-29.2874,8,1.2065,0.3476,46.1422,567.804,-71.3633,-98.9569,-16.7994,-79.7844,-99.0309,1491.4002,246.7009,25457.2899,89.875,,,,False
8453:0xe1bed6aadba5471700f16a47eee2504346b724ad,Base,Uniswap v2,uniswapv2,0xe1bed6aadba5471700f16a47eee2504346b724ad,ZUZALU/WETH,ZUZALU,WETH,0.3,Альт/мем (long-tail),1086097.9449,1086097.9449,38326.2577,259695.9543,779.0879,3.864,3.7404,3.7166,3.7604,0.0,3.7166,0.0,0,,,,3.8361,,0.0353,0.0342,0.2368,0.437,0.7012,3.7404,1.0,5.3345,3.0154,,0.7539,4,0.509,0.0992,9.5778,40.094,-2.4618,-0.1085,-0.0078,-0.0,-7.9654,4.5908,0.0,0.0,89.9583,,,,False
8453:0x7464850cc1cfb54a2223229b77b1bca2f888d946,Base,Uniswap v2,uniswapv2,0x7464850cc1cfb54a2223229b77b1bca2f888d946,VIRTUAL/AIXBT,VIRTUAL,AIXBT,0.3,Альт/мем (long-tail),1083593.7199,1083593.7199,25430.7366,98365.7776,295.0973,2.5698,1.42,1.2498,,,1.2498,0.0,0,,,,,,0.0235,0.013,,,,1.42,1.0,,,,,6,,,,,,,,,,,,,,,,,False
8453:0x3268d7efa254e648ffe968664e47ca226e27cd04,Base,Uniswap v2,uniswapv2,0x3268d7efa254e648ffe968664e47ca226e27cd04,VIRTUAL/CONVO,VIRTUAL,CONVO,0.3,Альт/мем (long-tail),967606.8826,967606.8826,1208.6471,1470.6176,4.4119,0.1368,0.0238,0.0839,0.0114,0.0015,0.0114,0.0,0,,,,,,0.0012,0.0002,0.1034,0.169,0.1335,0.0238,1.0,0.1781,-0.1221,,-0.0204,6,3.1219,0.0866,21.6964,50.3127,2.0016,6.0265,-0.0049,-0.0428,-1.3146,5.0251,868.9377,932.9424,89.8333,,,,False
8453:0xdaae8afdeb4d31e4f6a0cdb9d490d4188d48c0a9,Base,Uniswap v2,uniswapv2,0xdaae8afdeb4d31e4f6a0cdb9d490d4188d48c0a9,VIRTUAL/AIDOG,VIRTUAL,AIDOG,0.3,Альт/мем (long-tail),900346.4039,900346.4039,7115.9359,17389.7433,52.1692,0.8654,0.3021,0.5103,0.4759,0.1509,0.3021,0.0,0,,,,,,0.0079,0.0028,0.3713,0.4383,1.7232,0.3021,1.0,0.1753,-1.4211,,-0.203,7,0.9866,0.3088,24.29,45.1011,9.2688,21.3398,-0.0981,-0.4658,-11.4683,15.761,92.3245,120.9411,90.0,,,,False
8453:0x377feeed4820b3b28d1ab429509e7a0789824fca,Base,Uniswap v2,uniswapv2,0x377feeed4820b3b28d1ab429509e7a0789824fca,WETH/KEYCAT,WETH,KEYCAT,0.3,Альт/мем (long-tail),897815.7043,897815.7043,76239.9478,947494.4613,2842.4834,9.2984,16.5084,12.4665,11.0067,3.603,11.0067,0.0,0,,,,9.2383,,0.0849,0.1508,1.3614,1.6707,23.1678,16.5084,1.0,0.7126,-12.1611,,-1.3512,9,1.2017,0.2125,-3.2168,55.9806,33.8978,3.0285,-1.0557,-0.0111,-48.0337,39.3241,2705603.8284,5206455.7098,90.0,,,,False
8453:0x3f413fccaea59b8053d605aea7ae847c02ed5d95,Base,Uniswap v2,uniswapv2,0x3f413fccaea59b8053d605aea7ae847c02ed5d95,WETH/NPC,WETH,NPC,0.3,Альт/мем (long-tail),851888.0177,851888.0177,69062.5116,738236.1547,2214.7085,8.8772,13.5559,17.2529,12.9743,2.1967,12.9743,0.0,0,,,,8.6497,,0.0811,0.1238,1.2194,1.2164,18.588,13.5559,1.0,0.7293,-5.6137,,-0.6237,9,0.9052,0.3545,7.36,139.2172,8.2075,-56.5498,-0.0777,-8.098,-72.2849,152.1806,104181.4159,375901.8282,89.9583,,,,False
8453:0xe5947c01fb3a4b6703f9416c29ff736285bfd403,Base,Uniswap v2,uniswapv2,0xe5947c01fb3a4b6703f9416c29ff736285bfd403,USDC/CBBTC,USDC,CBBTC,0.3,Голубая фишка/стейбл,652509.8847,652509.8847,7016.929,56697.2333,170.0917,1.1775,1.3592,1.3979,,,1.3592,0.0,0,,,,1.1265,,0.0108,0.0124,,,,1.3592,1.0,,,,,6,,,,,,,,,,,,,,,,,False
8453:0x1fae246b1b2d0ce47126bbb109850da355352d77,Base,Uniswap v2,uniswapv2,0x1fae246b1b2d0ce47126bbb109850da355352d77,TRUE/WETH,TRUE,WETH,0.3,Альт/мем (long-tail),636250.1642,636250.1642,104414.0601,589034.3097,1767.1029,17.9699,14.482,60.2407,,,14.482,0.0,0,,,,15.1793,,0.1641,0.1323,,,,14.482,1.0,,,,,7,,,,,,,,,,,,,,,,,False
8453:0x6d6391b9bd02eefa00fa711fb1cb828a6471d283,Base,Uniswap v2,uniswapv2,0x6d6391b9bd02eefa00fa711fb1cb828a6471d283,WETH/SKI,WETH,SKI,0.3,Альт/мем (long-tail),608514.833,608514.833,6968.9732,89633.9372,268.9018,1.254,2.3042,4.693,,,2.3042,0.0,0,,,,1.2435,,0.0115,0.021,,,,2.3042,1.0,,,,,7,,,,,,,,,,,,,,,,,False
8453:0x2d23ab81a234996f7f56bd6dd33bf820e36fb3bf,Base,Uniswap v2,uniswapv2,0x2d23ab81a234996f7f56bd6dd33bf820e36fb3bf,CHARRED/USDC,CHARRED,USDC,0.3,Альт/мем (long-tail),595984.6523,595984.6523,2229.4786,6987.0204,20.9611,0.4096,0.1834,0.8276,,,0.1834,0.0,0,,,,0.4114,,0.0037,0.0017,,,,0.1834,1.0,,,,,7,,,,,,,,,,,,,,,,,False
8453:0x06831088c586d475e51c37c716f8f5c601793ef4,Base,Uniswap v2,uniswapv2,0x06831088c586d475e51c37c716f8f5c601793ef4,WETH/DCAI,WETH,DCAI,0.3,Альт/мем (long-tail),480643.6855,480643.6855,15260.7418,108508.1716,325.5245,3.4767,3.5315,3.4604,,,3.4604,0.0,0,,,,3.4943,,0.0318,0.0323,,,,3.5315,1.0,,,,,7,,,,,,,,,,,,,,,,,False
8453:0x17a3ad8c74c4947005afeda9965305ae2eb2518a,Base,Uniswap v2,uniswapv2,0x17a3ad8c74c4947005afeda9965305ae2eb2518a,WETH/MIGGLES,WETH,MIGGLES,0.3,Альт/мем (long-tail),434221.7595,434221.7595,15243.7739,191224.4248,573.6733,3.8441,6.8889,9.509,,,6.8889,0.0,0,,,,4.1904,,0.0351,0.0629,,,,6.8889,1.0,,,,,7,,,,,,,,,,,,,,,,,False
8453:0x45f4db10bb0102c133f1c70500124e4569f3edcd,Base,Uniswap v2,uniswapv2,0x45f4db10bb0102c133f1c70500124e4569f3edcd,WETH/FROK,WETH,FROK,0.3,Альт/мем (long-tail),347498.0166,347498.0166,2433.562,13314.0579,39.9422,0.7668,0.5993,2.75,,,0.5993,0.0,0,,,,0.7732,,0.007,0.0055,,,,0.5993,1.0,,,,,7,,,,,,,,,,,,,,,,,False
8453:0xb84edd4a8b3622469228927634b3f2e562391fed,Base,Uniswap v2,uniswapv2,0xb84edd4a8b3622469228927634b3f2e562391fed,WETH/VRAX,WETH,VRAX,0.3,Альт/мем (long-tail),336083.0371,336083.0371,532303.1537,2294082.1868,6882.2466,173.4309,106.7772,24.9147,212.7481,,24.9147,0.0,0,,,,177.9306,,1.5838,0.9751,8.7286,8.7286,952.3598,106.7772,1.0,0.1121,-927.4451,,-115.9306,8,0.2233,0.3188,,,,,,,-95.7866,1269.9314,2532013640.2767,60093700103.646,4.1667,,,разовый всплеск объёма; пул моложе 3 недель,False
8453:0xea8b7ed6170e0ea3703dde6b496b065a8ececd7b,Base,Uniswap v2,uniswapv2,0xea8b7ed6170e0ea3703dde6b496b065a8ececd7b,RUSSELL/WETH,RUSSELL,WETH,0.3,Альт/мем (long-tail),325572.5974,325572.5974,10244.8044,186688.9029,560.0667,3.4456,8.9699,11.5633,,,8.9699,0.0,0,,,,4.2652,,0.0315,0.0819,,,,8.9699,1.0,,,,,7,,,,,,,,,,,,,,,,,False
8453:0xa1dddb82501e8fe2d92ad0e8ba331313f501de72,Base,Uniswap v2,uniswapv2,0xa1dddb82501e8fe2d92ad0e8ba331313f501de72,VIRTUAL/VADER,VIRTUAL,VADER,0.3,Альт/мем (long-tail),316226.4529,316226.4529,10842.4736,31760.0113,95.28,3.7544,1.5711,1.5725,,,1.5711,0.0,0,,,,,,0.0343,0.0143,,,,1.5711,1.0,,,,,7,,,,,,,,,,,,,,,,,False
8453:0xf19135499ccc96622bc08dbd080aea66e9a08a44,Base,Uniswap v2,uniswapv2,0xf19135499ccc96622bc08dbd080aea66e9a08a44,VIRTUAL/PRXVT,VIRTUAL,PRXVT,0.3,Альт/мем (long-tail),292675.4679,292675.4679,31117.9906,82971.6037,248.9148,11.6423,4.4346,5.1204,,,4.4346,0.0,0,,,,,,0.1063,0.0405,,,,4.4346,1.0,,,,,7,,,,,,,,,,,,,,,,,False
8453:0x39a72b1292aaed73b9b5633e14f88fe9a89f400b,Base,Uniswap v2,uniswapv2,0x39a72b1292aaed73b9b5633e14f88fe9a89f400b,BTCB/WETH,BTCB,WETH,0.3,Альт/мем (long-tail),292521.4495,292521.4495,2273.2345,9847.6037,29.5428,0.8509,0.5266,0.6534,,,0.5266,0.0,0,,,,0.8514,,0.0078,0.0048,,,,0.5266,1.0,,,,,7,,,,,,,,,,,,,,,,,False
8453:0x8ffd336d457ada04a2d5112f8f0c1f1a84577f2f,Base,Uniswap v2,uniswapv2,0x8ffd336d457ada04a2d5112f8f0c1f1a84577f2f,WIRE/VIRTUAL,WIRE,VIRTUAL,0.3,Альт/мем (long-tail),272746.6782,272746.6782,2733.8344,56277.8274,168.8335,1.0976,3.2277,4.8816,,,3.2277,0.0,0,,,,,,0.01,0.0295,,,,3.2277,1.0,,,,,7,,,,,,,,,,,,,,,,,False
8453:0x9a39599bac58e95ee40e354c6c67710a9f1834e7,Base,Uniswap v2,uniswapv2,0x9a39599bac58e95ee40e354c6c67710a9f1834e7,WETH/AGL,WETH,AGL,0.3,Альт/мем (long-tail),271286.1979,271286.1979,552414.8979,1778442.7042,5335.3281,222.9728,102.5483,23.9279,247.9146,,23.9279,0.0,0,,,,228.5819,,2.0363,0.9365,10.9992,10.9992,1512.2749,102.5483,1.0,0.0678,-1488.347,,-186.0434,8,0.2777,0.4095,,,,,,,-97.4614,2017.6605,1690195708.8045,66581089473.3947,3.2083,,,разовый всплеск объёма; пул моложе 3 недель,False
8453:0x039f7c7e22c1c3bba5e871029ca72d5ddead295b,Base,Uniswap v2,uniswapv2,0x039f7c7e22c1c3bba5e871029ca72d5ddead295b,VIRTUAL/ADM,VIRTUAL,ADM,0.3,Альт/мем (long-tail),261808.938,261808.938,6176.1015,148579.7879,445.7394,2.5831,8.8775,7.2594,,,7.2594,0.0,0,,,,,,0.0236,0.0811,,,,8.8775,1.0,,,,,7,,,,,,,,,,,,,,,,,False
8453:0x47006dcfc5aa14b577d3d2a0e39f72046bf4c054,Base,Uniswap v2,uniswapv2,0x47006dcfc5aa14b577d3d2a0e39f72046bf4c054,VIRTUAL/ETHY,VIRTUAL,ETHY,0.3,Альт/мем (long-tail),254644.9557,254644.9557,19503.5507,74603.4102,223.8102,8.3867,4.5829,7.4778,,,4.5829,0.0,0,,,,,,0.0766,0.0419,,,,4.5829,1.0,,,,,7,,,,,,,,,,,,,,,,,False
8453:0x6ee050f3da4cb50be42129d43d3ffe66c0ecba54,Base,Uniswap v2,uniswapv2,0x6ee050f3da4cb50be42129d43d3ffe66c0ecba54,VIRTUAL/MUTE,VIRTUAL,MUTE,0.3,Альт/мем (long-tail),240820.5728,240820.5728,26313.2033,37404.0919,112.2123,11.9645,2.4296,2.8859,,,2.4296,0.0,0,,,,,,0.1093,0.0222,,,,2.4296,1.0,,,,,8,,,,,,,,,,,,,,,,разовый всплеск объёма,False
8453:0x088b26d97270cec5922176654ec484a1b307ba90,Base,Uniswap v2,uniswapv2,0x088b26d97270cec5922176654ec484a1b307ba90,DCPLUS/WETH,DCPLUS,WETH,0.3,Альт/мем (long-tail),236530.289,236530.289,11548.3892,80889.4669,242.6684,5.3462,5.3496,4.6146,,,4.6146,0.0,0,,,,2.685,,0.0488,0.0489,,,,5.3496,1.0,,,,,8,,,,,,,,,,,,,,,,,False
8453:0x43447f02ada550929f1f0619471a8f8dba173243,Base,Uniswap v2,uniswapv2,0x43447f02ada550929f1f0619471a8f8dba173243,VIRTUAL/SIBYL,VIRTUAL,SIBYL,0.3,Альт/мем (long-tail),217818.0438,217818.0438,10888.6122,193957.0675,581.8712,5.4738,13.9293,23.9728,,,13.9293,0.0,0,,,,,,0.05,0.1272,,,,13.9293,1.0,,,,,8,,,,,,,,,,,,,,,,,False
8453:0x950940e529e605959841dae8bb55592f45a6c8a5,Base,Uniswap v2,uniswapv2,0x950940e529e605959841dae8bb55592f45a6c8a5,TZ/WETH,TZ,WETH,0.3,Альт/мем (long-tail),216807.4304,216807.4304,2428.3989,17266.1135,51.7983,1.2265,1.2458,1.5284,,,1.2458,0.0,0,,,,1.2341,,0.0112,0.0114,,,,1.2458,1.0,,,,,8,,,,,,,,,,,,,,,,,False
8453:0xd87ea5f46615e1175c909610766e853faa5f94be,Base,Uniswap v2,uniswapv2,0xd87ea5f46615e1175c909610766e853faa5f94be,VIRTUAL/FACY,VIRTUAL,FACY,0.3,Альт/мем (long-tail),195521.4192,195521.4192,4424.589,32618.0794,97.8542,2.478,2.6096,3.0779,,,2.6096,0.0,0,,,,,,0.0226,0.0238,,,,2.6096,1.0,,,,,8,,,,,,,,,,,,,,,,,False
8453:0x0ef3c117d6369a382bc24c05c9f2bae598b0208d,Base,Uniswap v2,uniswapv2,0x0ef3c117d6369a382bc24c05c9f2bae598b0208d,BASEFOREVER TOKEN/USDC,BASEFOREVER TOKEN,USDC,0.3,Альт/мем (long-tail),195188.3798,195188.3798,5718.847,49905.6259,149.7169,3.2083,3.9996,3.8398,,,3.8398,0.0,0,,,,3.7577,,0.0293,0.0365,,,,3.9996,1.0,,,,,8,,,,,,,,,,,,,,,,,False
8453:0x7dc3662f4c2c41c5752652e8b417a9024c2b1f63,Base,Uniswap v2,uniswapv2,0x7dc3662f4c2c41c5752652e8b417a9024c2b1f63,A1C/WETH,A1C,WETH,0.3,Альт/мем (long-tail),194901.6942,194901.6942,3293.6938,70184.2295,210.5527,1.8505,5.633,11.3643,,,5.633,0.0,0,,,,1.8599,,0.0169,0.0514,,,,5.633,1.0,,,,,8,,,,,,,,,,,,,,,,,False
8453:0x68b34fd640ee48e93b9d81eaf4cbd4e489d5d17f,Base,Uniswap v2,uniswapv2,0x68b34fd640ee48e93b9d81eaf4cbd4e489d5d17f,REPLY/VIRTUAL,REPLY,VIRTUAL,0.3,Альт/мем (long-tail),189560.7936,189560.7936,8851.0095,16402.8237,49.2085,5.1128,1.3536,0.9022,,,0.9022,0.0,0,,,,,,0.0467,0.0124,,,,1.3536,1.0,,,,,8,,,,,,,,,,,,,,,,разовый всплеск объёма,False
8453:0xeb0669d2622b840eff37e155eddd2ab3260c7940,Base,Uniswap v2,uniswapv2,0xeb0669d2622b840eff37e155eddd2ab3260c7940,VIRTUAL/AVA,VIRTUAL,AVA,0.3,Альт/мем (long-tail),189132.6737,189132.6737,20264.1241,121257.739,363.7732,11.7321,10.029,13.3727,,,10.029,0.0,0,,,,,,0.1071,0.0916,,,,10.029,1.0,,,,,8,,,,,,,,,,,,,,,,,False
8453:0x51b8f730f8bf77236e6040cc503a560b3c52e12c,Base,Uniswap v2,uniswapv2,0x51b8f730f8bf77236e6040cc503a560b3c52e12c,WETH/AEROBUD,WETH,AEROBUD,0.3,Альт/мем (long-tail),182984.8555,182984.8555,2542.7689,16883.4403,50.6503,1.5216,1.4433,1.928,,,1.4433,0.0,0,,,,1.5083,,0.0139,0.0132,,,,1.4433,1.0,,,,,8,,,,,,,,,,,,,,,,,False
8453:0x5ff9912f6b7ee031d6e25a03c874a9102814c60c,Base,Uniswap v2,uniswapv2,0x5ff9912f6b7ee031d6e25a03c874a9102814c60c,VIRTUAL/CAS,VIRTUAL,CAS,0.3,Альт/мем (long-tail),178636.4304,178636.4304,38397.5446,258776.5752,776.3297,23.5368,22.6606,10.5851,,,10.5851,0.0,0,,,,,,0.2149,0.2069,,,,22.6606,1.0,,,,,8,,,,,,,,,,,,,,,,,False
8453:0x30ec7b2f5be26d03d20ac86554daadd2b738ca0f,Base,Uniswap v2,uniswapv2,0x30ec7b2f5be26d03d20ac86554daadd2b738ca0f,WETH/AQUARI,WETH,AQUARI,0.3,Альт/мем (long-tail),138814.9854,138814.9854,1333.6445,20095.981,60.2879,1.052,2.2646,3.0257,,,2.2646,0.0,0,,,,1.054,,0.0096,0.0207,,,,2.2646,1.0,,,,,8,,,,,,,,,,,,,,,,,False
8453:0xaf7e6022c6eaa0e5bb2abb3ffcc197ac6fd81991,Base,Uniswap v2,uniswapv2,0xaf7e6022c6eaa0e5bb2abb3ffcc197ac6fd81991,BYE/WETH,BYE,WETH,0.3,Альт/мем (long-tail),130939.5232,130939.5232,153770.0635,621903.4781,1865.7104,128.5924,74.2965,17.3358,,,17.3358,0.0,0,,,,126.686,,1.1744,0.6785,,,,74.2965,1.0,,,,,8,,,,,,,,,,,,,,,,высокий APR на микро-TVL; разовый всплеск объёма,False
8453:0x631a65517e18fb5a7f0514e72b2ba7c19c9d1f16,Base,Uniswap v2,uniswapv2,0x631a65517e18fb5a7f0514e72b2ba7c19c9d1f16,WETH/SIREN,WETH,SIREN,0.3,Альт/мем (long-tail),128210.074,128210.074,2464.6507,44831.4343,134.4943,2.105,5.4699,8.7938,,,5.4699,0.0,0,,,,1.8588,,0.0192,0.05,,,,5.4699,1.0,,,,,8,,,,,,,,,,,,,,,,,False
8453:0xe0315a78db0f273ea3fbe16e087935e2481e255a,Base,Uniswap v2,uniswapv2,0xe0315a78db0f273ea3fbe16e087935e2481e255a,WETH/SPX44B,WETH,SPX44B,0.3,Альт/мем (long-tail),127186.8109,127186.8109,148208.7204,246044.9488,738.1348,127.5986,30.2614,7.061,,,7.061,0.0,0,,,,130.7226,,1.1653,0.2764,,,,30.2614,1.0,,,,,8,,,,,,,,,,,,,,,,высокий APR на микро-TVL; разовый всплеск объёма,False
8453:0x929401b2f3e9ad2c84eeee0a9f34486c53310d4c,Base,Uniswap v2,uniswapv2,0x929401b2f3e9ad2c84eeee0a9f34486c53310d4c,VIRTUAL/GLORIA,VIRTUAL,GLORIA,0.3,Альт/мем (long-tail),120485.1561,120485.1561,1400.1941,3403.5955,10.2108,1.2725,0.4419,0.24,,,0.24,0.0,0,,,,,,0.0116,0.004,,,,0.4419,1.0,,,,,8,,,,,,,,,,,,,,,,разовый всплеск объёма,False
8453:0x0e29f605ea2d80fb0f16a707a947e9bb753c5f47,Base,Uniswap v2,uniswapv2,0x0e29f605ea2d80fb0f16a707a947e9bb753c5f47,WETH/PNT,WETH,PNT,0.3,Альт/мем (long-tail),119036.6985,119036.6985,161114.9107,817380.7412,2452.1422,148.2071,107.4137,25.0632,126.6176,,25.0632,0.0,0,,,,146.6819,,1.3535,0.9809,4.7681,4.7681,284.1833,107.4137,1.0,0.378,-259.1201,,-25.912,10,0.4244,0.1339,,,,,,,-60.2137,51.0284,2337238.2775,5874483.2979,6.0417,,,высокий APR на микро-TVL; разовый всплеск объёма; пул моложе 3 недель,False
8453:0x21ec3170702c548cfb108b4c728b1caaf0c41c50,Base,Uniswap v2,uniswapv2,0x21ec3170702c548cfb108b4c728b1caaf0c41c50,WETH/ATNS,WETH,ATNS,0.3,Альт/мем (long-tail),114104.0394,114104.0394,206515.657,206515.657,619.547,198.1829,28.3118,6.6061,,,6.6061,0.0,0,,,,,,1.8099,0.2586,,,,28.3118,1.0,,,,,8,,,,,,,,,,,,,,,,высокий APR на микро-TVL; разовый всплеск объёма,False
8453:0xbe0de4d74086254e0a0737c660cc59cb6acc6d25,Base,Uniswap v2,uniswapv2,0xbe0de4d74086254e0a0737c660cc59cb6acc6d25,JUMP/WETH,JUMP,WETH,0.3,Альт/мем (long-tail),110511.8781,110511.8781,148147.9303,771372.5707,2314.1177,146.7914,109.1871,25.477,,,25.477,0.0,0,,,,147.1292,,1.3406,0.9971,,,,109.1871,1.0,,,,,8,,,,,,,,,,,,,,,,высокий APR на микро-TVL; разовый всплеск объёма,False
8453:0x38b66efbd07d90a95154fdc4fc9f498d164ac3fd,Base,Uniswap v2,uniswapv2,0x38b66efbd07d90a95154fdc4fc9f498d164ac3fd,AXIS/WETH,AXIS,WETH,0.3,Альт/мем (long-tail),109996.9213,109996.9213,211891.9961,864710.7698,2594.1323,210.9348,122.9721,28.6935,144.2723,,28.6935,0.0,0,,,,213.719,,1.9263,1.123,5.0521,5.0521,319.0408,122.9721,1.0,0.3854,-290.3473,,-29.0347,10,0.4475,0.1051,,,,,,,-47.6772,62.9957,0.0,0.0,6.0833,,,высокий APR на микро-TVL; разовый всплеск объёма; пул моложе 3 недель,False
8453:0x93e7c445d77e6506b77c869c469e4305c15c075b,Base,Uniswap v2,uniswapv2,0x93e7c445d77e6506b77c869c469e4305c15c075b,VIRTUAL/SR,VIRTUAL,SR,0.3,Альт/мем (long-tail),108217.7209,108217.7209,5013.8061,56113.2668,168.3398,5.0732,8.1112,25.3116,,,8.1112,0.0,0,,,,,,0.0463,0.0741,,,,8.1112,1.0,,,,,8,,,,,,,,,,,,,,,,,False
8453:0xc19fb7af58b67a072ce23362c2fb1d61ebe6d4ca,Base,Uniswap v2,uniswapv2,0xc19fb7af58b67a072ce23362c2fb1d61ebe6d4ca,VIRTUAL/CAP,VIRTUAL,CAP,0.3,Альт/мем (long-tail),106682.0675,106682.0675,1766.247,7233.9913,21.702,1.8129,1.0607,2.2836,,,1.0607,0.0,0,,,,,,0.0166,0.0097,,,,1.0607,1.0,,,,,8,,,,,,,,,,,,,,,,,False
8453:0x8357668966377879be18a942029dae8ba6b34dd8,Base,Uniswap v2,uniswapv2,0x8357668966377879be18a942029dae8ba6b34dd8,EUNICE/USDC,EUNICE,USDC,0.3,Альт/мем (long-tail),106497.3037,106497.3037,225784.1525,3178149.8673,9534.4496,232.1501,466.8226,270.0945,542.3979,388.1375,270.0945,0.0,0,,,,238.4616,,2.1201,4.2632,5.5579,5.5579,386.1227,466.8226,1.0,1.209,-116.0283,,-11.6028,10,0.573,0.2777,,,,,,,-77.658,133.8591,0.0003,0.0013,9.8333,,,высокий APR на микро-TVL; пул моложе 3 недель,False
8453:0x4d1be2504aaa97b9833a0951810eb421f14304a0,Base,Uniswap v2,uniswapv2,0x4d1be2504aaa97b9833a0951810eb421f14304a0,WETH/CRX,WETH,CRX,0.3,Альт/мем (long-tail),103380.861,103380.861,201471.1975,201471.1975,604.4136,213.3963,30.4852,7.1132,,,7.1132,0.0,0,,,,,,1.9488,0.2784,,,,30.4852,1.0,,,,,8,,,,,,,,,,,,,,,,высокий APR на микро-TVL; разовый всплеск объёма,False
8453:0xa33c652590ffe9bdde3c3eb815b9a14ef8f6d393,Base,Uniswap v2,uniswapv2,0xa33c652590ffe9bdde3c3eb815b9a14ef8f6d393,WETH/SPX80B,WETH,SPX80B,0.3,Альт/мем (long-tail),101601.7047,101601.7047,216685.8867,292894.1024,878.6823,233.5306,45.0947,10.5221,,,10.5221,0.0,0,,,,226.9556,,2.1327,0.4118,,,,45.0947,1.0,,,,,8,,,,,,,,,,,,,,,,высокий APR на микро-TVL; разовый всплеск объёма,False
8453:0xfba9457fc3665339847d962c365d2cb6ad743959,Base,Uniswap v2,uniswapv2,0xfba9457fc3665339847d962c365d2cb6ad743959,WETH/FLIPR,WETH,FLIPR,0.3,Альт/мем (long-tail),101074.0868,101074.0868,19689.5478,125298.8005,375.8964,21.3309,19.392,20.2215,,,19.392,0.0,0,,,,21.1831,,0.1948,0.1771,,,,19.392,1.0,,,,,8,,,,,,,,,,,,,,,,,False
8453:0x133d8e591b3f334f8e2537eabfeb942635f9a0b7,Base,Uniswap v2,uniswapv2,0x133d8e591b3f334f8e2537eabfeb942635f9a0b7,SPX83K/WETH,SPX83K,WETH,0.3,Альт/мем (long-tail),98176.4199,98176.4199,153211.0081,697708.223,2093.1247,170.8822,111.1688,25.9394,,,25.9394,0.0,0,,,,167.3296,,1.5606,1.0152,,,,111.1688,1.0,,,,,8,,,,,,,,,,,,,,,,высокий APR на микро-TVL; разовый всплеск объёма,False
8453:0x5ccb4e441aa3636820d0ec1b3415b52a0e1451f5,Base,Uniswap v2,uniswapv2,0x5ccb4e441aa3636820d0ec1b3415b52a0e1451f5,WETH/CLAUS,WETH,CLAUS,0.3,Альт/мем (long-tail),89410.4634,89410.4634,151460.6133,151460.6133,454.3818,185.4921,26.4989,6.1831,,,6.1831,0.0,0,,,,,,1.694,0.242,,,,26.4989,1.0,,,,,8,,,,,,,,,,,,,,,,высокий APR на микро-TVL; разовый всплеск объёма,False
8453:0x71be568537579ea61d59ff911611eec93c43ea89,Base,Uniswap v2,uniswapv2,0x71be568537579ea61d59ff911611eec93c43ea89,SHOW/VIRTUAL,SHOW,VIRTUAL,0.3,Альт/мем (long-tail),82406.0969,82406.0969,3680.9808,25094.9718,75.2849,4.8912,4.7637,5.0336,,,4.7637,0.0,0,,,,,,0.0447,0.0435,,,,4.7637,1.0,,,,,8,,,,,,,,,,,,,,,,,False
8453:0x368ea6f645deb6d1a8692fe93c550d2834150865,Base,Uniswap v2,uniswapv2,0x368ea6f645deb6d1a8692fe93c550d2834150865,VIRTUAL/TOSHI,VIRTUAL,TOSHI,0.3,Крупный альт,74272.9837,74272.9837,8091.2649,58206.5643,174.6197,11.9289,12.2591,12.1207,,,12.1207,0.0,0,,,,,,0.1089,0.112,,,,12.2591,1.0,,,,,7,,,,,,,,,,,,,,,,,False
8453:0xaec8baf88256ef04e4f96baca5d8f09f07321087,Base,Uniswap v2,uniswapv2,0xaec8baf88256ef04e4f96baca5d8f09f07321087,VIRTUAL/MYRAD,VIRTUAL,MYRAD,0.3,Альт/мем (long-tail),73279.8026,73279.8026,2706.9665,35182.7222,105.5482,4.0449,7.5104,7.7871,,,7.5104,0.0,0,,,,,,0.0369,0.0686,,,,7.5104,1.0,,,,,8,,,,,,,,,,,,,,,,,False
8453:0x397ff853d3fc4d880ffff66fb8fa2323cf5dab98,Base,Uniswap v2,uniswapv2,0x397ff853d3fc4d880ffff66fb8fa2323cf5dab98,PEAK/USDC,PEAK,USDC,0.3,Альт/мем (long-tail),70756.4688,70756.4688,81587.4273,503817.2362,1511.4517,126.2616,111.384,460.9265,,,111.384,0.0,0,,,,126.637,,1.1531,1.0172,,,,111.384,1.0,,,,,8,,,,,,,,,,,,,,,,высокий APR на микро-TVL,False
8453:0xf1e27a727ccb4c77c9de39bae9e3b8603c861b98,Base,Uniswap v2,uniswapv2,0xf1e27a727ccb4c77c9de39bae9e3b8603c861b98,WETH/RISE,WETH,RISE,0.3,Альт/мем (long-tail),68697.935,68697.935,1488.8516,12961.787,38.8854,2.3731,2.9515,1.4688,,,1.4688,5.4268,10.214,RISE,,,2.531,5.3034,0.0217,0.027,,,,2.9515,1.0,,,,,8,,,,,,,,,,,,,,,,,False
8453:0xb51d276418fcf23733877fb0629617667c78c831,Base,Uniswap v2,uniswapv2,0xb51d276418fcf23733877fb0629617667c78c831,VIRTUAL/REKT,VIRTUAL,REKT,0.3,Альт/мем (long-tail),67937.8614,67937.8614,4087.4727,25433.827,76.3015,6.5881,5.8562,5.6838,,,5.6838,0.0,0,,,,,,0.0602,0.0535,,,,5.8562,1.0,,,,,8,,,,,,,,,,,,,,,,,False
8453:0x6f15abbe3e968fef47a26ad8a244f843c717ff84,Base,Uniswap v2,uniswapv2,0x6f15abbe3e968fef47a26ad8a244f843c717ff84,DAI/USDXSMART,DAI,USDXSMART,0.3,Альт/мем (long-tail),65266.5661,65266.5661,66409.904,149955.0747,449.8652,111.4182,35.9407,17.2331,,,17.2331,0.0,0,,,,,,1.0175,0.3282,,,,35.9407,1.0,,,,,8,,,,,,,,,,,,,,,,высокий APR на микро-TVL; разовый всплеск объёма,False
8453:0x4e8f1aea93f274e87e739517191b8c84f65b5b41,Base,Uniswap v2,uniswapv2,0x4e8f1aea93f274e87e739517191b8c84f65b5b41,DEAI/WETH,DEAI,WETH,0.3,Альт/мем (long-tail),60163.6999,60163.6999,9692.5904,61070.4603,183.2114,17.6408,15.8786,27.6262,,,15.8786,0.0,0,,,,9.0805,,0.1611,0.145,,,,15.8786,1.0,,,,,8,,,,,,,,,,,,,,,,,False
8453:0x18b63965fd781bb39d5909d0f43cb48cf2c5c94c,Base,Uniswap v2,uniswapv2,0x18b63965fd781bb39d5909d0f43cb48cf2c5c94c,HGXD/CBBTC,HGXD,CBBTC,0.3,Альт/мем (long-tail),56012.2572,56012.2572,1157.1165,4560.3075,13.6809,2.2621,1.2736,2.0423,,,1.2736,0.0,0,,,,,,0.0207,0.0116,,,,1.2736,1.0,,,,,8,,,,,,,,,,,,,,,,,False
8453:0x9e046c706f9ea6ce8f9287d30a15438c07f42d64,Base,Uniswap v2,uniswapv2,0x9e046c706f9ea6ce8f9287d30a15438c07f42d64,VIRTUAL/SEKOIA,VIRTUAL,SEKOIA,0.3,Альт/мем (long-tail),52527.4588,52527.4588,1130.3774,1847.925,5.5438,2.3564,0.5503,0.4364,,,0.4364,0.0,0,,,,,,0.0215,0.005,,,,0.5503,1.0,,,,,8,,,,,,,,,,,,,,,,разовый всплеск объёма,False
8453:0x4170c14b1207c4409488be2216e4d308bdb38549,Base,Uniswap v2,uniswapv2,0x4170c14b1207c4409488be2216e4d308bdb38549,VIRTUAL/SOVRN,VIRTUAL,SOVRN,0.3,Альт/мем (long-tail),50212.9206,50212.9206,1831.5943,9395.8246,28.1875,3.9942,2.9271,2.1104,,,2.1104,0.0,0,,,,,,0.0365,0.0267,,,,2.9271,1.0,,,,,8,,,,,,,,,,,,,,,,,False
8453:0xdfe35cf198606eac7021964eb44fa803dc07ec59,Base,Uniswap v2,uniswapv2,0xdfe35cf198606eac7021964eb44fa803dc07ec59,CUBE/WETH,CUBE,WETH,0.3,Альт/мем (long-tail),49648.487,49648.487,19664.7038,279729.7588,839.1893,43.3706,88.1351,44.4697,,,44.4697,0.0,0,,,,42.587,,0.3961,0.8049,,,,88.1351,1.0,,,,,8,,,,,,,,,,,,,,,,,False
8453:0x7c47fcc2821f3c80c485ddd48c3587d0ad2bf597,Base,Uniswap v2,uniswapv2,0x7c47fcc2821f3c80c485ddd48c3587d0ad2bf597,VIRTUAL/NOX,VIRTUAL,NOX,0.3,Альт/мем (long-tail),47016.3079,47016.3079,4624.0208,16480.3867,49.4412,10.7692,5.4832,12.2912,,,5.4832,0.0,0,,,,,,0.0983,0.0501,,,,5.4832,1.0,,,,,8,,,,,,,,,,,,,,,,,False
8453:0x46a7726c3d871ab9241c78410b3f43271d4b86ed,Base,Uniswap v2,uniswapv2,0x46a7726c3d871ab9241c78410b3f43271d4b86ed,CEECIL/WETH,CEECIL,WETH,0.3,Альт/мем (long-tail),46604.6861,46604.6861,5809.837,5809.837,17.4295,13.6505,1.9501,0.455,,,0.455,0.0,0,,,,,,0.1247,0.0178,,,,1.9501,1.0,,,,,8,,,,,,,,,,,,,,,,разовый всплеск объёма,False
8453:0x7b4bb1742b6f77f922e43f009139d52cb4f90fdd,Base,Uniswap v2,uniswapv2,0x7b4bb1742b6f77f922e43f009139d52cb4f90fdd,WETH/AYB,WETH,AYB,0.3,Альт/мем (long-tail),44844.0465,44844.0465,4663.7775,11919.8838,35.7597,11.388,4.158,4.0126,,,4.0126,0.0,0,,,,10.6945,,0.104,0.038,,,,4.158,1.0,,,,,8,,,,,,,,,,,,,,,,,False
8453:0xc0506adacabbed5c32809d41f2fe59750caf1acd,Base,Uniswap v2,uniswapv2,0xc0506adacabbed5c32809d41f2fe59750caf1acd,DYNA/WETH,DYNA,WETH,0.3,Альт/мем (long-tail),41981.2555,41981.2555,2228.9644,18607.7194,55.8232,5.8138,6.9335,6.4662,,,6.4662,0.0,0,,,,3.1114,,0.0531,0.0633,,,,6.9335,1.0,,,,,8,,,,,,,,,,,,,,,,,False
8453:0x8958ab6b4de11107622e49ee39a9e8ab69418b78,Base,Uniswap v2,uniswapv2,0x8958ab6b4de11107622e49ee39a9e8ab69418b78,CUBED/USDC,CUBED,USDC,0.3,Альт/мем (long-tail),41345.8475,41345.8475,1736.5517,87828.3502,263.4851,4.5991,33.2291,7.7535,,,7.7535,0.0,0,,,,2.9123,,0.042,0.3035,,,,33.2291,1.0,,,,,8,,,,,,,,,,,,,,,,,False
8453:0x3555430c000849d7b59e1ebeeeffb5da4b772664,Base,Uniswap v2,uniswapv2,0x3555430c000849d7b59e1ebeeeffb5da4b772664,SPI/USDC,SPI,USDC,0.3,Альт/мем (long-tail),38465.9107,38465.9107,113843.68,113843.68,341.531,324.0761,46.2966,10.8025,,,10.8025,0.0,0,,,,,,2.9596,0.4228,,,,46.2966,1.0,,,,,8,,,,,,,,,,,,,,,,высокий APR на микро-TVL; разовый всплеск объёма,False
8453:0x538abdb009877e6ba296e026f108961ec933562d,Base,Uniswap v2,uniswapv2,0x538abdb009877e6ba296e026f108961ec933562d,WETH/WOLF,WETH,WOLF,0.3,Альт/мем (long-tail),36380.528,36380.528,1380.058,1747.5915,5.2428,4.1538,0.7514,0.4774,,,0.4774,0.0,0,,,,0.2135,,0.0379,0.0069,,,,0.7514,1.0,,,,,8,,,,,,,,,,,,,,,,разовый всплеск объёма,False
8453:0x8b177b39e1b1523b1668500fa39a3440321a0fac,Base,Uniswap v2,uniswapv2,0x8b177b39e1b1523b1668500fa39a3440321a0fac,WETH/BOMI,WETH,BOMI,0.3,Альт/мем (long-tail),33705.0001,33705.0001,1289.0766,2588.7777,7.7663,4.1879,1.2015,1.5235,,,1.2015,0.0,0,,,,4.446,,0.0382,0.011,,,,1.2015,1.0,,,,,8,,,,,,,,,,,,,,,,,False
8453:0x6f93d1f8cdaddc61214c59a2741f2f0271cf6e2c,Base,Uniswap v2,uniswapv2,0x6f93d1f8cdaddc61214c59a2741f2f0271cf6e2c,BNKR/AIXBT,BNKR,AIXBT,0.3,Альт/мем (long-tail),32959.9453,32959.9453,1207.7713,11264.0206,33.7921,4.0125,5.3459,13.2663,,,5.3459,0.0,0,,,,,,0.0366,0.0488,,,,5.3459,1.0,,,,,9,,,,,,,,,,,,,,,,обе стороны — альты,False
8453:0x7fe83ed9b619290cceba40ed1aa4adbe8d91a0fb,Base,Uniswap v2,uniswapv2,0x7fe83ed9b619290cceba40ed1aa4adbe8d91a0fb,TRD/WETH,TRD,WETH,0.3,Альт/мем (long-tail),32811.9965,32811.9965,9932.2346,9932.2346,29.7967,33.1458,4.7351,1.1049,,,1.1049,0.0,0,,,,,,0.3027,0.0432,,,,4.7351,1.0,,,,,8,,,,,,,,,,,,,,,,разовый всплеск объёма,False
8453:0xe8fcb26007fe9702732639a0a68b4cf2f6556c5a,Base,Uniswap v2,uniswapv2,0xe8fcb26007fe9702732639a0a68b4cf2f6556c5a,TOTEM/WETH,TOTEM,WETH,0.3,Альт/мем (long-tail),27877.0314,27877.0314,1286.0383,43253.048,129.7591,5.0515,24.2709,28.6768,,,24.2709,0.0,0,,,,5.7648,,0.0461,0.2217,,,,24.2709,1.0,,,,,8,,,,,,,,,,,,,,,,,False
8453:0x234756c186a0d1762a60f9276ce56e8bf3cb7699,Base,Uniswap v2,uniswapv2,0x234756c186a0d1762a60f9276ce56e8bf3cb7699,VIRTUAL/ZEREBRO,VIRTUAL,ZEREBRO,0.3,Альт/мем (long-tail),26658.8116,26658.8116,4280.7801,16302.3357,48.907,17.5831,9.5659,7.5397,,,7.5397,0.0,0,,,,,,0.1606,0.0874,,,,9.5659,1.0,,,,,8,,,,,,,,,,,,,,,,,False
8453:0x3b9ddad7459fdfcfdb7117d53301182dd46b7042,Base,Uniswap v2,uniswapv2,0x3b9ddad7459fdfcfdb7117d53301182dd46b7042,VIRTUAL/KEYCAT,VIRTUAL,KEYCAT,0.3,Альт/мем (long-tail),24272.6951,24272.6951,3460.3728,22183.5359,66.5506,15.6106,14.2965,10.7088,,,10.7088,0.0,0,,,,,,0.1426,0.1306,,,,14.2965,1.0,,,,,8,,,,,,,,,,,,,,,,,False
8453:0x55f3b570a62a346e98d88e20a36cc41c5da69980,Base,Uniswap v2,uniswapv2,0x55f3b570a62a346e98d88e20a36cc41c5da69980,AKUMA/WETH,AKUMA,WETH,0.3,Альт/мем (long-tail),22630.374,22630.374,1670.2077,1853.2196,5.5597,8.0815,1.281,1.0869,,,1.0869,0.0,0,,,,8.1707,,0.0738,0.0117,,,,1.281,1.0,,,,,8,,,,,,,,,,,,,,,,разовый всплеск объёма,False
8453:0x7b7e7a86bb5c39769f8385f403e1d3fc83678225,Base,Uniswap v2,uniswapv2,0x7b7e7a86bb5c39769f8385f403e1d3fc83678225,BRB/WETH,BRB,WETH,0.3,Альт/мем (long-tail),18462.1759,18462.1759,2510.7448,70254.2152,210.7626,14.8913,59.5258,17.8312,,,17.8312,0.0,0,,,,15.8191,,0.136,0.5436,,,,59.5258,1.0,,,,,8,,,,,,,,,,,,,,,,,False
8453:0xd966dba29d8078d781ac0d05c153c4c1b99b8cae,Base,Uniswap v2,uniswapv2,0xd966dba29d8078d781ac0d05c153c4c1b99b8cae,WNULLA/WETH,WNULLA,WETH,0.3,Альт/мем (long-tail),11369.047,11369.047,1268.7359,7915.7026,23.7471,12.2197,10.8913,23.5376,,,10.8913,0.0,0,,,,11.7412,,0.1116,0.0995,,,,10.8913,1.0,,,,,8,,,,,,,,,,,,,,,,,False
8453:0x25424bf60fbb8b43bdf2efee7bb9b89b1ff991f0256f8e1e5206fd23cd6fe2db,Base,Pancake Infinity,pancakev4,0x25424bf60fbb8b43bdf2efee7bb9b89b1ff991f0256f8e1e5206fd23cd6fe2db,ETH/CBBTC,ETH,CBBTC,0.007,ETH/BTC,117261.9015,117261.9015,40427.4703,207281.1733,9.7422,0.5914,0.4332,0.6082,,,0.4332,0.0,0,,,,,,0.3448,0.2525,,,,,,,,,,7,,,,,,,,,,,,,,,,,True
8453:0x9ed2b133457a9debb64997f932b15a0a81f61718e8a267a4b36fab7b960d788a,Base,Pancake Infinity,pancakev4,0x9ed2b133457a9debb64997f932b15a0a81f61718e8a267a4b36fab7b960d788a,USDC/USDT,USDC,USDT,0.0007,Стейбл/стейбл,75080.1248,75080.1248,13575066.6443,46416918.7354,232.0873,32.9977,16.1184,4.8565,,,4.8565,0.0,0,,,,,,180.8077,88.3188,,,,,,,,,,7,,,,,,,,,,,,,,,,разовый всплеск объёма,True
8453:0xe05579d405234fc494a8787b4a5ce790c2c18512ea6ff2c0aeac18849b413a7c,Base,Pancake Infinity,pancakev4,0xe05579d405234fc494a8787b4a5ce790c2c18512ea6ff2c0aeac18849b413a7c,IDRX/USDC,IDRX,USDC,0.0399,Альт/мем (long-tail),48315.7484,48315.7484,5505.4053,31384.8866,8.4111,1.1146,0.9077,0.8461,,,0.8461,0.0,0,,,,,,0.1139,0.0928,,,,,,,,,,8,,,,,,,,,,,,,,,,,True
8453:0xffd8807511b4657aaf2777232b53a095f8ba6d24a368f4c1768b1cd1de1944f6,Base,Pancake Infinity,pancakev4,0xffd8807511b4657aaf2777232b53a095f8ba6d24a368f4c1768b1cd1de1944f6,USDC/USDBC,USDC,USDBC,0.0005,Стейбл/стейбл,10035.0028,10035.0028,41785.8574,252937.7355,1.0118,0.608,0.5258,0.7527,,,0.5258,0.0,0,,,,,,4.164,3.6008,,,,,,,,,,7,,,,,,,,,,,,,,,,,True
8453:0x3fe04a59ebd38cf06080a6f60a98d124eb59392a,Base,Aerodrome Slipstream,aerodromecl3,0x3fe04a59ebd38cf06080a6f60a98d124eb59392a,WETH/USDC,WETH,USDC,0.0625,Голубая фишка/стейбл,12279890.8541,12279890.8541,51045426.8003,400927987.1667,189332.605,87.8237,80.3944,72.9698,119.5958,62.8126,72.9698,79.6057,26782.1751,AERO,0.9459,84.1584,47.7728,26.304,4.1568,4.6642,0.5162,0.4667,3.3313,0.6229,129.0632,0.187,-356.9806,,-118.9935,3,0.6028,0.2981,14.1309,163.4715,10.511,53.0794,-0.1247,-2.2242,-8.4403,27.3878,1721.6929,2782.8873,90.0,9583612.6262,28.1343,,True
8453:0x42d4a22cad0f5a49681a5715ce994af73a43b76b,Base,Aerodrome Slipstream,aerodromecl3,0x42d4a22cad0f5a49681a5715ce994af73a43b76b,WETH/CBBTC,WETH,CBBTC,0.05,ETH/BTC,9383565.0272,9383565.0272,40164557.9567,258993973.9157,168267.2492,163.8936,93.5032,84.5116,85.399,51.4605,84.5116,80.0039,20567.7094,AERO,0.9596,83.3758,74.494,106.8087,4.2803,3.943,0.2183,0.2465,0.5958,0.2103,444.5681,0.353,-180.3768,,-60.1256,3,0.5215,0.3051,1.3959,218.9363,2.4702,12.696,-0.0074,-0.1783,-6.0971,10.5878,0.0276,0.0332,90.0,9173101.5637,2.2944,,True
8453:0x01271a205e3f37cbfc9b353170d726060e193c0d,Base,Aerodrome Slipstream,aerodromecl3,0x01271a205e3f37cbfc9b353170d726060e193c0d,VVV/DIEM,VVV,DIEM,0.3,Альт/мем (long-tail),7471648.5337,7471648.5337,378133.9401,5077454.7869,15232.3644,5.5417,10.6303,11.0949,9.9756,5.1627,9.9756,4.8991,1002.8558,AERO,,,5.783,11.2404,0.0506,0.0971,0.5455,0.5008,3.719,1.2202,8.7122,0.3281,-22.4248,,-4.485,5,0.5548,0.2954,36.6855,128.962,36.4669,63.5079,-1.1963,-2.9477,-11.4613,54.1515,0.0083,0.0155,90.0,7507696.5314,-0.4801,,True
8453:0x160d7e9d948b16c163332a277b393c288408eb12,Base,Aerodrome Slipstream,aerodromecl3,0x160d7e9d948b16c163332a277b393c288408eb12,USDC/CBBTC,USDC,CBBTC,0.0218,Голубая фишка/стейбл,5221477.505,5221477.505,25631417.9615,220061484.0897,40987.9955,49.1716,40.9315,37.6794,40.8875,16.0562,37.6794,41.4492,5929.4883,AERO,0.9219,44.9623,30.0123,116.9536,4.9088,6.0208,0.3981,0.3478,1.9811,0.5531,74.0045,0.2792,-108.9274,,-27.2319,4,0.5577,0.116,10.2281,42.9683,-7.1926,-26.3243,-0.0696,-1.1554,-29.2768,22.5296,0.0,0.0,90.0,5174103.5013,0.9156,,True
8453:0xa135b59fe221c0c8d441294f97f96fbc37bc9fbe,Base,Aerodrome Slipstream,aerodromecl3,0xa135b59fe221c0c8d441294f97f96fbc37bc9fbe,WETH/VVV,WETH,VVV,0.2718,Крупный альт,3331650.8377,3331650.8377,3987814.2963,28124480.721,77643.4878,121.7304,121.5179,146.1654,116.0182,52.487,116.0182,134.0939,12239.8399,AERO,0.9775,137.1814,2.1444,0,1.1969,1.2059,1.2667,1.2022,20.0569,2.1835,55.6536,0.1089,-1000.2226,,-166.7038,6,0.7632,0.3876,50.4296,90.7191,-33.2111,-43.249,-2.0025,-3.8816,-56.7423,46.7162,78.5856,181.6686,90.0,3169104.8824,5.1291,,True
8453:0x4e506648d493c8870f55e870480f92f2f33ece51,Base,Aerodrome Slipstream,aerodromecl3,0x4e506648d493c8870f55e870480f92f2f33ece51,WETH/AERO,WETH,AERO,0.2025,Крупный альт,2650982.0275,2650982.0275,6560818.6176,34260568.9819,78953.9319,200.7934,155.2965,147.2536,98.2678,37.6369,98.2678,268.6021,19508.4714,AERO,0.9474,283.5211,122.1136,26.7037,2.4749,1.8462,0.9329,0.7983,10.878,1.4763,105.1909,0.1357,-1045.9997,,-149.4285,7,0.8298,0.3544,-18.6456,-0.9106,-33.495,4.6246,-2.0443,-0.0255,-45.7322,34.5334,2903.2762,5349.9096,90.0,4039592.6461,-34.375,,True
8453:0x1ef035205f94c7734827961c438474d089a334a0,Base,Aerodrome Slipstream,aerodromecl3,0x1ef035205f94c7734827961c438474d089a334a0,XDP/USDC,XDP,USDC,0.034,Альт/мем (long-tail),2376141.4153,2376141.4153,6476260.7686,109434273.8326,93155.5698,40.1343,204.4238,47.6989,376.9201,,47.6989,714.9914,46545.7689,AERO,1.0,715.0049,107.5313,54.2857,2.7255,6.5794,1.9904,1.9904,49.5203,1.2778,159.9853,0.0258,-7874.8184,,-984.3523,8,0.7576,0.5652,,,,,,,-45.1688,65.6998,0.0188,0.0342,6.8333,2310798.5246,2.8277,пул моложе 3 недель; доход держится на эмиссии,True
8453:0x7c7420dd105e2779316423ba3e973f434315efa9,Base,Aerodrome Slipstream,aerodromecl3,0x7c7420dd105e2779316423ba3e973f434315efa9,WETH/CBBTC,WETH,CBBTC,0.0085,ETH/BTC,2267298.3393,2267298.3393,56889428.4877,416407942.7845,35394.6752,77.8457,81.3999,59.7208,65.7215,41.8838,59.7208,66.4222,4125.9959,AERO,0.9531,69.6932,90.4333,1498.7527,25.0913,26.2369,0.2178,0.2505,0.5927,0.4728,172.1517,0.7977,-42.3199,,-14.1066,3,0.5048,0.5292,79.6135,989.404,2.554,12.7828,-0.0079,-0.1806,-6.1504,10.5657,0.0276,0.0332,90.0,2269450.8383,-0.0948,,True
8453:0x8d479a4c680a76d4ae03f10203569558405ddfff,Base,Aerodrome Slipstream,aerodromecl3,0x8d479a4c680a76d4ae03f10203569558405ddfff,O/USDC,O,USDC,0.3,Альт/мем (long-tail),2203649.1481,2203649.1481,161243.0769,4133279.0997,12399.8373,8.0122,29.3406,32.2232,41.1571,23.7677,29.3406,40.6941,2456.8662,AERO,0.9995,40.7154,8.7806,27.6211,0.0732,0.268,0.9572,1.2593,11.4538,,,,-152.8481,True,-21.8354,7,0.5125,0.0996,2.7023,6.9624,-4.4402,-7.0638,-0.0258,-0.067,-43.7715,38.8894,0.4141,0.7364,90.0,2109089.4185,4.4834,,True
8453:0xeaf57753bc382e0324a1d43f72e7027705a2273e,Base,Aerodrome Slipstream,aerodromecl3,0xeaf57753bc382e0324a1d43f72e7027705a2273e,USDC/METAC,USDC,METAC,0.05,Токенизир. акции,2102349.3079,2102349.3079,3292259.4389,61848270.1262,30924.1351,28.5793,76.6986,74.6022,73.0624,19.327,73.0624,54.7483,3153.4255,AERO,0.7527,72.7321,32.6453,234.6936,1.566,4.2027,0.4421,0.8506,2.443,1.4276,53.7266,0.5844,-58.1913,,-14.5478,4,0.656,0.3932,100.4805,,-15.6105,,-0.359,,-30.7521,19.9435,0.0013,0.0019,47.75,2088804.2479,0.6485,,True
8453:0xd03bc8c7f2faedce2aac81bf0444aea08ea06e9b,Base,Aerodrome Slipstream,aerodromecl3,0xd03bc8c7f2faedce2aac81bf0444aea08ea06e9b,USDC/AMZNC,USDC,AMZNC,0.05,Токенизир. акции,2060211.0575,2060211.0575,2598466.0573,40086973.528,20043.4868,23.018,50.729,31.3502,54.7447,23.4355,31.3502,74.7946,4221.7168,AERO,0.9401,79.5569,22.1084,108.6027,1.2613,2.7797,0.84,2.2522,8.8207,0.1502,337.6668,0.017,-2947.1224,,-589.4245,5,0.768,0.5309,1008.8618,,3.3192,,-0.0133,,-68.1442,68.0944,0.0013,0.0052,31.5417,2034842.3004,1.2467,,True
8453:0x853f5f1b92b16714fe6cda67caad0856b83c7ab9,Base,Aerodrome Slipstream,aerodromecl3,0x853f5f1b92b16714fe6cda67caad0856b83c7ab9,USDC/NVDAC,USDC,NVDAC,0.05,Токенизир. акции,2048836.0607,2048836.0607,3336622.1772,54237144.07,27118.5721,29.721,69.0167,60.8717,63.0536,19.3651,60.8717,56.0047,3143.6858,AERO,0.8532,65.6431,29.1081,173.5845,1.6285,3.7817,0.3024,0.8095,1.143,1.2875,53.6049,1.1265,-0.3972,,-0.0993,4,0.5312,0.3312,-23.9247,,-2.2323,,-0.0064,,-100.0,100.0,0.0,0.0048,53.5833,2020293.589,1.4128,,True
8453:0xb1987cad1682841b4b641d50e520777ec5ab5542,Base,Aerodrome Slipstream,aerodromecl3,0xb1987cad1682841b4b641d50e520777ec5ab5542,USDC/GOOGLC,USDC,GOOGLC,0.05,Токенизир. акции,1875531.3302,1875531.3302,2859898.029,52667051.8076,26333.526,27.8285,73.2115,59.0167,56.2732,25.3506,56.2732,45.3234,2328.9167,AERO,0.8176,55.4372,29.5783,198.9693,1.5248,4.0116,0.2654,2.6984,0.8802,0.3591,203.8743,0.408,-123.179,,-30.7948,4,2.6662,0.4069,15.0757,,-1.2294,,-0.0019,,-90.0698,95.8233,0.0001,0.003,49.7917,1851523.9892,1.2966,,True
8453:0xef7e596aef9e4c6301b4d1f1e88f8ffe8c306222,Base,Aerodrome Slipstream,aerodromecl3,0xef7e596aef9e4c6301b4d1f1e88f8ffe8c306222,WETH/DRV,WETH,DRV,0.8,Альт/мем (long-tail),1805628.7538,1805628.7538,367834.642,5255964.5011,42047.716,59.4849,121.4252,201.4557,94.5537,39.0305,94.5537,154.5508,7645.5161,AERO,0.9494,162.7875,41.2183,76.5648,0.2037,0.4158,2.0988,2.1671,55.064,7.0209,17.2948,0.1275,-857.7683,,-107.221,8,1.2541,0.6042,142.6188,117.7538,-47.4328,-58.0608,-4.9557,-8.749,-77.5431,66.3341,5308.3945,23638.1603,90.0,1961120.8841,-7.9287,,True
8453:0xa3b1e3f9747065e2073722ff4c9027d3ea4994f0,Base,Aerodrome Slipstream,aerodromecl3,0xa3b1e3f9747065e2073722ff4c9027d3ea4994f0,USDC/AAPLC,USDC,AAPLC,0.05,Токенизир. акции,1722636.3923,1722636.3923,2027986.188,37729478.7976,18864.7395,21.4849,57.1021,57.6166,54.0397,16.5054,54.0397,44.8308,2115.8113,AERO,0.9534,47.0211,20.9353,71.949,1.1773,3.1289,0.201,0.2564,0.505,0.1626,351.2621,0.3219,-123.3522,,-41.1174,3,0.5816,0.3113,22.2934,,-3.5244,,-0.0161,,-10.0804,6.6234,0.0029,0.0032,47.7917,1735864.41,-0.762,,True
8453:0x8b27f626ab668197000bc722a1012022caed10e2,Base,Aerodrome Slipstream,aerodromecl3,0x8b27f626ab668197000bc722a1012022caed10e2,USDC/MSTRC,USDC,MSTRC,0.05,Токенизир. акции,1529475.1998,1529475.1998,8647108.6209,81691179.5581,40845.59,103.179,139.2508,76.1369,106.4714,42.6784,76.1369,102.3817,4290.1435,AERO,0.8609,118.9236,119.1836,2052.9493,5.6536,7.6302,0.7848,1.5496,7.6983,1.6601,83.8821,0.2156,-569.6126,,-113.9225,5,0.4802,0.4418,1032.4707,,-13.1724,,-0.2489,,-28.2332,70.2161,0.0019,0.0081,31.5417,1523386.964,0.3997,,True
8453:0x5a8236f575471e7bfca2c8462a200c28f737246e,Base,Aerodrome Slipstream,aerodromecl3,0x5a8236f575471e7bfca2c8462a200c28f737246e,USDC/SNDKC,USDC,SNDKC,0.05,Токенизир. акции,1267798.9537,1267798.9537,3816634.773,51159262.6289,25579.6314,54.9406,105.2056,63.76,80.9591,33.7483,63.76,123.1703,4278.2246,AERO,0.8965,137.3943,55.3154,429.675,3.0104,5.7647,0.5935,0.787,4.4032,0.4421,237.9927,0.1004,-984.174,,-246.0435,4,0.4675,0.3631,718.8312,,1.7505,,-0.0038,,-19.906,15.1599,0.0005,0.0007,31.4167,1227298.2663,3.3,,True
8453:0x7103eb3c9590d1281f7dc03b2a9ee27c39df5d54,Base,Aerodrome Slipstream,aerodromecl3,0x7103eb3c9590d1281f7dc03b2a9ee27c39df5d54,USDC/MSFTC,USDC,MSFTC,0.05,Токенизир. акции,1122259.8206,1122259.8206,2265686.4385,27054364.098,13527.182,36.8442,62.8505,42.4621,54.8213,23.0822,42.4621,112.9325,3472.318,AERO,0.9604,117.5919,36.5785,106.7908,2.0189,3.4439,0.5684,1.9566,4.0382,0.1142,550.2581,0.0283,-2179.6092,,-544.9023,4,0.5031,0.404,697.3396,,-2.9494,,-0.0112,,-32.7757,55.6027,0.0009,0.0023,31.5417,1118810.1222,0.3083,,True
8453:0x99cf3e8bfb02c300312c53aac5d0b082e3d5975c,Base,Aerodrome Slipstream,aerodromecl3,0x99cf3e8bfb02c300312c53aac5d0b082e3d5975c,USDC/LAPTOP,USDC,LAPTOP,0.801,Альт/мем (long-tail),1115339.7509,1115339.7509,212032.3403,1107244.8741,8900.3715,55.6302,41.6098,296.7581,107.1779,21.1165,41.6098,185.4203,5665.9342,AERO,0.9937,186.5872,45.8574,59.4842,0.1901,0.1418,3.2411,3.379,131.3075,2.8661,14.518,0.0218,-1864.7189,,-207.191,9,2.0931,0.1704,,,,,,,-46.306,98.5577,0.1741,15.2256,25.875,1195905.1692,-6.7368,,True
8453:0x0bf58fe0fac935ac69595c19b12ba0d75e3f8c0e,Base,Aerodrome Slipstream,aerodromecl3,0x0bf58fe0fac935ac69595c19b12ba0d75e3f8c0e,USDC/SPCXC,USDC,SPCXC,0.05,Токенизир. акции,1110741.9595,1110741.9595,2085114.7007,29849236.9412,14924.6185,34.2594,70.0624,49.2212,70.8112,25.7501,49.2212,111.648,3397.5918,AERO,0.9718,114.8877,32.9596,271.5254,1.8772,3.839,0.4424,1.7338,2.4462,0.2331,300.5553,0.0953,-685.9875,,-137.1975,5,1.2478,0.4182,660.2275,,-6.944,,-0.0647,,-92.0028,96.0015,0.0003,0.0086,31.5417,1084047.9293,2.4624,,True
8453:0xff56d037d948fad1027a1ac82ae610e4b694c641,Base,Aerodrome Slipstream,aerodromecl3,0xff56d037d948fad1027a1ac82ae610e4b694c641,USDC/MUSD,USDC,MUSD,0.05,Альт/мем (long-tail),1065512.3822,1065512.3822,18284.2873,156136.62,78.0683,0.3132,0.382,0.5772,0.3429,0.1424,0.3429,2.5927,75.6865,AERO,,,0.3132,1.5997,0.0172,0.0209,0.0094,0.0181,0.0011,,,,0.3255,True,0.0814,4,1.4974,0.2898,-4.004,296.8844,-0.0052,0.2764,-0.0,-0.0001,-0.614,0.4796,1.0044,1.0119,90.0,,,,True
8453:0x469337fdcc5e8f38e2e4b670b04f57865d13a7bb,Base,Aerodrome Slipstream,aerodromecl3,0x469337fdcc5e8f38e2e4b670b04f57865d13a7bb,USDC/TSLAC,USDC,TSLAC,0.05,Токенизир. акции,1047191.4962,1047191.4962,2169960.44,23780052.918,11890.0266,37.8171,59.2041,43.2431,60.9158,28.2543,43.2431,93.1524,2672.5603,AERO,0.8443,110.3334,36.0604,212.8266,2.0722,3.2441,1.0868,2.065,14.7638,0.2531,233.9134,0.0171,-3410.2095,,-568.3683,6,0.6062,0.4094,661.043,,-4.4738,,-0.0262,,-45.8506,75.7945,0.0007,0.0035,31.5,1020286.0394,2.6371,,True
8453:0x8a8e4170c09074b109352190d47e54d7c1f61e4e,Base,Aerodrome Slipstream,aerodromecl3,0x8a8e4170c09074b109352190d47e54d7c1f61e4e,USDC/PROS,USDC,PROS,0.01,Альт/мем (long-tail),1032388.3753,1032388.3753,6028556.6637,28068904.5034,2806.8905,21.3139,14.1768,8.446,4.3098,2.5006,4.3098,0.6631,18.7549,AERO,,,29.5171,44110.5662,5.8394,3.884,0.7765,1.1488,7.5368,,,,-115.5734,True,-16.5105,7,0.8397,0.1411,43.861,45.5438,-44.934,-45.5877,-4.2905,-4.4575,-60.9614,49.635,1.2159,3.1146,90.0,,,,True
8453:0x1aeafffdea319bd472209e3990858768b57da17c,Base,Aerodrome Slipstream,aerodromecl3,0x1aeafffdea319bd472209e3990858768b57da17c,USDC/PAXG,USDC,PAXG,0.05,Альт/мем (long-tail),975762.2848,975762.2848,48524.8016,159496.8438,79.7484,0.9076,0.4262,0.0994,1.0002,,0.0994,21.1093,564.3196,AERO,,,0.9071,431.8675,0.0497,0.0234,0.1582,0.1582,0.3127,,,,-4.8745,True,-0.8124,6,0.67,0.6895,,,,,,,-1.0748,0.9006,0.0002,0.0002,4.5,,,разовый всплеск объёма; пул моложе 3 недель; доход держится на эмиссии,True
8453:0x3416f5fa0ade2d3de6935d4b204d9fe0b68c0ea6,Base,Aerodrome Slipstream,aerodromecl3,0x3416f5fa0ade2d3de6935d4b204d9fe0b68c0ea6,WETH/SERV,WETH,SERV,1.5,Альт/мем (long-tail),914672.804,914672.804,25093.6255,472046.9245,7080.7039,15.0204,40.365,49.036,39.8402,16.1817,39.8402,70.6796,1771.1975,AERO,,,14.1431,148.5484,0.0274,0.0737,1.4863,1.3677,27.6151,,,,-399.417,True,-49.9271,8,0.5945,0.1219,32.2917,-14.186,-18.3426,207.7219,-0.5111,-13.9511,-48.7176,82.6834,37292.7785,171526.0266,90.0,,,,True
8453:0xaa5fe7dcc07dcb8b7afcd1b93874e7cb1e0ab50b,Base,Aerodrome Slipstream,aerodromecl3,0xaa5fe7dcc07dcb8b7afcd1b93874e7cb1e0ab50b,WETH/EURC,WETH,EURC,0.05,Голубая фишка/стейбл,892023.5591,892023.5591,2748963.198,24408291.2249,12204.1457,56.2413,71.3388,69.1439,70.4688,32.3006,69.1439,150.6948,3682.83,AERO,0.9945,151.5306,49.973,13.3164,3.0817,3.909,0.5014,0.463,3.1428,0.5104,139.7822,0.1624,-370.1642,,-74.0328,5,0.511,0.1582,25.607,33.3965,14.401,55.9868,-0.2258,-2.421,-8.0659,25.9883,1510.8194,2447.6456,90.0,712116.7707,25.2637,,True
8453:0x17e1beb2cd65493da73ed4bbbc7becaaa0f91c73,Base,Aerodrome Slipstream,aerodromecl3,0x17e1beb2cd65493da73ed4bbbc7becaaa0f91c73,USDC/MUC,USDC,MUC,0.05,Токенизир. акции,863225.5011,863225.5011,2239195.2492,18631624.5743,9315.8123,47.3403,56.2719,14.4155,48.4032,20.5819,14.4155,91.6916,2168.5068,AERO,0.998,91.876,52.0592,608.6665,2.594,3.0834,1.1,1.1,15.1243,,,,-3554.2152,True,-444.2769,8,0.6469,0.4683,,,,,,,-6.7414,21.5844,0.0007,0.001,9.7917,,,пул моложе 3 недель; доход держится на эмиссии,True
8453:0x0fc47c17af86078d809358db1b4db2debc988566,Base,Aerodrome Slipstream,aerodromecl3,0x0fc47c17af86078d809358db1b4db2debc988566,USDC/CBZEC,USDC,CBZEC,0.2,Альт/мем (long-tail),781005.3503,781005.3503,1452027.149,14455990.5488,28911.9811,135.7199,193.0273,132.3328,124.2113,55.1924,124.2113,164.952,3529.545,AERO,0.9902,166.5834,87.5791,12.7251,1.8592,2.6442,1.3363,1.2111,22.3199,1.4068,137.2116,0.063,-2938.3423,,-326.4825,9,0.7437,0.4365,-31.5969,,-23.9562,,-0.9302,,-52.3551,65.9377,0.0006,0.0013,33.7083,648356.9356,20.4592,,True
8453:0x41d4934322f2bd6fe1dbe4124070fe61651a2067,Base,Aerodrome Slipstream,aerodromecl3,0x41d4934322f2bd6fe1dbe4124070fe61651a2067,USDC/GHST,USDC,GHST,1.0,Альт/мем (long-tail),701657.635,701657.635,3291.4084,149076.4391,1490.7643,1.7122,11.0784,23.1489,,,11.0784,12.8419,246.8662,AERO,,,1.7084,83.6136,0.0047,0.0304,,,,,,,,,,7,,,,,,,,,,,,,,,,,True
8453:0xc0113e59471a17ce37b708572114162c3030307e,Base,Aerodrome Slipstream,aerodromecl3,0xc0113e59471a17ce37b708572114162c3030307e,VFY/ZEN,VFY,ZEN,0.3,Альт/мем (long-tail),680195.0789,680195.0789,7221.6091,114953.714,344.8611,1.1626,2.6437,4.9655,,,2.6437,8.5809,159.9096,AERO,,,1.1745,57.1245,0.0106,0.0241,,,,,,,,,,8,,,,,,,,,,,,,,,,обе стороны — альты,True
8453:0x1131db5977242a03ebead1acd18f80a9a29e5922,Base,Aerodrome Slipstream,aerodromecl3,0x1131db5977242a03ebead1acd18f80a9a29e5922,SOL/USDC,SOL,USDC,0.035,Крупный альт,655381.6174,655381.6174,4384069.3689,40669889.8684,14234.4616,85.4563,113.2509,117.4059,145.9997,92.6341,113.2509,134.9393,2422.9242,AERO,0.9059,148.959,79.4863,610.5991,6.6893,8.865,0.5409,0.526,3.6572,3.3599,33.7067,0.9187,-10.0213,,-2.5053,4,0.3725,0.2903,15.6132,80.636,17.6638,48.6099,-0.3298,-1.9302,-14.336,36.9607,70.8137,124.3915,90.0,666854.0225,-1.7204,,True
8453:0x3c4384f3664b37a3cb5a5cb3452b4b4a3aa1256f,Base,Aerodrome Slipstream,aerodromecl3,0x3c4384f3664b37a3cb5a5cb3452b4b4a3aa1256f,USDC/CHECK,USDC,CHECK,0.01,Альт/мем (long-tail),651791.2336,651791.2336,52351.101,275349.2025,27.5349,0.2932,0.2203,0.3081,,,0.2203,0.331,5.9116,AERO,,,0.2907,44.3525,0.0803,0.0603,,,,,,,,,,7,,,,,,,,,,,,,,,,,True
8453:0x650cc267aa248191978013d5ae421e5dc2a6e242,Base,Aerodrome Slipstream,aerodromecl3,0x650cc267aa248191978013d5ae421e5dc2a6e242,USDC/PLTRC,USDC,PLTRC,0.05,Токенизир. акции,650682.2689,650682.2689,967848.2924,8784466.9801,4392.2335,27.1457,35.1975,8.5515,26.4318,2.9091,8.5515,121.6476,2168.6006,AERO,0.7831,155.3493,28.2324,479.465,1.4874,1.9286,0.8949,0.8949,10.0097,,,,-2353.2596,True,-336.1799,7,0.7413,0.4596,,,,,,,-4.3132,14.9867,0.0045,0.0054,9.7917,,,пул моложе 3 недель; доход держится на эмиссии,True
8453:0xb90fe999be6869af0afc557dccfbe169ea3403d6,Base,Aerodrome Slipstream,aerodromecl3,0xb90fe999be6869af0afc557dccfbe169ea3403d6,WETH/CBXRP,WETH,CBXRP,0.05,Альт/мем (long-tail),626599.7855,626599.7855,1048718.1121,15986518.9357,7993.2594,30.5444,66.5164,73.5665,44.6126,18.4808,44.6126,90.9959,1562.1374,AERO,,,28.0394,22.0332,1.6737,3.6447,0.4542,0.4719,2.5791,,,,3.588,True,0.5126,7,1.1528,0.2349,22.382,100.9047,2.8052,13.8825,-0.0096,-0.2109,-26.2389,16.3983,1518.5229,2058.7032,90.0,,,,True
8453:0x0ab02e160f0df68dc049b012c514857306960eae,Base,Aerodrome Slipstream,aerodromecl3,0x0ab02e160f0df68dc049b012c514857306960eae,CTR/USDC,CTR,USDC,0.01,Альт/мем (long-tail),588691.8172,588691.8172,660152.7609,4131299.9613,413.1301,4.0931,3.6593,4.4826,,,3.6593,0.36,5.8063,AERO,,,6.1961,39763.7327,1.1214,1.0025,,,,,,,,,,7,,,,,,,,,,,,,,,,,True
8453:0x37e1490f7f6f98d263f826e1244c7e7f128632f2,Base,Aerodrome Slipstream,aerodromecl3,0x37e1490f7f6f98d263f826e1244c7e7f128632f2,UP/CBBTC,UP,CBBTC,1.0,Альт/мем (long-tail),583937.2167,583937.2167,51556.7758,800850.6596,8008.5066,32.2264,71.5122,78.1827,35.5424,11.4257,35.5424,15.9485,255.1478,AERO,,,16.0548,82.3048,0.0883,0.1959,1.1632,1.6199,16.912,,,,-233.4675,True,-25.9408,9,1.0989,0.1634,26.0833,-13.7981,30.213,-14.2036,-0.8649,-0.2926,-42.3715,34.8458,0.0,0.0,90.0,,,,True
8453:0x99f0364e162a36a77e5d77b5eeb56539563735a3,Base,Aerodrome Slipstream,aerodromecl3,0x99f0364e162a36a77e5d77b5eeb56539563735a3,USDC/TAO,USDC,TAO,1.0,Альт/мем (long-tail),579722.5759,579722.5759,66339.442,1152209.7005,11522.097,41.7681,103.6349,118.6459,94.5795,57.8526,94.5795,46.3381,735.9789,AERO,,,11.5408,12.3325,0.1144,0.2839,1.0223,0.8716,13.064,,,,-113.222,True,-12.5802,9,0.8019,0.1302,6.3564,,-22.7957,,-0.8309,,-42.0309,27.4213,0.003,0.0051,46.7917,,,,True
8453:0xd5eaea9da564217ea101d1e369fda168a3025686,Base,Aerodrome Slipstream,aerodromecl3,0xd5eaea9da564217ea101d1e369fda168a3025686,USDC/CBHYPE,USDC,CBHYPE,0.2,Альт/мем (long-tail),561229.3239,561229.3239,292832.7077,2314108.8081,4628.2176,38.0892,43.0,49.1993,60.3655,28.186,43.0,44.2672,680.6593,AERO,,,37.1101,3.0731,0.5218,0.589,0.6316,0.6131,4.9857,,,,-36.3053,True,-4.5382,8,1.1152,0.5891,0.6872,,-9.0368,,-0.112,,-21.3968,13.7922,0.0103,0.0131,33.7083,,,,True
8453:0x0abe41c8aaa9282429e06ebed48be36298981d94,Base,Aerodrome Slipstream,aerodromecl3,0x0abe41c8aaa9282429e06ebed48be36298981d94,RECALL/USDC,RECALL,USDC,0.3,Альт/мем (long-tail),518344.3506,518344.3506,69591.7974,1018458.7336,3055.3762,14.7012,30.7356,36.6374,39.1815,21.797,30.7356,41.8278,594.0062,AERO,,,14.3652,84.4703,0.1343,0.2807,0.797,0.9528,7.9406,,,,-95.5717,True,-13.6531,7,0.5861,0.0943,11.0444,22.2073,12.6387,48.9674,-0.1768,-1.9533,-34.0833,34.7031,0.0305,0.0567,89.9583,,,,True
8453:0xccfa472815563ff9eb2de95c7b2be1ccf91f7f31,Base,Aerodrome Slipstream,aerodromecl3,0xccfa472815563ff9eb2de95c7b2be1ccf91f7f31,SOL/CBBTC,SOL,CBBTC,0.03,Крупный альт,517682.5781,517682.5781,4883950.2069,41252077.7611,12375.6232,103.3051,124.6517,105.5379,120.2632,73.9732,105.5379,154.6558,2193.4958,AERO,0.9885,156.4545,98.6496,184.592,9.4343,11.3837,0.3043,0.3297,1.1574,,,,74.675,True,14.935,5,0.5519,0.2103,41.4361,131.0545,9.2287,9.4633,-0.0973,-0.1021,-12.4625,19.2992,0.0011,0.0015,90.0,,,,True
8453:0x48c5d4a6677ed59646a9c6465db2562be4a20aec,Base,Aerodrome Slipstream,aerodromecl3,0x48c5d4a6677ed59646a9c6465db2562be4a20aec,USDC/POD,USDC,POD,1.05,Альт/мем (long-tail),509697.2225,509697.2225,489426.9856,5940646.8627,62376.7921,368.0085,638.1248,168.0376,92.837,36.9314,92.837,29.2519,408.4825,AERO,,,212.9249,138.4148,0.9602,1.665,2.5634,1.8988,82.135,71.4075,8.9364,0.8694,-641.1525,,-71.2392,9,2.1823,0.3977,144.8432,,-59.5261,,-9.4222,,-73.0741,58.7551,1.1209,4.1628,82.6667,511885.0748,-0.4274,,True
8453:0x62916b911f2b64d0e3a3b72472d6f8c08c75dcaa,Base,Aerodrome Slipstream,aerodromecl3,0x62916b911f2b64d0e3a3b72472d6f8c08c75dcaa,CBXRP/CBBTC,CBXRP,CBBTC,0.2,Альт/мем (long-tail),454744.8943,454744.8943,71201.0848,1582262.8175,3164.5256,11.4299,36.2857,37.7365,36.692,7.9182,36.2857,30.6876,382.3294,AERO,,,9.898,6.3084,0.1566,0.4971,0.4948,0.565,3.0604,,,,-12.3943,True,-1.7706,7,1.7328,0.4874,45.264,199.542,-0.3841,-1.3139,-0.0002,-0.0022,-21.1229,21.245,0.0,0.0,90.0,,,,True
8453:0xcdbe19a6ef1b633be744920c93ee40521d5cf2a6,Base,Aerodrome Slipstream,aerodromecl3,0xcdbe19a6ef1b633be744920c93ee40521d5cf2a6,AERO/CBBTC,AERO,CBBTC,0.3,Крупный альт,451026.4952,451026.4952,626367.9296,3875671.2257,11627.0137,152.0693,134.4191,135.6033,75.4303,29.3818,75.4303,118.4511,1463.6868,AERO,,,81.8044,13.3344,1.3888,1.2276,0.98,0.8586,12.0042,,,,-244.6831,True,-30.5854,8,0.879,0.461,10.8824,-55.7211,54.0958,7.788,-2.2925,-0.0703,-38.5102,58.8801,0.0,0.0,90.0,,,,True
8453:0xe942b86f5c6d4a780fd673317ee7e565d25ab7f3,Base,Aerodrome Slipstream,aerodromecl3,0xe942b86f5c6d4a780fd673317ee7e565d25ab7f3,USDC/MAG7,USDC,MAG7,0.05,Альт/мем (long-tail),425433.7185,425433.7185,5711.107,192738.172,96.3691,0.245,1.1811,1.0826,,,1.0826,2.6036,30.3466,AERO,,,0.245,92.1369,0.0134,0.0647,,,,,,,,,,7,,,,,,,,,,,,,,,,,True
8453:0xf39b7c34be147f5dc1bc374f27af2e9f03ad3113,Base,Aerodrome Slipstream,aerodromecl3,0xf39b7c34be147f5dc1bc374f27af2e9f03ad3113,EURC/USDC,EURC,USDC,0.0076,Стейбл/стейбл,357509.1011,357509.1011,4096200.5661,28485246.7069,2094.5854,30.9079,30.5496,28.9553,,,28.9553,55.0214,538.922,AERO,,,30.0661,156.2406,11.4576,11.3824,,,,,,,,,,6,,,,,,,,,,,,,,,,,True
8453:0x78fa9fb7a76c8ea204754a8d4ff301aa29935e8e,Base,Aerodrome Slipstream,aerodromecl3,0x78fa9fb7a76c8ea204754a8d4ff301aa29935e8e,CP/USDC,CP,USDC,0.01,Альт/мем (long-tail),288497.9631,288497.9631,15074.596,314886.6271,31.4888,0.1907,0.5691,24.0083,,,0.5691,0.0,0,,,,,,0.0523,0.1559,,,,,,,,,,7,,,,,,,,,,,,,,,,,True
8453:0xa11fbd0f7112f2fad10f92f09b4a8d85e8ddd401,Base,Aerodrome Slipstream,aerodromecl3,0xa11fbd0f7112f2fad10f92f09b4a8d85e8ddd401,CHZ/USDC,CHZ,USDC,0.3,Альт/мем (long-tail),268986.9741,268986.9741,48293.8328,528156.2851,1584.4689,19.6596,30.7148,26.2046,,,26.2046,31.6382,233.1581,AERO,,,19.7972,938.864,0.1795,0.2805,,,,,,,,,,7,,,,,,,,,,,,,,,,,True
8453:0x2576097b75b63b716459bca3dd8b6dc405f6171b,Base,Aerodrome Slipstream,aerodromecl3,0x2576097b75b63b716459bca3dd8b6dc405f6171b,USDC/ALUSDB,USDC,ALUSDB,0.05,Альт/мем (long-tail),266334.1981,266334.1981,140976.9686,771238.6704,385.6193,9.6602,7.5496,2.7364,,,2.7364,36.0375,262.9593,AERO,,,9.4768,9.4558,0.5293,0.4137,,,,,,,,,,7,,,,,,,,,,,,,,,,доход держится на эмиссии,True
8453:0x0e4409f7a8eba3213f336daf608985302e79328c,Base,Aerodrome Slipstream,aerodromecl3,0x0e4409f7a8eba3213f336daf608985302e79328c,WETH/TIBBIR,WETH,TIBBIR,0.25,Альт/мем (long-tail),244840.0117,244840.0117,409054.2462,9654497.5517,24136.2439,152.4514,514.0225,339.5365,161.0518,76.0193,161.0518,306.1402,2053.5717,AERO,0.9886,309.6589,153.7572,211.7029,1.6707,5.6331,1.58,1.7533,31.2032,,,,-335.2798,True,-33.528,10,0.8718,0.2365,-33.6462,-4.9121,9.4876,-23.0815,-0.1026,-0.8547,-68.8614,67.3209,6319.9005,20296.0182,90.0,233526.5929,4.8446,высокий APR на микро-TVL,True
8453:0x0040559f59e2391ec57162826df354b1bbb05c12,Base,Aerodrome Slipstream,aerodromecl3,0x0040559f59e2391ec57162826df354b1bbb05c12,WETH/RED,WETH,RED,0.8,Альт/мем (long-tail),242579.6524,242579.6524,28310.5174,236500.8327,1892.0067,34.0782,40.669,44.1735,,,40.669,60.9613,405.15,AERO,,,33.1448,28.6637,0.1167,0.1393,,,,,,,,,,8,,,,,,,,,,,,,,,,,True
8453:0x9520e1a3bfd86da6c1e9e5ee4b9c2f11c413358f,Base,Aerodrome Slipstream,aerodromecl3,0x9520e1a3bfd86da6c1e9e5ee4b9c2f11c413358f,VIRTUAL/WETH,VIRTUAL,WETH,0.05,Крупный альт,230097.2708,230097.2708,3050402.9148,16227875.6045,8113.9379,241.9405,183.8718,141.6855,161.2233,94.8525,141.6855,154.8594,976.2389,AERO,,,286.7482,1018.3855,13.257,10.0752,0.6768,0.7394,5.7255,,,,-10.9955,True,-1.5708,7,0.4779,0.1892,0.912,66.2192,15.7911,5.0195,-0.2681,-0.03,-31.3962,19.2082,0.0002,0.0004,90.0,,,высокий APR на микро-TVL; объём/TVL > 10 (wash/MEV?),True
8453:0x9d14ff91ae2c6e3d1a760542248b6c7f206894b0,Base,Aerodrome Slipstream,aerodromecl3,0x9d14ff91ae2c6e3d1a760542248b6c7f206894b0,USDC/CBBTC,USDC,CBBTC,0.0181,Голубая фишка/стейбл,216148.1759,216148.1759,1222332.9536,9648634.7602,1444.5213,34.1061,34.8471,36.5852,,,34.8471,36.7725,217.7621,AERO,,,23.4473,3046.6706,5.6551,6.377,,,,,,,,,,7,,,,,,,,,,,,,,,,,True
8453:0x48be08d21fccf3f793783c23c33555f5e0c2b7cd,Base,Aerodrome Slipstream,aerodromecl3,0x48be08d21fccf3f793783c23c33555f5e0c2b7cd,TOWNS/WETH,TOWNS,WETH,0.3,Альт/мем (long-tail),216127.827,216127.827,137908.8198,716373.8601,2149.1216,69.8708,51.8496,48.2119,,,48.2119,49.1599,291.0911,AERO,,,67.9293,357.876,0.6381,0.4735,,,,,,,,,,8,,,,,,,,,,,,,,,,,True
8453:0x4025eb652dd1fb1213118bb41785bb8484903823,Base,Aerodrome Slipstream,aerodromecl3,0x4025eb652dd1fb1213118bb41785bb8484903823,USDC/SQD,USDC,SQD,0.3,Альт/мем (long-tail),206835.8677,206835.8677,7193.9221,12581.5426,37.7446,3.8085,0.9515,0.222,,,0.222,0.0,0,,,,,0,0.0348,0.0087,,,,,,,,,,8,,,,,,,,,,,,,,,,разовый всплеск объёма,True
8453:0x717e174d5dae280802d1a2c15c1c0976561a3f61,Base,Aerodrome Slipstream,aerodromecl3,0x717e174d5dae280802d1a2c15c1c0976561a3f61,WETH/ZRO,WETH,ZRO,0.15,Крупный альт,206530.5887,206530.5887,684679.5663,7717113.4662,11575.6702,181.5044,292.2514,205.732,251.7574,145.2343,205.732,215.0396,1216.774,AERO,,,185.4923,375.9792,3.3151,5.3379,1.0702,1.1792,14.3171,,,,-176.0568,True,-22.0071,8,0.5242,0.4051,160.3811,88.7434,-39.8232,-21.4825,-3.1399,-0.7267,-53.4099,43.9596,1285.7353,2759.6744,90.0,,,высокий APR на микро-TVL,True
8453:0x0f56aeba06f65e2790c5b6687f5c3128b7456f76,Base,Aerodrome Slipstream,aerodromecl3,0x0f56aeba06f65e2790c5b6687f5c3128b7456f76,ALIGN/USDC,ALIGN,USDC,1.0,Альт/мем (long-tail),204805.6786,204805.6786,12868.7471,124607.2671,1246.0727,22.9344,31.7246,118.0716,,,31.7246,116.8861,655.8612,AERO,,,21.7417,8.3444,0.0628,0.0869,,,,,,,,,,8,,,,,,,,,,,,,,,,,True
8453:0x02b6b7ab1ede16f48c57893d2fdf6251c2cb3821,Base,Aerodrome Slipstream,aerodromecl3,0x02b6b7ab1ede16f48c57893d2fdf6251c2cb3821,JEUR/USDC,JEUR,USDC,0.05,Альт/мем (long-tail),199422.4481,199422.4481,176476.877,1676715.9631,838.358,16.1502,21.9205,12.9539,,,12.9539,74.7535,408.4255,AERO,,,16.0455,19.2341,0.8849,1.2011,,,,,,,,,,8,,,,,,,,,,,,,,,,доход держится на эмиссии,True
8453:0xdc55a0291029665fecff5ca5add0e51dd2964877,Base,Aerodrome Slipstream,aerodromecl3,0xdc55a0291029665fecff5ca5add0e51dd2964877,MOCA/USDC,MOCA,USDC,0.3,Альт/мем (long-tail),194332.7702,194332.7702,17224.743,242195.3579,726.5861,9.7056,19.4956,15.3984,,,15.3984,15.4868,82.4544,AERO,,,9.6753,48.1466,0.0886,0.178,,,,,,,,,,8,,,,,,,,,,,,,,,,,True
8453:0x3693022bd390e147d8dd89a05403c80ff21dd64b,Base,Aerodrome Slipstream,aerodromecl3,0x3693022bd390e147d8dd89a05403c80ff21dd64b,ZEST/USDC,ZEST,USDC,0.01,Альт/мем (long-tail),183848.9841,183848.9841,162364.6957,2041284.2836,204.1285,3.2235,5.7894,7.0334,,,5.7894,0.0,0,,,,,,0.8831,1.5861,,,,,,,,,,8,,,,,,,,,,,,,,,,,True
8453:0x44b5d0d8ce8c643c7e217e92492621c4c0ae3121,Base,Aerodrome Slipstream,aerodromecl3,0x44b5d0d8ce8c643c7e217e92492621c4c0ae3121,OFC/USDC,OFC,USDC,0.05,Альт/мем (long-tail),183142.1035,183142.1035,4316.9521,68759.3754,34.3797,0.4302,0.9788,3.4562,,,0.9788,0.0,0,,,,0.4343,0,0.0236,0.0536,,,,,,,,,,8,,,,,,,,,,,,,,,,,True
8453:0x6cda37ddb9e099bb49495a9ca7df9cd445a6965f,Base,Aerodrome Slipstream,aerodromecl3,0x6cda37ddb9e099bb49495a9ca7df9cd445a6965f,WETH/RSC,WETH,RSC,0.75,Альт/мем (long-tail),156616.5333,156616.5333,1584.3718,85442.8278,640.8212,2.7693,21.3351,23.7766,,,21.3351,14.1,60.5013,AERO,,,2.4547,210.656,0.0101,0.0779,,,,,,,,,,8,,,,,,,,,,,,,,,,,True
8453:0xe73378ea2087f3abcd740215175bd00b8c5daa29,Base,Aerodrome Slipstream,aerodromecl3,0xe73378ea2087f3abcd740215175bd00b8c5daa29,WETH/MENTE,WETH,MENTE,0.05,Альт/мем (long-tail),5938.4753,148904.6067,9737.6404,75980.9869,37.9905,29.9255,33.3576,38.8721,,,33.3576,0.0,0,,,,,,1.6398,1.8278,,,,,,,,,,9,,,,,,,,,,,,,,,,цена альта не подтверждена,True
8453:0x2a5eeea4d91042f779ee6014f4f6fd41f375262d,Base,Aerodrome Slipstream,aerodromecl3,0x2a5eeea4d91042f779ee6014f4f6fd41f375262d,MOCA/MENTE,MOCA,MENTE,0.3,Альт/мем (long-tail),148142.1361,148142.1361,14145.2953,91386.5937,274.1596,10.4555,9.6498,8.1783,,,8.1783,0.0,0,,,,,,0.0955,0.0881,,,,,,,,,,9,,,,,,,,,,,,,,,,обе стороны — альты,True
8453:0x17ea71d7e2dfb58f6b7e95c2dddad863e225091c,Base,Aerodrome Slipstream,aerodromecl3,0x17ea71d7e2dfb58f6b7e95c2dddad863e225091c,WETH/COOKIE,WETH,COOKIE,0.3,Альт/мем (long-tail),138113.8908,138113.8908,15775.3576,217487.8214,652.4635,12.5071,24.6328,23.2695,,,23.2695,50.7789,192.1444,AERO,,,12.3937,116.7186,0.1142,0.225,,,,,,,,,,8,,,,,,,,,,,,,,,,,True
8453:0xabe1f289107c20081f591bb3972b8289add64f6c,Base,Aerodrome Slipstream,aerodromecl3,0xabe1f289107c20081f591bb3972b8289add64f6c,USDC/HTEA,USDC,HTEA,1.0,Альт/мем (long-tail),136061.7557,136061.7557,1957.4473,25650.8537,256.5085,5.2511,9.8302,9.4527,,,9.4527,31.2256,116.4004,AERO,,,3.0254,39.6023,0.0144,0.0269,,,,,,,,,,8,,,,,,,,,,,,,,,,доход держится на эмиссии,True
8453:0x616b2163b1640022d49cc5bbb33be7cfa8674c1e,Base,Aerodrome Slipstream,aerodromecl3,0x616b2163b1640022d49cc5bbb33be7cfa8674c1e,MENTE/USDC,MENTE,USDC,0.05,Альт/мем (long-tail),121790.6835,121790.6835,7332.1084,71179.2522,35.5897,1.0987,1.5237,1.6047,,,1.5237,0.0,0,,,,,,0.0602,0.0835,,,,,,,,,,8,,,,,,,,,,,,,,,,,True
8453:0x74c2249714ca41f1c6e6c74294ac48a6b8b48019,Base,Aerodrome Slipstream,aerodromecl3,0x74c2249714ca41f1c6e6c74294ac48a6b8b48019,MENTE/CBBTC,MENTE,CBBTC,0.05,Альт/мем (long-tail),14786.096,121248.8346,7642.4225,41315.9591,20.658,9.4328,7.285,6.1062,,,6.1062,0.0,0,,,,,,0.5169,0.3992,,,,,,,,,,9,,,,,,,,,,,,,,,,цена альта не подтверждена,True
8453:0x4e392fbfe4d0557c82d2f97f02ec39daa31516dd,Base,Aerodrome Slipstream,aerodromecl3,0x4e392fbfe4d0557c82d2f97f02ec39daa31516dd,WETH/USDC,WETH,USDC,0.008,Голубая фишка/стейбл,120493.2802,120493.2802,4728982.7445,15605076.2576,1248.406,114.6008,54.0241,56.5401,,,54.0241,56.8862,187.7919,AERO,,,34.6602,4416.9755,39.2469,18.5014,,,,,,,,,,7,,,,,,,,,,,,,,,,высокий APR на микро-TVL,True
8453:0x82312ae1bbf1864ce00dfceb974a10e0d6245b48,Base,Aerodrome Slipstream,aerodromecl3,0x82312ae1bbf1864ce00dfceb974a10e0d6245b48,USDC/MXNB,USDC,MXNB,0.05,Альт/мем (long-tail),114671.8311,114671.8311,51445.076,431346.419,215.6732,8.1875,9.807,5.0113,,,5.0113,35.1382,110.3934,AERO,,,8.0487,10.2271,0.4486,0.5374,,,,,,,,,,8,,,,,,,,,,,,,,,,доход держится на эмиссии,True
8453:0xd5b83c33a8711e727c0abb6f72ee508755d37e10,Base,Aerodrome Slipstream,aerodromecl3,0xd5b83c33a8711e727c0abb6f72ee508755d37e10,WTSGOV/USDC,WTSGOV,USDC,0.01,Альт/мем (long-tail),113420.4983,113420.4983,9939.3746,811664.0109,81.1664,0.3199,3.7315,42.5981,,,3.7315,28.5233,88.6335,AERO,,,0.2845,3.6515,0.0876,1.0223,,,,,,,,,,8,,,,,,,,,,,,,,,,,True
8453:0x3dfdecc334a8f2618321c78a9de0e9428438f871,Base,Aerodrome Slipstream,aerodromecl3,0x3dfdecc334a8f2618321c78a9de0e9428438f871,USDC/BLUECHIP,USDC,BLUECHIP,0.8,Альт/мем (long-tail),112611.175,112611.175,439080.0919,4191851.7885,33534.8144,1138.5317,1552.7775,1663.6899,2146.4106,1395.3304,1552.7775,1715.2494,5291.952,AERO,0.9936,1726.2953,900.8589,310.7948,3.8991,5.3177,3.1772,5.7297,126.1843,,,,-454.3653,True,-50.485,9,0.678,0.6041,312.9063,,113.948,,-6.8192,,-73.2576,100.1433,43.2143,161.5947,39.625,128932.1698,-12.6586,высокий APR на микро-TVL,True
8453:0x8fbec3cb897cb1837736f2a17585010d4b2bbeb4,Base,Aerodrome Slipstream,aerodromecl3,0x8fbec3cb897cb1837736f2a17585010d4b2bbeb4,MUSE/USDC,MUSE,USDC,0.01,Альт/мем (long-tail),100006.1084,100006.1084,46440046.4212,46440046.4212,4644.0046,1694.9582,242.1369,56.4986,,,56.4986,0.0,0,,,,,,464.3721,66.3389,,,,,,,,,,8,,,,,,,,,,,,,0.25,,,высокий APR на микро-TVL; разовый всплеск объёма; пул моложе 3 недель,True
8453:0x25f63549b2bb9fff114cdc39e8cfb16b450e2f9b,Base,Aerodrome Slipstream,aerodromecl3,0x25f63549b2bb9fff114cdc39e8cfb16b450e2f9b,WETH/GOOGLC,WETH,GOOGLC,0.05,Токенизир. акции,93204.5892,93204.5892,287751.3804,2891784.4926,1445.8922,56.3434,80.8897,78.2595,,,78.2595,81.1342,207.1802,AERO,,,57.8361,128.2372,3.0873,4.4323,,,,,,,,,,7,,,,,,,,,,,,,,,,,True
8453:0x1a03d2759d43c262c0fe6f2f1f6e9b6fded62de9,Base,Aerodrome Slipstream,aerodromecl3,0x1a03d2759d43c262c0fe6f2f1f6e9b6fded62de9,CADD/USDC,CADD,USDC,0.05,Альт/мем (long-tail),90073.788,90073.788,20089.4112,68347.6391,34.1738,4.0703,1.9783,1.2529,,,1.2529,0.0,0,,,,,,0.223,0.1084,,,,,,,,,,8,,,,,,,,,,,,,,,,,True
8453:0x20e5fad2661ee9eb0c04824524030af31943b62d,Base,Aerodrome Slipstream,aerodromecl3,0x20e5fad2661ee9eb0c04824524030af31943b62d,WETH/NVDAC,WETH,NVDAC,0.05,Токенизир. акции,89400.8783,89400.8783,354593.185,2583335.0719,1291.6676,72.3855,75.3362,89.4155,,,75.3362,106.6589,261.2438,AERO,,,72.3538,156.0391,3.9663,4.128,,,,,,,,,,7,,,,,,,,,,,,,,,,,True
8453:0x5be479f54363910264ad875b75d314f84c70d08d,Base,Aerodrome Slipstream,aerodromecl3,0x5be479f54363910264ad875b75d314f84c70d08d,USDC/RIZE,USDC,RIZE,1.0,Альт/мем (long-tail),85393.718,85393.718,25777.3613,157130.8657,1571.3087,110.1807,95.9468,100.1879,,,95.9468,0.0,0,,,,,0,0.3019,0.2629,,,,,,,,,,8,,,,,,,,,,,,,,,,высокий APR на микро-TVL,True
8453:0x653489511b193db2ba980d29dbfc36e924e50381,Base,Aerodrome Slipstream,aerodromecl3,0x653489511b193db2ba980d29dbfc36e924e50381,VANA/USDC,VANA,USDC,0.3,Альт/мем (long-tail),83483.029,83483.029,2461.4102,59056.6053,177.1698,3.2285,11.0659,18.8791,,,11.0659,0.0,0,,,,,,0.0295,0.1011,,,,,,,,,,8,,,,,,,,,,,,,,,,,True
8453:0xfe8513f8aa444faabb1c35e1e0f24d08c4c9be15,Base,Aerodrome Slipstream,aerodromecl3,0xfe8513f8aa444faabb1c35e1e0f24d08c4c9be15,PORTAL/USDC,PORTAL,USDC,0.3,Альт/мем (long-tail),80808.7645,80808.7645,78748.9408,291327.561,873.9827,106.7088,56.3948,49.57,,,49.57,71.0318,157.26,AERO,,,98.6819,59.38,0.9745,0.515,,,,,,,,,,8,,,,,,,,,,,,,,,,высокий APR на микро-TVL,True
8453:0xe2a363898dccfb6e509cde97a77cf51aea6813a0,Base,Aerodrome Slipstream,aerodromecl3,0xe2a363898dccfb6e509cde97a77cf51aea6813a0,IDRX/FRXUSD,IDRX,FRXUSD,0.15,Альт/мем (long-tail),79940.6435,79940.6435,1809.2075,16560.353,24.8405,1.2391,1.6203,1.9591,,,1.6203,1.1679,2.5579,AERO,,,2.8818,3.6279,0.0226,0.0296,,,,,,,,,,8,,,,,,,,,,,,,,,,,True
8453:0x9cb312de396e90fa51850452718bd7138da2bdcf,Base,Aerodrome Slipstream,aerodromecl3,0x9cb312de396e90fa51850452718bd7138da2bdcf,USDC/AAA,USDC,AAA,0.3,Альт/мем (long-tail),67740.0376,67740.0376,8342.4459,73523.6526,220.571,13.4853,16.9784,25.1578,,,16.9784,45.9205,85.2234,AERO,,,5.4371,697.7574,0.1232,0.1551,,,,,,,,,,8,,,,,,,,,,,,,,,,,True
8453:0xfcce67a155df9a1a95becfe7d09e32dfbe6f9816,Base,Aerodrome Slipstream,aerodromecl3,0xfcce67a155df9a1a95becfe7d09e32dfbe6f9816,SOL/WETH,SOL,WETH,0.03,Крупный альт,65080.5719,65080.5719,331043.0232,3079685.0281,923.9055,55.699,74.0237,75.7133,,,74.0237,86.4055,154.0635,AERO,,,56.896,768.4,5.0867,6.7602,,,,,,,,,,7,,,,,,,,,,,,,,,,,True
8453:0x8343c68279587498526114e6385f0a87f248e0d9,Base,Aerodrome Slipstream,aerodromecl3,0x8343c68279587498526114e6385f0a87f248e0d9,LFI/USDC,LFI,USDC,0.95,Альт/мем (long-tail),54859.7799,54859.7799,61249.5356,493971.0381,4692.7249,387.1375,446.0318,566.8968,,,446.0318,600.1939,902.0961,AERO,,,303.4028,132.7471,1.1165,1.2863,,,,,,,,,,8,,,,,,,,,,,,,,,,высокий APR на микро-TVL,True
8453:0x58dba34e6ee6eb76ef71a6ca0f18871cae817d3b,Base,Aerodrome Slipstream,aerodromecl3,0x58dba34e6ee6eb76ef71a6ca0f18871cae817d3b,USDC/DEUS,USDC,DEUS,0.3,Альт/мем (long-tail),51869.5865,51869.5865,29023.9659,153035.6055,459.1069,61.2715,46.1526,44.3927,,,44.3927,0.0,0,,,,,,0.5596,0.4215,,,,,,,,,,8,,,,,,,,,,,,,,,,,True
8453:0xa00b220f4173742b245f1f64feba9cc89c0b333e,Base,Aerodrome Slipstream,aerodromecl3,0xa00b220f4173742b245f1f64feba9cc89c0b333e,VIRTUAL/CAS,VIRTUAL,CAS,2.0,Альт/мем (long-tail),49925.8287,49925.8287,2504.6534,13878.4209,277.5684,36.6223,28.9894,16.2577,,,16.2577,0.0,0,,,,,,0.0502,0.0397,,,,,,,,,,8,,,,,,,,,,,,,,,,,True
8453:0xfba22a6b7629a2fec052cc2a6eddd2c9d6da5ea5,Base,Aerodrome Slipstream,aerodromecl3,0xfba22a6b7629a2fec052cc2a6eddd2c9d6da5ea5,WETH/BASECAT,WETH,BASECAT,0.8,Альт/мем (long-tail),49795.6096,49795.6096,548927.3412,3208058.9898,25664.4719,3218.8939,2687.4235,2639.8592,,,2639.8592,2468.4001,3367.5476,AERO,0.9704,2543.5735,2714.9712,999.8405,11.0236,9.2035,,,,,,,,,,8,,,,,,,,,,,,,,69116.7015,-27.9543,высокий APR на микро-TVL; объём/TVL > 10 (wash/MEV?),True
8453:0x36622e47536a93b03de0e235c377f13c613b8f8d,Base,Aerodrome Slipstream,aerodromecl3,0x36622e47536a93b03de0e235c377f13c613b8f8d,WTSPYM/USDC,WTSPYM,USDC,0.3,Альт/мем (long-tail),46877.6215,46877.6215,19377.3353,169785.6393,509.3569,45.2629,56.6567,114.8026,,,56.6567,97.5375,125.2693,AERO,,,45.4259,6.6897,0.4134,0.5174,,,,,,,,,,8,,,,,,,,,,,,,,,,,True
8453:0x0bb9df0a03d133f60fb37fef90d83d28c8b566bf,Base,Aerodrome Slipstream,aerodromecl3,0x0bb9df0a03d133f60fb37fef90d83d28c8b566bf,VIRTUAL/WTFGI,VIRTUAL,WTFGI,0.3,Альт/мем (long-tail),39927.9906,39927.9906,4641.595,100156.0468,300.4682,12.7293,39.2388,288.5382,,,39.2388,0.0,0,,,,,,0.1162,0.3583,,,,,,,,,,8,,,,,,,,,,,,,,,,,True
8453:0x0150e3d89e161518c044ad191c4bdf6b40df6e83,Base,Aerodrome Slipstream,aerodromecl3,0x0150e3d89e161518c044ad191c4bdf6b40df6e83,USDC/CBMEGA,USDC,CBMEGA,0.3,Альт/мем (long-tail),32402.7828,32402.7828,69455.715,723300.1891,2169.9006,234.7144,349.1824,432.1794,,,349.1824,571.3793,507.2406,AERO,,,204.9431,83.772,2.1435,3.1889,,,,,,,,,,8,,,,,,,,,,,,,,,,высокий APR на микро-TVL,True
8453:0x1bf888751d06bf6530ba1c64b9c89dac8ecb55b8,Base,Aerodrome Slipstream,aerodromecl3,0x1bf888751d06bf6530ba1c64b9c89dac8ecb55b8,TGBP/FRXUSD,TGBP,FRXUSD,0.03,Альт/мем (long-tail),31328.1255,31328.1255,1739.3218,17223.6107,5.1671,0.6079,0.86,0.9542,,,0.86,10.0859,8.6568,AERO,,,0.2943,36.971,0.0555,0.0785,,,,,,,,,,8,,,,,,,,,,,,,,,,,True
8453:0x1fe13a9b92f85460c946a84c0205f53f98b181e6,Base,Aerodrome Slipstream,aerodromecl3,0x1fe13a9b92f85460c946a84c0205f53f98b181e6,CADD/FRXUSD,CADD,FRXUSD,0.05,Альт/мем (long-tail),29796.124,29796.124,3886.2363,12636.9547,6.3185,2.3803,1.1057,0.8695,,,0.8695,1.9254,1.5718,AERO,,,2.6426,58.218,0.1304,0.0606,,,,,,,,,,8,,,,,,,,,,,,,,,,,True
8453:0xef641a0bf72189056cb75ed494a38e1431289a88,Base,Aerodrome Slipstream,aerodromecl3,0xef641a0bf72189056cb75ed494a38e1431289a88,ZARP/FRXUSD,ZARP,FRXUSD,0.05,Альт/мем (long-tail),24781.1406,24781.1406,2836.8418,12569.635,6.2848,2.0892,1.3224,0.6133,,,0.6133,1.2524,0.8503,AERO,,,0.8451,27.8328,0.1145,0.0725,,,,,,,,,,8,,,,,,,,,,,,,,,,,True
8453:0xf8593b97ae3ddf084da845cf7ddf591e3d52106d,Base,Aerodrome Slipstream,aerodromecl3,0xf8593b97ae3ddf084da845cf7ddf591e3d52106d,USDC/VVV,USDC,VVV,0.27,Крупный альт,24691.89,24691.89,24942.7938,217682.8215,587.7437,99.5514,124.1162,94.4182,,,94.4182,18.8902,12.7791,AERO,,,73.522,289.8255,1.0102,1.2594,,,,,,,,,,7,,,,,,,,,,,,,,,,,True
8453:0xf9eb54a57310e92eb241364b1b1b569de4a838f2,Base,Aerodrome Slipstream,aerodromecl3,0xf9eb54a57310e92eb241364b1b1b569de4a838f2,WETH/WEI,WETH,WEI,1.0,Альт/мем (long-tail),18696.3855,18696.3855,49999.7485,112476.5729,1124.7657,976.1196,313.689,73.1941,,,73.1941,0.0,0,,,,,,2.6743,0.8594,,,,,,,,,,8,,,,,,,,,,,,,,,,высокий APR на микро-TVL; разовый всплеск объёма,True
8453:0x93ecc1773d617eb9e921a9a7e9a13a1c83ca2a2e,Base,Aerodrome Slipstream,aerodromecl3,0x93ecc1773d617eb9e921a9a7e9a13a1c83ca2a2e,MTR/USDC,MTR,USDC,0.3,Альт/мем (long-tail),16917.15,16917.15,1616.4258,6381.7651,19.1453,10.4627,5.9011,3.5334,,,3.5334,0.0,0,,,,,,0.0955,0.0539,,,,,,,,,,8,,,,,,,,,,,,,,,,,True
8453:0xf8f33db251d41942f3b6518e3925df03c8c35f2c,Base,Aerodrome Slipstream,aerodromecl3,0xf8f33db251d41942f3b6518e3925df03c8c35f2c,WETH/REI,WETH,REI,1.0,Альт/мем (long-tail),15617.3776,15617.3776,22925.7035,107315.1015,1073.151,535.8058,358.3006,628.1927,,,358.3006,927.2665,396.7526,AERO,,,477.9168,77.3234,1.468,0.9816,,,,,,,,,,8,,,,,,,,,,,,,,,,высокий APR на микро-TVL,True
8453:0xde201c571ea87d8769f088ad0766c61ba1d6ccb3,Base,Aerodrome Slipstream,aerodromecl3,0xde201c571ea87d8769f088ad0766c61ba1d6ccb3,CBBTC/CBDOGE,CBBTC,CBDOGE,0.05,Альт/мем (long-tail),11334.7644,11334.7644,15666.8784,119112.3188,59.5562,25.2251,27.3974,80.7116,,,27.3974,33.4222,10.379,AERO,,,25.6584,132.2056,1.3822,1.5012,,,,,,,,,,8,,,,,,,,,,,,,,,,,True
8453:0xdf5bde0fc414fcd1f803c9d1b52ebbb4db5982d8dca5316ae06b467e06fc429a,Base,Uniswap v4,uniswapv4,0xdf5bde0fc414fcd1f803c9d1b52ebbb4db5982d8dca5316ae06b467e06fc429a,USDC/OUSD,USDC,OUSD,0.0125,Стейбл/стейбл,10004797.3463,10004797.3463,4180.9297,674278.2328,67.4279,0.0015,0.0351,0.0082,0.0021,,0.0021,0.0,0,,,,0.0019,,0.0004,0.0096,0.0,0.0,0.0,0.0,3113.1521,0.0011,0.0021,,0.0007,3,1.3663,0.0,,,,,,,-0.0001,0.0001,1.0,1.0,4.7083,10101114.5874,-0.9535,пул моложе 3 недель,True
8453:0x7c84276e317f128b55bd270dbfba3ef94c84b984c124a1de7c4f72da90bfba45,Base,Uniswap v4,uniswapv4,0x7c84276e317f128b55bd270dbfba3ef94c84b984c124a1de7c4f72da90bfba45,ETH/POD,ETH,POD,1.099,Альт/мем (long-tail),5816494.9217,5816494.9217,843057.7814,14384024.7374,143840.2473,52.904,128.9478,49.74,27.6971,6.2549,27.6971,0.0,0,,,,,,0.1449,0.3533,2.3492,1.6799,68.9814,100.6645,1.281,1.4593,-60.6657,,-7.5832,8,1.5177,0.2689,81.2467,300.1766,-55.279,-27.3838,-7.5825,-1.2663,-70.398,84.4018,3020.3847,10203.3,90.0,3954968.4601,47.068,,True
8453:0xe2654cc01616e962fbfcc4277c23062e59e70e39f87221d77b6d438705a5f286,Base,Uniswap v4,uniswapv4,0xe2654cc01616e962fbfcc4277c23062e59e70e39f87221d77b6d438705a5f286,USDC/DRV,USDC,DRV,0.5776,Альт/мем (long-tail),5098097.793,5098097.793,657177.9435,7333326.2351,35933.2985,23.0549,36.7522,50.5511,57.4837,6.841,36.7522,0.0,0,,,,24.8355,,0.1289,0.2055,2.0184,1.9898,50.922,10.6307,3.4572,0.2088,-139.2938,,-17.4117,8,4.6988,1.5076,1235.4342,2553.9985,-52.479,-72.8219,-6.5415,-18.0163,-82.0212,72.8383,1.9794,11.0095,90.0,4789048.2239,6.4533,,True
8453:0xe070797535b13431808f8fc81fdbe7b41362960ed0b55bc2b6117c49c51b7eb9,Base,Uniswap v4,uniswapv4,0xe070797535b13431808f8fc81fdbe7b41362960ed0b55bc2b6117c49c51b7eb9,ETH/USDC,ETH,USDC,0.3499,Голубая фишка/стейбл,4569506.2582,4569506.2582,265833.8916,3761760.2071,11285.2806,6.3702,12.8777,26.8233,22.1057,8.2765,12.8777,0.0,0,,,,,,0.0582,0.1176,0.5225,0.4429,3.4126,,,,-168.252,True,-42.063,4,0.7314,0.2768,-15.0099,61.659,10.9461,53.2902,-0.1347,-2.2383,-8.3169,28.0206,1717.6986,2786.1897,90.0,4620879.8125,-1.1118,,True
8453:0xbc6683f3fed27bbfdfb6d9f342a29c5f2c2f02de9f9d65fb35d77d4f43a7b51e,Base,Uniswap v4,uniswapv4,0xbc6683f3fed27bbfdfb6d9f342a29c5f2c2f02de9f9d65fb35d77d4f43a7b51e,UMIA/USDC,UMIA,USDC,1.0,Альт/мем (long-tail),3406977.3139,3406977.3139,85889.4176,956562.6229,9565.6262,9.2016,14.6399,31.0064,19.257,9.2016,14.6399,0.0,0,,,,9.3015,,0.0252,0.0401,1.5202,2.2912,28.8885,,,,-22.3653,True,-2.7957,8,2.4782,0.1315,13.395,,23.5948,,-0.5583,,-33.0848,30.0241,0.5288,0.8748,32.875,3441555.6037,-1.0047,,True
8453:0x12d76c5c8ec8edffd3c143995b0aa43fe44a6d71eb9113796272909e54b8e078,Base,Uniswap v4,uniswapv4,0x12d76c5c8ec8edffd3c143995b0aa43fe44a6d71eb9113796272909e54b8e078,USDC/CBBTC,USDC,CBBTC,0.0625,Голубая фишка/стейбл,3371381.5148,3371381.5148,2133845.1949,23707446.7519,11853.7234,11.551,18.3333,18.4137,17.8822,6.591,17.8822,0.0,0,,,,10.8127,,0.6329,1.0046,0.3988,0.3468,1.9879,,,,-87.6303,True,-21.9076,4,0.6981,0.1542,3.8944,9.0252,-7.1474,-26.2774,-0.0687,-1.1506,-29.2739,22.5347,0.0,0.0,90.0,3402570.7643,-0.9166,,True
8453:0x2fbe93bf7177596c5d04675bdcef7bacaf98bd954dc26829fcda39f122239459,Base,Uniswap v4,uniswapv4,0x2fbe93bf7177596c5d04675bdcef7bacaf98bd954dc26829fcda39f122239459,ETH/CBBTC,ETH,CBBTC,0.0625,ETH/BTC,1981581.0173,1981581.0173,970213.2874,8439030.36,4219.5152,8.9355,11.1031,16.7956,16.2462,7.911,11.1031,0.0,0,,,,,,0.4896,0.6084,0.218,0.25,0.5939,,,,-44.9893,True,-11.2473,4,0.7275,0.2249,-38.5301,50.8784,2.6173,12.7175,-0.0083,-0.1789,-6.2209,10.5452,0.0276,0.0332,90.0,1973513.8563,0.4088,,True
8453:0x52c84b74461f956470e48b691c24e194c5b6863b80d0b5412c6f9d9b8e118fcc,Base,Uniswap v4,uniswapv4,0x52c84b74461f956470e48b691c24e194c5b6863b80d0b5412c6f9d9b8e118fcc,LIQ/WETH,LIQ,WETH,1.0,Альт/мем (long-tail),105079.1091,1408122.7981,5543.3342,10167.5317,101.6753,19.2552,5.0454,18.3043,,,5.0454,0.0,0,,,,,,0.0528,0.0138,,,,,,,,,,9,,,,,,,,,,,,,,,,цена альта не подтверждена,True
8453:0xf97db19953c4309b3af2ceb9cce172939e8868321a24656667d44cccb31c9ddc,Base,Uniswap v4,uniswapv4,0xf97db19953c4309b3af2ceb9cce172939e8868321a24656667d44cccb31c9ddc,USDC/CBBTC,USDC,CBBTC,0.1762,Голубая фишка/стейбл,1318687.9245,1318687.9245,186671.0626,1544013.912,2316.0209,7.7503,9.1579,3.5676,14.9774,4.3183,3.5676,0.0,0,,,,8.3539,,0.1416,0.1673,0.4018,0.3394,2.0185,,,,-103.5665,True,-20.7133,5,0.8155,1.0442,2836.6396,-11.2448,-7.2583,-26.4128,-0.0709,-1.1644,-29.2548,22.9579,0.0,0.0,90.0,,,,True
8453:0xfc25fdd217e288d03a877f0b7d49e0bbe52b2288c88de929125062569fc7eb2a,Base,Uniswap v4,uniswapv4,0xfc25fdd217e288d03a877f0b7d49e0bbe52b2288c88de929125062569fc7eb2a,WETH/SURPLUS,WETH,SURPLUS,1.2,Альт/мем (long-tail),999268.8134,999268.8134,292359.3406,2812708.4834,33752.5018,128.1471,176.124,130.8982,112.515,53.6405,112.515,0.0,0,,,,,,0.2926,0.4021,2.9841,3.8522,111.3144,180.9285,0.9734,1.6254,4.1566,,0.4618,9,0.8016,0.2626,74.44,71.0825,-57.4984,-21.0944,-8.5017,-0.6975,-75.1694,60.644,20305993.9445,81778224.369,90.0,849597.3196,17.6168,,True
8453:0x6f42a3aacf3fd5e8bc50c8970f661bd392f35fe7eba9e28dd4e00f21c99c4078,Base,Uniswap v4,uniswapv4,0x6f42a3aacf3fd5e8bc50c8970f661bd392f35fe7eba9e28dd4e00f21c99c4078,WETH/EAT,WETH,EAT,1.0,Альт/мем (long-tail),827739.9734,827739.9734,6944.5097,53611.0015,536.11,3.0622,3.3772,5.6162,5.4713,2.8319,3.3772,0.0,0,,,,2.9393,,0.0084,0.0093,0.3932,0.4225,1.9322,,,,0.9021,True,0.1804,5,0.3433,0.1135,-5.0113,16.8509,19.2841,35.976,-0.3874,-1.169,-9.9171,24.5547,8994116.528,12429265.6185,90.0,,,,True
8453:0xb24f7fcd75c3a001b74be4c60f181c024154c4d7c33097777e3950979042b073,Base,Uniswap v4,uniswapv4,0xb24f7fcd75c3a001b74be4c60f181c024154c4d7c33097777e3950979042b073,TBTC/USDC,TBTC,USDC,0.3499,Голубая фишка/стейбл,726649.6241,726649.6241,241906.8366,1761954.9902,5285.865,36.4533,37.9303,21.9978,2.1607,0.0048,2.1607,0.0,0,,,,40.4183,,0.3329,0.3464,0.4226,0.3231,2.2321,,,,-116.3107,True,-19.3851,6,1.7395,1.6753,566.7636,621027.9113,8.0976,36.0988,-0.0757,-1.1758,-7.8511,20.0014,61468.2259,87004.5299,90.0,,,,True
8453:0x64f978ef116d3c2e1231cfd8b80a369dcd8e91b28037c9973b65b59fd2cbbb96,Base,Uniswap v4,uniswapv4,0x64f978ef116d3c2e1231cfd8b80a369dcd8e91b28037c9973b65b59fd2cbbb96,USDC/CBBTC,USDC,CBBTC,0.3,Голубая фишка/стейбл,660570.8522,660570.8522,6925.5387,37616.0602,112.8482,1.148,0.8908,0.8759,,,0.8759,0.0,0,,,,1.0958,,0.0105,0.0081,,,,,,,,,,6,,,,,,,,,,,,,,,,,True
8453:0x5f547579519beaa158cddd3543604029165f66e86a00c373d0ee90c38784921b,Base,Uniswap v4,uniswapv4,0x5f547579519beaa158cddd3543604029165f66e86a00c373d0ee90c38784921b,ETH/DOT,ETH,DOT,1.099,Крупный альт,623762.1553,623762.1553,90944.761,2269017.045,22690.1704,53.2171,189.6765,183.5716,165.4779,81.3931,165.4779,0.0,0,,,,,,0.1458,0.5197,3.691,4.6613,170.2894,,,,-4375.579,True,-546.9474,8,0.8254,0.5268,150.8427,120.2437,-76.8145,-33.0905,-21.823,-1.9849,-93.1466,150.1708,160361.9935,2339905.0245,90.0,730677.1206,-14.6323,,True
8453:0xec33256bf1ded407a57fd3c1965e7556e42ac14db09bc4e6fef57d5e2eb0b0b9,Base,Uniswap v4,uniswapv4,0xec33256bf1ded407a57fd3c1965e7556e42ac14db09bc4e6fef57d5e2eb0b0b9,WETH/GITLAWB,WETH,GITLAWB,1.2,Альт/мем (long-tail),502525.359,502525.359,45332.2505,1448921.2712,17387.0553,39.5115,180.4109,216.8968,65.5504,20.4531,65.5504,0.0,0,,,,13.4996,,0.0902,0.4119,2.6766,3.0047,89.5495,,,,-49.1594,True,-5.4622,9,1.096,0.2298,4.4781,-25.3087,13.274,271.0652,-0.1939,-18.2149,-78.3586,106.2792,24945584.7203,167979933.0885,90.0,558834.839,-10.0762,,True
8453:0x6ef02666f150d9649655b884e043b61b0990fad9be4c632d0c7568bb24da9367,Base,Uniswap v4,uniswapv4,0x6ef02666f150d9649655b884e043b61b0990fad9be4c632d0c7568bb24da9367,LFI/WETH,LFI,WETH,1.02,Альт/мем (long-tail),445524.1901,445524.1901,29335.4432,373599.0961,3810.7108,24.514,44.5995,53.3889,46.9815,17.1338,44.5995,0.0,0,,,,12.92,,0.0658,0.1198,2.7983,2.9119,97.8795,,,,-80.7808,True,-8.9756,9,1.4262,0.1655,5.1937,42.8494,-8.9843,-1.4243,-0.1107,-0.0026,-74.5733,136.2568,0.0,0.0,90.0,,,,True
8453:0x4a9b9e13975d26f4e3e17c655593bb82145dd4452aedafb826d856b817c9cfd4,Base,Uniswap v4,uniswapv4,0x4a9b9e13975d26f4e3e17c655593bb82145dd4452aedafb826d856b817c9cfd4,WETH/AEON,WETH,AEON,1.2,Альт/мем (long-tail),440401.3349,440401.3349,248338.9101,719458.3885,8633.5007,246.9848,102.2194,111.19,98.7265,40.1939,98.7265,0.0,0,,,,,,0.5639,0.2334,3.07,3.8924,117.8135,,,,-52.1885,True,-5.7987,9,1.7462,0.311,9.349,23.8638,-0.5612,44.1374,-0.0004,-1.6478,-85.0956,152.3852,56711951.6371,380504342.9558,90.0,,,,True
8453:0x96d4b53a38337a5733179751781178a2613306063c511b78cd02684739288c0a,Base,Uniswap v4,uniswapv4,0x96d4b53a38337a5733179751781178a2613306063c511b78cd02684739288c0a,ETH/USDC,ETH,USDC,0.0625,Голубая фишка/стейбл,429627.5451,429627.5451,382404.8618,3037329.5513,1518.6647,16.244,18.4317,20.7261,,,18.4317,0.0,0,,,,,,0.8901,1.01,,,,,,,,,,6,,,,,,,,,,,,,,,,,True
8453:0xaf15cd1f9c3874bbcfddfc2b544544612c9de8c8bae28ba21c129c6b286c1e19,Base,Uniswap v4,uniswapv4,0xaf15cd1f9c3874bbcfddfc2b544544612c9de8c8bae28ba21c129c6b286c1e19,ETH/USDC,ETH,USDC,0.009,Голубая фишка/стейбл,366404.7883,366404.7883,149748.0734,1582823.9991,142.4542,1.3426,2.0273,2.0993,,,2.0273,0.9023,9.0576,ETH; KNC; USDC,,,,,0.4087,0.6171,,,,,,,,,,6,,,,,,,,,,,,,,,,,True
8453:0x1d8c55f347727c0fb4f5e1b65cdb93639e0c7102580a7d345e1144cd5a718f54,Base,Uniswap v4,uniswapv4,0x1d8c55f347727c0fb4f5e1b65cdb93639e0c7102580a7d345e1144cd5a718f54,WETH/USDC,WETH,USDC,0.3499,Голубая фишка/стейбл,341497.0286,341497.0286,19434.9355,260694.9971,782.085,6.2318,11.9416,15.9853,,,11.9416,0.0,0,,,,6.6727,,0.0569,0.1091,,,,,,,,,,6,,,,,,,,,,,,,,,,,True
8453:0x5e9782079683037fc8bb57625683359d9efaef80f2b829c4bb5b1896c6bb40b6,Base,Uniswap v4,uniswapv4,0x5e9782079683037fc8bb57625683359d9efaef80f2b829c4bb5b1896c6bb40b6,WETH/RATSPEAK,WETH,RATSPEAK,0.7,Альт/мем (long-tail),325792.7247,325792.7247,28864.711,367809.4669,2574.6663,22.6369,41.2073,81.0628,59.2647,14.2299,41.2073,0.0,0,,,,15.9274,,0.0886,0.1613,4.4985,4.7827,252.9595,,,,-282.8251,True,-31.425,9,1.6361,0.8448,-9.0632,459.5908,59.5939,-61.6323,-2.6707,-10.468,-97.6199,556.9856,38135656.0604,1602240443.8414,90.0,,,,True
8453:0xd09b80fba50d53fa75da9ad1c823f7085b2478e00757619ee39a4a406874b009,Base,Uniswap v4,uniswapv4,0xd09b80fba50d53fa75da9ad1c823f7085b2478e00757619ee39a4a406874b009,WETH/WOON,WETH,WOON,0.7,Альт/мем (long-tail),322951.861,322951.861,7017.1976,95208.4245,666.459,5.5516,10.7605,9.1204,,,9.1204,0.0,0,,,,4.188,,0.0217,0.0421,,,,,,,,,,7,,,,,,,,,,,,,,,,,True
8453:0xe6195a1f1c8f5d0bcf0a880db26738a1df4f6863017700a8f6377a72d45366f2,Base,Uniswap v4,uniswapv4,0xe6195a1f1c8f5d0bcf0a880db26738a1df4f6863017700a8f6377a72d45366f2,ETH/CBBTC,ETH,CBBTC,0.3499,ETH/BTC,321014.574,321014.574,5457.7396,69807.3356,209.422,1.8617,3.4017,4.3051,,,3.4017,0.0,0,,,,,,0.017,0.0311,,,,,,,,,,6,,,,,,,,,,,,,,,,,True
8453:0xf272fa039c68a79015b721df554f3bcb8a54016df9075e67a654b4d63e6afc51,Base,Uniswap v4,uniswapv4,0xf272fa039c68a79015b721df554f3bcb8a54016df9075e67a654b4d63e6afc51,WBTC/USDC,WBTC,USDC,0.3499,Голубая фишка/стейбл,317900.2267,317900.2267,34067.2415,103220.1976,309.6606,11.7344,5.0791,2.8831,,,2.8831,0.0,0,,,,13.0622,,0.1072,0.0464,,,,,,,,,,6,,,,,,,,,,,,,,,,разовый всплеск объёма,True
8453:0x6e7a1875810afb6074953094c35a101e1cc7aee010fb1372d8f41b0fbe92d83c,Base,Uniswap v4,uniswapv4,0x6e7a1875810afb6074953094c35a101e1cc7aee010fb1372d8f41b0fbe92d83c,ETH/A0T,ETH,A0T,2.098,Альт/мем (long-tail),308834.7419,308834.7419,3431.2355,71766.6822,1435.3337,8.1105,24.2338,26.6494,,,24.2338,0.0,0,,,,,,0.0111,0.0332,,,,,,,,,,7,,,,,,,,,,,,,,,,,True
8453:0xef256e214c45aab706ca54d6e2c5d0ca42b87895a43e97b382ea012d13e78e49,Base,Uniswap v4,uniswapv4,0xef256e214c45aab706ca54d6e2c5d0ca42b87895a43e97b382ea012d13e78e49,BOAR/WETH,BOAR,WETH,1.0,Альт/мем (long-tail),294519.2201,294519.2201,244214.9687,4503185.9061,45031.8591,302.6575,797.262,738.2219,921.5574,433.601,738.2219,0.0,0,,,,205.7161,,0.8292,2.1843,10.512,10.512,1381.2701,,,,-1031.1377,True,-103.1138,10,1.1919,0.2818,,,,,,,-81.0302,262.1243,0.0,0.0,9.0417,305336.7498,-3.5428,пул моложе 3 недель,True
8453:0xf13203ddbf2c9816a79b656a1a952521702715d92fea465b84ae2ed6e94a7f22,Base,Uniswap v4,uniswapv4,0xf13203ddbf2c9816a79b656a1a952521702715d92fea465b84ae2ed6e94a7f22,USDC/USDT,USDC,USDT,0.0009,Стейбл/стейбл,283909.0803,283909.0803,7914938.1924,70178935.1598,491.2537,7.123,9.0224,3.5109,,,3.5109,0.0,0,,,,8.6487,,27.8784,35.3126,,,,,,,,,,6,,,,,,,,,,,,,,,,,True
8453:0xb04b187062efbf94cf9b4b6f42bf688258d3c88b7c9283bbc74dbbfb1af40d54,Base,Uniswap v4,uniswapv4,0xb04b187062efbf94cf9b4b6f42bf688258d3c88b7c9283bbc74dbbfb1af40d54,CLAWBANK/WETH,CLAWBANK,WETH,1.0,Альт/мем (long-tail),278353.0825,278353.0825,7128.7191,83123.3292,831.2333,9.3478,15.5712,26.9476,,,15.5712,0.0,0,,,,4.1591,,0.0256,0.0427,,,,,,,,,,7,,,,,,,,,,,,,,,,,True
8453:0xfead056987a16ab9c0a62f8cfb6041bc2961abe156ff091c2bc24cb6c3c2a752,Base,Uniswap v4,uniswapv4,0xfead056987a16ab9c0a62f8cfb6041bc2961abe156ff091c2bc24cb6c3c2a752,ETH/USDC,ETH,USDC,0.2899,Голубая фишка/стейбл,233633.1725,233633.1725,68605.265,419213.9775,1048.0349,26.7951,23.3903,5.9152,,,5.9152,0.0,0,,,,,,0.2936,0.2563,,,,,,,,,,7,,,,,,,,,,,,,,,,разовый всплеск объёма,True
8453:0x9fd58e73d8047cb14ac540acd141d3fc1a41fb6252d674b730faf62fe24aa8ce,Base,Uniswap v4,uniswapv4,0x9fd58e73d8047cb14ac540acd141d3fc1a41fb6252d674b730faf62fe24aa8ce,WETH/CLAWD,WETH,CLAWD,1.0,Альт/мем (long-tail),227791.8059,227791.8059,1799.0564,60877.751,608.7775,2.8827,13.9353,25.2331,,,13.9353,0.0,0,,,,,,0.0079,0.0382,,,,,,,,,,8,,,,,,,,,,,,,,,,,True
8453:0xfa82421f19c7127cddd5e6e88a205176533fdfce0fd2616b632be5c773aae704,Base,Uniswap v4,uniswapv4,0xfa82421f19c7127cddd5e6e88a205176533fdfce0fd2616b632be5c773aae704,RIPPLE/WETH,RIPPLE,WETH,1.2,Альт/мем (long-tail),210198.3764,210198.3764,3141.2972,20218.1903,242.6183,6.5457,6.0185,7.5572,,,6.0185,0.0,0,,,,7.2193,,0.0149,0.0137,,,,,,,,,,8,,,,,,,,,,,,,,,,,True
8453:0x28ca4438a075dc0a85a47035990a40200b490e605e8e95913247d8362cc47bb3,Base,Uniswap v4,uniswapv4,0x28ca4438a075dc0a85a47035990a40200b490e605e8e95913247d8362cc47bb3,USDC/VFY,USDC,VFY,0.3499,Альт/мем (long-tail),197296.3747,197296.3747,5571.5979,87614.8798,262.8446,3.0923,6.9466,12.1493,,,6.9466,0.0,0,,,,3.0936,,0.0282,0.0634,,,,,,,,,,8,,,,,,,,,,,,,,,,,True
8453:0x064a5df2ecfcb7c05779b147aa38e4b0e91c966267fbdbc8cf16addd83636b13,Base,Uniswap v4,uniswapv4,0x064a5df2ecfcb7c05779b147aa38e4b0e91c966267fbdbc8cf16addd83636b13,USDC/NOCK,USDC,NOCK,3.097,Альт/мем (long-tail),194315.9394,194315.9394,33943.7783,232527.9081,6975.8372,191.2784,187.19,391.4733,311.4807,130.3673,187.19,0.0,0,,,,151.351,,0.1747,0.1709,3.1261,3.1281,122.1536,,,,30.7155,True,3.4128,9,0.5595,0.5526,93.7383,,3.594,,-0.0156,,-75.9053,112.3553,18.2909,75.9126,40.5417,,,высокий APR на микро-TVL,True
8453:0x3de2a8642859649d22d4a6f6a87b1441c51fdf8bf2bcd8864628a6a0f7119843,Base,Uniswap v4,uniswapv4,0x3de2a8642859649d22d4a6f6a87b1441c51fdf8bf2bcd8864628a6a0f7119843,ETH/ETHFI,ETH,ETHFI,0.3499,Альт/мем (long-tail),182314.9724,182314.9724,28667.0919,308469.3114,925.4079,17.2177,26.4671,30.537,,,26.4671,0.0,0,,,,,,0.1572,0.2417,,,,,,,,,,8,,,,,,,,,,,,,,,,,True
8453:0x20897a5fe1b823e02fcea5fd7eeb8af75830d8352d2904b076e98692eff2e0a2,Base,Uniswap v4,uniswapv4,0x20897a5fe1b823e02fcea5fd7eeb8af75830d8352d2904b076e98692eff2e0a2,USDC/CBBTC,USDC,CBBTC,1.099,Голубая фишка/стейбл,177590.0642,177590.0642,2242.7512,13471.6452,134.7164,4.6095,3.9555,4.6228,,,3.9555,0.0,0,,,,3.5612,,0.0126,0.0108,,,,,,,,,,7,,,,,,,,,,,,,,,,,True
8453:0xb8e3840b850cd5e2d8229e54a04c3a10b653d072870bbfb26847d237fc655a37,Base,Uniswap v4,uniswapv4,0xb8e3840b850cd5e2d8229e54a04c3a10b653d072870bbfb26847d237fc655a37,USDC/RNBW,USDC,RNBW,1.099,Альт/мем (long-tail),175709.6789,175709.6789,8556.8315,153041.9508,1530.4195,17.775,45.4161,100.413,,,45.4161,0.0,0,,,,10.8742,,0.0487,0.1244,,,,,,,,,,8,,,,,,,,,,,,,,,,,True
8453:0xf75abf8b552feb6cc784c1432b731276f253dff4b72ec0b2162444efca39a4a9,Base,Uniswap v4,uniswapv4,0xf75abf8b552feb6cc784c1432b731276f253dff4b72ec0b2162444efca39a4a9,USDC/CAS,USDC,CAS,0.0001,Альт/мем (long-tail),174808.0,174808.0,41594.2453,280817.4839,0.2808,0.0087,0.0084,0.004,,,0.004,0.0,0,,,,0.0056,,0.2379,0.2295,,,,,,,,,,8,,,,,,,,,,,,,,,,,True
8453:0x15f351bf1637b43d70631ba95fb9bbb1ff21761c29b034c1b380aecb922464dd,Base,Uniswap v4,uniswapv4,0x15f351bf1637b43d70631ba95fb9bbb1ff21761c29b034c1b380aecb922464dd,WETH/MOLT,WETH,MOLT,1.0,Альт/мем (long-tail),170028.8555,170028.8555,2089.1361,15326.9214,153.2692,4.4847,4.7003,17.6644,,,4.7003,0.0,0,,,,,,0.0123,0.0129,,,,,,,,,,8,,,,,,,,,,,,,,,,,True
8453:0xcece56fd6eb8fcbc6c45af8181bfe71ea6057770630490cac36dbbc4aa27a4a6,Base,Uniswap v4,uniswapv4,0xcece56fd6eb8fcbc6c45af8181bfe71ea6057770630490cac36dbbc4aa27a4a6,WETH/ROBOTMONEY,WETH,ROBOTMONEY,1.2,Альт/мем (long-tail),168881.3212,168881.3212,1607.7093,35588.164,427.058,4.1697,13.1856,15.5005,,,13.1856,0.0,0,,,,1.8567,,0.0095,0.0301,,,,,,,,,,8,,,,,,,,,,,,,,,,,True
8453:0xbbb79f10ba7a225ffd0ddb87554a132a38747feb9a4c9cdd12f865d87c82c30b,Base,Uniswap v4,uniswapv4,0xbbb79f10ba7a225ffd0ddb87554a132a38747feb9a4c9cdd12f865d87c82c30b,EMBOW/VVV,EMBOW,VVV,3.0,Альт/мем (long-tail),164180.8624,164180.8624,18608.9028,646846.7872,19405.4036,124.1116,616.304,404.2792,316.9764,108.6626,316.9764,0.0,0,,,,0,,0.1133,0.5628,6.0663,5.1452,460.0025,,,,-272.2711,True,-27.2271,10,1.7578,0.2138,,,,,,,-68.5687,68.1292,0.0,0.0,13.625,154027.7018,6.5918,высокий APR на микро-TVL; пул моложе 3 недель,True
8453:0x4676505f75ef3cf95cf30d6e56134e39fe1f4c325ed29e52a5e28e350bee268c,Base,Uniswap v4,uniswapv4,0x4676505f75ef3cf95cf30d6e56134e39fe1f4c325ed29e52a5e28e350bee268c,BASEMATE/WETH,BASEMATE,WETH,0.7,Альт/мем (long-tail),162976.4766,162976.4766,4129.1969,439761.9279,3078.3335,6.4734,98.4885,54.526,52.8434,10.5137,52.8434,0.0,0,,,,6.1821,,0.0253,0.3855,2.8749,3.6146,103.3113,,,,-79.4948,True,-7.9495,10,1.2737,0.6219,4.3141,304.0056,-10.1194,-42.8705,-0.1421,-3.7939,-69.4869,114.2467,0.0,0.0,90.0,,,,True
8453:0xd65358ad868d4d82944fdf7632a9bb030d4ef742d529d1a49511defe18533428,Base,Uniswap v4,uniswapv4,0xd65358ad868d4d82944fdf7632a9bb030d4ef742d529d1a49511defe18533428,BMIND/WETH,BMIND,WETH,1.0033,Альт/мем (long-tail),8859.8828,161729.4103,1998.0048,11804.3233,118.0515,82.3117,69.4766,20.2817,,,20.2817,0.0,0,,,,,,0.2255,0.1903,,,,,,,,,,9,,,,,,,,,,,,,,,,цена альта не подтверждена; разовый всплеск объёма,True
8453:0x179492f1f9c7b2e2518a01eda215baab8adf0b02dd3a90fe68059c0cac5686f5,Base,Uniswap v4,uniswapv4,0x179492f1f9c7b2e2518a01eda215baab8adf0b02dd3a90fe68059c0cac5686f5,USDC/CBBTC,USDC,CBBTC,0.3499,Голубая фишка/стейбл,161598.6548,161598.6548,8088.1175,69767.489,209.3025,5.4805,6.7535,96.5948,,,6.7535,0.0,0,,,,3.5612,,0.0501,0.0617,,,,,,,,,,7,,,,,,,,,,,,,,,,,True
8453:0x7188cfc95722e160dc39cf32fbc3b44f0e0bc95319a152f659b7d6bfca8f4620,Base,Uniswap v4,uniswapv4,0x7188cfc95722e160dc39cf32fbc3b44f0e0bc95319a152f659b7d6bfca8f4620,USDC/CRV,USDC,CRV,0.3499,Крупный альт,161387.7981,161387.7981,41983.3259,679842.0573,2039.5262,28.4853,65.8951,54.9072,,,54.9072,0.0,0,,,,25.829,,0.2601,0.6018,,,,,,,,,,7,,,,,,,,,,,,,,,,,True
8453:0x7eac33d5641697366eaec3234147fd98ba25f01acca66a51a48bd129fc532145,Base,Uniswap v4,uniswapv4,0x7eac33d5641697366eaec3234147fd98ba25f01acca66a51a48bd129fc532145,WETH/KELLYCLAUDE,WETH,KELLYCLAUDE,1.0,Альт/мем (long-tail),158260.4822,158260.4822,1125.5761,48900.913,489.0091,2.5959,16.1116,18.9635,,,16.1116,0.0,0,,,,,,0.0071,0.0441,,,,,,,,,,8,,,,,,,,,,,,,,,,,True
8453:0xf80335f8d6ba2a5970474a236bec053a65de6ca6fa1cd1f80086d843fef112bb,Base,Uniswap v4,uniswapv4,0xf80335f8d6ba2a5970474a236bec053a65de6ca6fa1cd1f80086d843fef112bb,WETH/1CLAWAI,WETH,1CLAWAI,0.7,Альт/мем (long-tail),150643.0687,150643.0687,8108.358,101499.2712,710.4949,13.7523,24.5927,20.7469,,,20.7469,0.0,0,,,,7.5004,,0.0538,0.0963,,,,,,,,,,8,,,,,,,,,,,,,,,,,True
8453:0xadb241a45a0b04acd80b20defdedf945a2bb1c2e2ee4c8331cadc1e95788c84c,Base,Uniswap v4,uniswapv4,0xadb241a45a0b04acd80b20defdedf945a2bb1c2e2ee4c8331cadc1e95788c84c,CYB3RWR3N/WETH,CYB3RWR3N,WETH,1.2,Альт/мем (long-tail),140545.6951,140545.6951,1486.1899,17776.0,213.312,4.6316,7.9139,111.4197,,,7.9139,0.0,0,,,,1.7792,,0.0106,0.0181,,,,,,,,,,8,,,,,,,,,,,,,,,,,True
8453:0x8a71465e76d736564b0c90f5cf3d0d7b69c461c36f69250ae27dbead147cc8f8,Base,Uniswap v4,uniswapv4,0x8a71465e76d736564b0c90f5cf3d0d7b69c461c36f69250ae27dbead147cc8f8,ETH/NEMESIS,ETH,NEMESIS,0.3499,Альт/мем (long-tail),139886.4074,139886.4074,8189.9649,26167.1433,78.5014,6.4109,2.9262,6.1318,,,2.9262,0.0,0,,,,,,0.0585,0.0267,,,,,,,,,,8,,,,,,,,,,,,,,,,,True
8453:0x83a29b6619907f80e5a47d40f53d4af239a69980f22a08b10f43d357a9f06209,Base,Uniswap v4,uniswapv4,0x83a29b6619907f80e5a47d40f53d4af239a69980f22a08b10f43d357a9f06209,WETH/MIROSHARK,WETH,MIROSHARK,1.2,Альт/мем (long-tail),139036.7244,139036.7244,11852.8426,38931.4592,467.1775,37.3394,17.5205,28.5475,,,17.5205,0.0,0,,,,16.4895,,0.0852,0.04,,,,,,,,,,8,,,,,,,,,,,,,,,,,True
8453:0xaf2baac6d043d22f9ce14439228fbbf90c108a1dc809e32ad4e7e9e13fc941ac,Base,Uniswap v4,uniswapv4,0xaf2baac6d043d22f9ce14439228fbbf90c108a1dc809e32ad4e7e9e13fc941ac,VIRTUAL/USDC,VIRTUAL,USDC,0.3499,Крупный альт,132751.1985,132751.1985,137934.9395,1147338.0725,3442.0142,113.7758,135.1976,103.0631,57.5063,19.3046,57.5063,0.0,0,,,,76.2388,,1.039,1.2347,0.8624,0.8833,9.2965,,,,-190.4002,True,-23.8,8,0.9571,0.2416,24.9312,124.9106,28.0298,61.2158,-0.7584,-2.7848,-29.455,40.3335,0.5167,0.8792,90.0,,,высокий APR на микро-TVL,True
8453:0xccc580e505fe82023460957d7b9df215ae237f78d76e301a5c1455d9b72034c5,Base,Uniswap v4,uniswapv4,0xccc580e505fe82023460957d7b9df215ae237f78d76e301a5c1455d9b72034c5,USDC/STARFISH,USDC,STARFISH,1.099,Альт/мем (long-tail),132725.7238,132725.7238,17443.5583,80095.2667,800.9527,47.9703,31.4664,7.3422,,,7.3422,0.0,0,,,,48.8533,,0.1314,0.0862,,,,,,,,,,8,,,,,,,,,,,,,,,,разовый всплеск объёма,True
8453:0x0b94ef042317de1c60e1787778f7c46b58e73417cf252e571c8d544de964ab92,Base,Uniswap v4,uniswapv4,0x0b94ef042317de1c60e1787778f7c46b58e73417cf252e571c8d544de964ab92,WETH/WOLF,WETH,WOLF,0.7,Альт/мем (long-tail),129019.792,129019.792,1152.7134,4357.9892,30.5059,2.2827,1.2329,7.5756,,,1.2329,0.0,0,,,,2.2295,,0.0089,0.0048,,,,,,,,,,8,,,,,,,,,,,,,,,,,True
8453:0x272e0968e2fb347236c6060cc9395f13591968f3f83056c600c755066dd214a6,Base,Uniswap v4,uniswapv4,0x272e0968e2fb347236c6060cc9395f13591968f3f83056c600c755066dd214a6,ETH/TEL,ETH,TEL,0.3499,Альт/мем (long-tail),121945.7335,121945.7335,18966.9838,121201.5799,363.6048,17.0312,15.5474,3.6351,,,3.6351,0.0,0,,,,,,0.1555,0.142,,,,,,,,,,8,,,,,,,,,,,,,,,,разовый всплеск объёма,True
8453:0x83f95026fb17cbb252b5861baca45b1ef6b175e9b494250cc1202655431987c9,Base,Uniswap v4,uniswapv4,0x83f95026fb17cbb252b5861baca45b1ef6b175e9b494250cc1202655431987c9,ZRO/USDC,ZRO,USDC,1.0981,Крупный альт,120761.9976,120761.9976,16008.9081,298755.9547,2984.572,48.3381,128.8684,51.8116,154.4248,42.5949,51.8116,0.0,0,,,,50.2215,,0.1326,0.3534,1.2045,1.6598,18.1347,,,,-431.782,True,-47.9758,9,0.4319,0.1197,,,,,,,-14.4406,27.1622,1.4086,2.087,12.125,,,пул моложе 3 недель,True
8453:0xae11897d5a77fe094f4745b5e1992b3bc331ff659e959ae8789b5e92b9d5b921,Base,Uniswap v4,uniswapv4,0xae11897d5a77fe094f4745b5e1992b3bc331ff659e959ae8789b5e92b9d5b921,WETH/CONWAY,WETH,CONWAY,1.0,Альт/мем (long-tail),120278.9557,120278.9557,34941.2591,1197032.1063,11970.321,106.0332,518.9326,145.8046,5.6198,0.1968,5.6198,0.0,0,,,,,,0.2905,1.4217,2.2659,2.809,64.1799,,,,-76.5924,True,-7.6592,10,4.9056,0.1964,59.0524,77.411,-47.4383,-36.184,-4.9572,-2.4699,-93.5184,91.3139,230677745.6404,3558940159.2889,90.0,,,высокий APR на микро-TVL,True
8453:0xdd8cb8180b8694dcdfa4382ad44315e5664016d03037572a32db5fae046a7639,Base,Uniswap v4,uniswapv4,0xdd8cb8180b8694dcdfa4382ad44315e5664016d03037572a32db5fae046a7639,WETH/AFTS,WETH,AFTS,0.0125,Альт/мем (long-tail),118697.5637,118697.5637,311293.5396,311293.5396,31.1294,9.5724,1.3675,0.3191,,,0.3191,0.0,0,,,,12.5391,,2.6226,0.3747,,,,,,,,,,8,,,,,,,,,,,,,,,,разовый всплеск объёма,True
8453:0x9ca1904f829dfeaebeb30a86d9afb06654058d5fd8f0b883181a1bbc2e804ae5,Base,Uniswap v4,uniswapv4,0x9ca1904f829dfeaebeb30a86d9afb06654058d5fd8f0b883181a1bbc2e804ae5,ETH/SPARK,ETH,SPARK,0.3,Альт/мем (long-tail),115957.921,115957.921,21408.1557,128339.425,385.0183,20.2159,17.3131,20.95,,,17.3131,0.0,0,,,,,,0.1846,0.1581,,,,,,,,,,8,,,,,,,,,,,,,,,,,True
8453:0x381c95740e3e5a23d66b9757ade02d85e8810e3711f20aaa15c37e06963ab747,Base,Uniswap v4,uniswapv4,0x381c95740e3e5a23d66b9757ade02d85e8810e3711f20aaa15c37e06963ab747,STONKEX/USDC,STONKEX,USDC,0.9991,Альт/мем (long-tail),115786.4471,115786.4471,42934.7419,748246.4712,6734.2182,121.811,303.2664,281.3769,918.2692,205.6856,281.3769,0.0,0,,,,112.3133,,0.3708,0.9232,3.7852,6.3542,179.0957,,,,51.9615,True,5.1961,10,1.1188,0.9084,14471.5139,,25.7951,,-0.6547,,-81.2473,202.999,0.005,0.0267,29.625,,,высокий APR на микро-TVL,True
8453:0xb18fad93e3c5a5f932d901f0c22c5639a832d6f29a4392fff3393fb734dd0720,Base,Uniswap v4,uniswapv4,0xb18fad93e3c5a5f932d901f0c22c5639a832d6f29a4392fff3393fb734dd0720,EURC/USDC,EURC,USDC,0.02,Стейбл/стейбл,113319.0977,113319.0977,2621.8328,10080.0518,2.016,0.1689,0.0928,0.045,,,0.045,0.0,0,,,,0.1663,,0.0231,0.0127,,,,,,,,,,7,,,,,,,,,,,,,,,,,True
8453:0xa6979745954ea4976d4c94a5957c225801de74b4ef6ab22d122854fb09405e06,Base,Uniswap v4,uniswapv4,0xa6979745954ea4976d4c94a5957c225801de74b4ef6ab22d122854fb09405e06,ETH/STFY,ETH,STFY,1.0,Альт/мем (long-tail),110701.2855,110701.2855,22213.7604,194456.6177,1944.5662,73.2423,91.5935,408.9547,,,91.5935,0.0,0,,,,,,0.2007,0.2509,,,,,,,,,,8,,,,,,,,,,,,,,,,,True
8453:0x42e0452e7ce8557b889af78f0fefff309f193028824910ebbce863a06c240033,Base,Uniswap v4,uniswapv4,0x42e0452e7ce8557b889af78f0fefff309f193028824910ebbce863a06c240033,USDC/NOCK,USDC,NOCK,1.5985,Альт/мем (long-tail),110184.6941,110184.6941,26540.7635,203664.8545,3054.9728,131.8792,144.5709,204.5291,248.6685,95.1663,144.5709,0.0,0,,,,117.7549,,0.2409,0.2641,3.1543,3.3655,124.3707,,,,-14.7437,True,-1.6382,9,0.5113,0.3106,89.5676,,2.9965,,-0.0109,,-76.1923,116.2568,18.3504,77.0778,40.5417,,,высокий APR на микро-TVL,True
8453:0x24ecedb296899f0110dce5cfdd9c9dd74b2b11a21dee752e085f93c700c7fccb,Base,Uniswap v4,uniswapv4,0x24ecedb296899f0110dce5cfdd9c9dd74b2b11a21dee752e085f93c700c7fccb,WETH/1F916,WETH,1F916,0.7,Альт/мем (long-tail),109862.6668,109862.6668,22353.0584,313750.337,2196.2524,51.985,104.2382,349.7906,,,104.2382,0.0,0,,,,17.8941,,0.2035,0.408,,,,,,,,,,8,,,,,,,,,,,,,,,,,True
8453:0x8e1737aab1bb49dcdbfa014868c1cfb8702b7b66ce20e023e7d6f7427f9e1537,Base,Uniswap v4,uniswapv4,0x8e1737aab1bb49dcdbfa014868c1cfb8702b7b66ce20e023e7d6f7427f9e1537,WETH/SAIRI,WETH,SAIRI,1.0,Альт/мем (long-tail),108635.545,108635.545,3383.0301,26585.3503,265.8535,11.3665,12.7604,18.6022,,,12.7604,0.0,0,,,,4.1701,,0.0311,0.035,,,,,,,,,,8,,,,,,,,,,,,,,,,,True
8453:0x4b095f294d8efca4b50b948865e68262025a68ba80e759b5b75cddb995c6b43f,Base,Uniswap v4,uniswapv4,0x4b095f294d8efca4b50b948865e68262025a68ba80e759b5b75cddb995c6b43f,USDC/BLUECHIP,USDC,BLUECHIP,1.099,Альт/мем (long-tail),107341.4666,107341.4666,35981.3787,440083.7091,4400.8371,122.3498,213.7778,2204.9415,990.1097,209.955,213.7778,0.0,0,,,,10.9563,,0.3352,0.5857,3.3863,6.1966,143.3352,,,,30.1704,True,3.017,10,1.0438,0.6594,13.082,,116.4447,,-7.0166,,-87.0855,300.2535,42.9006,332.1909,42.875,,,высокий APR на микро-TVL,True
8453:0xc9786476d2492eb8ddb2ebf8b4b69e227e1f31397c790d877541ab0ed5cf5ee2,Base,Uniswap v4,uniswapv4,0xc9786476d2492eb8ddb2ebf8b4b69e227e1f31397c790d877541ab0ed5cf5ee2,BSTONK/USDC,BSTONK,USDC,0.3,Альт/мем (long-tail),106970.8217,106970.8217,28066.7281,389624.9527,1168.8748,28.7303,56.9767,310.2931,,,56.9767,0.0,0,,,,18.8162,,0.2624,0.5203,,,,,,,,,,8,,,,,,,,,,,,,,,,,True
8453:0x060eea2f3f474c5a9a53e8b806e180b7f770b305e332f008aefae77030fe8955,Base,Uniswap v4,uniswapv4,0x060eea2f3f474c5a9a53e8b806e180b7f770b305e332f008aefae77030fe8955,ETH/TOSHI,ETH,TOSHI,0.3499,Крупный альт,101769.3063,101769.3063,5210.4947,90281.3166,270.844,5.6063,13.8771,16.7351,,,13.8771,0.0,0,,,,,,0.0512,0.1267,,,,,,,,,,7,,,,,,,,,,,,,,,,,True
8453:0xba55cdae026b9dd63fcb50e82094d61472948e44527ca4791033497469228049,Base,Uniswap v4,uniswapv4,0xba55cdae026b9dd63fcb50e82094d61472948e44527ca4791033497469228049,WETH/TEO,WETH,TEO,1.0,Альт/мем (long-tail),96154.0685,96154.0685,13653.2773,27516.8106,275.1681,51.8277,14.9219,3.66,,,3.66,0.0,0,,,,43.3989,,0.142,0.0409,,,,,,,,,,8,,,,,,,,,,,,,,,,разовый всплеск объёма,True
8453:0xfba2c4592d32a4e2e6393b8898f9110b4e272983f4bd416b38f81672a17fe3dc,Base,Uniswap v4,uniswapv4,0xfba2c4592d32a4e2e6393b8898f9110b4e272983f4bd416b38f81672a17fe3dc,USDC/USDT,USDC,USDT,0.0006,Стейбл/стейбл,95147.2163,95147.2163,8181922.607,8182823.7875,49.0973,18.8324,2.6906,0.6278,,,0.6278,0.0,0,,,,83.9142,,85.9922,12.286,,,,,,,,,,7,,,,,,,,,,,,,,,,разовый всплеск объёма,True
8453:0x1635213e2b19e459a4132df40011638b65ae7510a35d6a88c47ebf94912c7f2e,Base,Uniswap v4,uniswapv4,0x1635213e2b19e459a4132df40011638b65ae7510a35d6a88c47ebf94912c7f2e,WETH/JUNO,WETH,JUNO,1.0,Альт/мем (long-tail),94766.3341,94766.3341,7392.8895,14488.8044,144.888,28.4743,7.9721,13.6695,,,7.9721,0.0,0,,,,,,0.078,0.0218,,,,,,,,,,8,,,,,,,,,,,,,,,,,True
8453:0xec329ff2cfac8c2ebced2d9d988c74b3385e6d4cdde888aea0d74bb3737a6d50,Base,Uniswap v4,uniswapv4,0xec329ff2cfac8c2ebced2d9d988c74b3385e6d4cdde888aea0d74bb3737a6d50,CGN/USDC,CGN,USDC,0.0125,Альт/мем (long-tail),94261.2988,94261.2988,52590.8407,387186.9992,38.7188,2.0364,2.1418,2.0551,,,2.0551,0.0,0,,,,2.4172,,0.5579,0.5868,,,,,,,,,,8,,,,,,,,,,,,,,,,,True
8453:0x12da4aa7e989ebe3119388f35c21d23552337daeddada1e0b6d27674fbdffdf0,Base,Uniswap v4,uniswapv4,0x12da4aa7e989ebe3119388f35c21d23552337daeddada1e0b6d27674fbdffdf0,WETH/FREECODE,WETH,FREECODE,0.7,Альт/мем (long-tail),93316.122,93316.122,162800.6657,260952.2242,1826.6656,445.749,102.0698,88.5089,,,88.5089,0.0,0,,,,151.9765,,1.7446,0.3995,,,,,,,,,,8,,,,,,,,,,,,,,,,высокий APR на микро-TVL; разовый всплеск объёма,True
8453:0x36d7043ec113e9926b8f98392544a1b00b027556269bd35e2945403c69806f97,Base,Uniswap v4,uniswapv4,0x36d7043ec113e9926b8f98392544a1b00b027556269bd35e2945403c69806f97,VVV/CBBTC,VVV,CBBTC,0.3499,Крупный альт,92292.9045,92292.9045,60294.3392,453745.8143,1361.2375,71.5356,76.906,124.6171,,,76.906,0.0,0,,,,0,,0.6533,0.7023,,,,,,,,,,7,,,,,,,,,,,,,,,,,True
8453:0x123e50d024df1e6fe41347850a5695918242927b4e2623d2b97625248ccd2c20,Base,Uniswap v4,uniswapv4,0x123e50d024df1e6fe41347850a5695918242927b4e2623d2b97625248ccd2c20,WETH/VVVEITY,WETH,VVVEITY,0.7,Альт/мем (long-tail),88415.7503,88415.7503,1089.4831,10076.2698,70.5339,3.1483,4.1597,118.9429,,,4.1597,0.0,0,,,,2.2727,,0.0123,0.0163,,,,,,,,,,8,,,,,,,,,,,,,,,,,True
8453:0x47865dcde7136215a76802aeb800f5e063434a01a51a2baa2c696f4d92a82130,Base,Uniswap v4,uniswapv4,0x47865dcde7136215a76802aeb800f5e063434a01a51a2baa2c696f4d92a82130,ETH/BASEPAD,ETH,BASEPAD,1.099,Альт/мем (long-tail),86683.7475,86683.7475,260758.2545,2209478.4105,22094.7841,1097.977,1329.0671,310.1157,,,310.1157,0.0,0,,,,,,3.0082,3.6413,,,,,,,,,,8,,,,,,,,,,,,,,41615.3823,108.2974,высокий APR на микро-TVL; TVL расходится с GeckoTerminal,True
8453:0x06249abc099011fec3a5550a7a6d1f12ba90ad9b9c59cd13b32a83b5c1fad7ee,Base,Uniswap v4,uniswapv4,0x06249abc099011fec3a5550a7a6d1f12ba90ad9b9c59cd13b32a83b5c1fad7ee,ETH/SHIB,ETH,SHIB,2.0881,Альт/мем (long-tail),86388.8477,86388.8477,3150.9417,22004.7316,437.8968,26.4928,26.4307,52.6787,,,26.4307,0.0,0,,,,,,0.0365,0.0364,,,,,,,,,,8,,,,,,,,,,,,,,,,,True
8453:0xe4a1407210e5edfd381e6343fbf8daff3daa0ecbfa9121e3118898baa0601200,Base,Uniswap v4,uniswapv4,0xe4a1407210e5edfd381e6343fbf8daff3daa0ecbfa9121e3118898baa0601200,USDC/CBZEC,USDC,CBZEC,1.099,Альт/мем (long-tail),82267.6678,82267.6678,1113.9298,36291.1567,362.9116,4.9422,23.002,102.5648,,,23.002,0.0,0,,,,4.9477,,0.0135,0.063,,,,,,,,,,8,,,,,,,,,,,,,,,,,True
8453:0x2b1e35f39734e895a40a355862ebeb4af161dce321f15a4c22e632f848f8cf72,Base,Uniswap v4,uniswapv4,0x2b1e35f39734e895a40a355862ebeb4af161dce321f15a4c22e632f848f8cf72,USDC/CNX,USDC,CNX,0.2899,Альт/мем (long-tail),80457.1099,80457.1099,12185.4791,122486.2587,306.2156,13.8201,19.8453,7.0396,,,7.0396,0.0,0,,,,16.2237,,0.1515,0.2175,,,,,,,,,,8,,,,,,,,,,,,,,,,,True
8453:0x9150f6e5faf636ae28e0c70634598d7ce9d7fd3931f7c0f5d7f75faf6016086c,Base,Uniswap v4,uniswapv4,0x9150f6e5faf636ae28e0c70634598d7ce9d7fd3931f7c0f5d7f75faf6016086c,WETH/BOTS,WETH,BOTS,0.7,Альт/мем (long-tail),80332.5791,80332.5791,27941.6232,333782.3062,2336.4761,88.8691,151.6577,343.1447,,,151.6577,0.0,0,,,,31.3818,,0.3478,0.5936,,,,,,,,,,8,,,,,,,,,,,,,,,,,True
8453:0xacf14d58f70a3945a9bfda4e0e3c4572a63da09b717b2e8ceba0d28bd19a5c41,Base,Uniswap v4,uniswapv4,0xacf14d58f70a3945a9bfda4e0e3c4572a63da09b717b2e8ceba0d28bd19a5c41,EUR/USDC,EUR,USDC,0.3499,Альт/мем (long-tail),80247.263,80247.263,3515.5552,85862.726,257.5882,4.7971,16.7375,10.7095,,,10.7095,0.0,0,,,,5.256,,0.0438,0.1529,,,,,,,,,,8,,,,,,,,,,,,,,,,,True
8453:0x6e19027912db90892200a2b08c514921917bc55d7291ec878aa382c193b50084,Base,Uniswap v4,uniswapv4,0x6e19027912db90892200a2b08c514921917bc55d7291ec878aa382c193b50084,WETH/FELIX,WETH,FELIX,1.0,Альт/мем (long-tail),80087.1557,80087.1557,2490.5452,5238.4281,52.3843,11.3507,3.4106,2.3193,,,2.3193,0.0,0,,,,,,0.0311,0.0093,,,,,,,,,,8,,,,,,,,,,,,,,,,разовый всплеск объёма,True
8453:0x3b92f4962d799934d24d114f3d7569f836d5d9af01bd92ecee613d5ba89f17a2,Base,Uniswap v4,uniswapv4,0x3b92f4962d799934d24d114f3d7569f836d5d9af01bd92ecee613d5ba89f17a2,CBBTC/DIEM,CBBTC,DIEM,0.3499,Альт/мем (long-tail),76212.3252,76212.3252,31233.7152,325287.3225,975.8619,44.8758,66.7664,79.425,,,66.7664,0.0,0,,,,0,,0.4098,0.6097,,,,,,,,,,8,,,,,,,,,,,,,,,,,True
8453:0x0d27648c93e06e6debfcd2feebeb6a96c6e538ebfdb6b72a2c53082bb879d767,Base,Uniswap v4,uniswapv4,0x0d27648c93e06e6debfcd2feebeb6a96c6e538ebfdb6b72a2c53082bb879d767,WETH/VEILNET,WETH,VEILNET,0.7,Альт/мем (long-tail),9006.8408,75150.9367,1012.23,1107.9675,7.7558,28.7143,4.49,4.4384,,,4.4384,0.0,0,,,,,,0.1124,0.0176,,,,,,,,,,9,,,,,,,,,,,,,,,,цена альта не подтверждена; разовый всплеск объёма,True
8453:0xe1d05fe2b899df927bc67e5eedaccb95d06bf7c769ed68469bb773615f2401f8,Base,Uniswap v4,uniswapv4,0xe1d05fe2b899df927bc67e5eedaccb95d06bf7c769ed68469bb773615f2401f8,USDC/USDT,USDC,USDT,0.001,Стейбл/стейбл,70762.9004,70762.9004,5010540.5758,30570949.5668,244.5681,20.6758,18.0214,4.2142,,,4.2142,0.0,0,,,,24.5788,,70.8075,61.7171,,,,,,,,,,7,,,,,,,,,,,,,,,,разовый всплеск объёма,True
8453:0x0dda14d04d4ba1538fff12d20108f6d7af5ce8a13fc3ffdcbc3ee79a5000bbf9,Base,Uniswap v4,uniswapv4,0x0dda14d04d4ba1538fff12d20108f6d7af5ce8a13fc3ffdcbc3ee79a5000bbf9,WETH/USDC,WETH,USDC,0.0801,Голубая фишка/стейбл,69897.8433,69897.8433,35845.6488,86838.2705,111.5294,8.4556,8.3199,1.9413,,,1.9413,0.0,0,,,,14.5418,,0.5128,0.1775,,,,,,,,,,7,,,,,,,,,,,,,,,,разовый всплеск объёма,True
8453:0x2f9175276740364e50932fc6932e329f014fce73ee03d2c5780cc491e3ac939d,Base,Uniswap v4,uniswapv4,0x2f9175276740364e50932fc6932e329f014fce73ee03d2c5780cc491e3ac939d,WETH/USDC,WETH,USDC,0.062,Голубая фишка/стейбл,69372.5366,69372.5366,18707.5382,90865.0079,91.5796,6.7683,6.8834,1.6061,,,1.6061,0.0,0,,,,17.4071,,0.2697,0.1871,,,,,,,,,,7,,,,,,,,,,,,,,,,разовый всплеск объёма,True
8453:0x727b2741ac2b2df8bc9185e1de972661519fc07b156057eeed9b07c50e08829b,Base,Uniswap v4,uniswapv4,0x727b2741ac2b2df8bc9185e1de972661519fc07b156057eeed9b07c50e08829b,ETH/TEL,ETH,TEL,0.3,Альт/мем (long-tail),2786.5839,68504.1862,8092.5205,217566.3841,652.6991,317.999,1221.3376,937.7019,,,937.7019,0.0,0,,,,,,2.9041,11.1538,,,,,,,,,,9,,,,,,,,,,,,,,,,цена альта не подтверждена; высокий APR на микро-TVL,True
8453:0x9aa4826fd33557a7d882296e3df5101b36ba09260f1757248af0e3957ed21674,Base,Uniswap v4,uniswapv4,0x9aa4826fd33557a7d882296e3df5101b36ba09260f1757248af0e3957ed21674,ETH/AMETA,ETH,AMETA,0.0625,Альт/мем (long-tail),67717.283,67717.283,2910.0905,30997.2757,15.4986,0.7843,1.1934,1.3933,,,1.1934,0.0,0,,,,,,0.043,0.0654,,,,,,,,,,8,,,,,,,,,,,,,,,,,True
8453:0x83b7ac4bdd27787a2d19cfacc5284c43b29d408443ccbe2ab23424717441b1dd,Base,Uniswap v4,uniswapv4,0x83b7ac4bdd27787a2d19cfacc5284c43b29d408443ccbe2ab23424717441b1dd,WETH/HARNESS,WETH,HARNESS,0.7,Альт/мем (long-tail),64394.5363,64394.5363,27889.1166,165333.5009,1157.3345,110.6564,93.7141,73.6654,,,73.6654,0.0,0,,,,42.9499,,0.4331,0.3668,,,,,,,,,,8,,,,,,,,,,,,,,,,высокий APR на микро-TVL,True
8453:0x21a138687a96298d44f5dc167ba4950c16d0fa680e8663540c0845834b4aac37,Base,Uniswap v4,uniswapv4,0x21a138687a96298d44f5dc167ba4950c16d0fa680e8663540c0845834b4aac37,WETH/ANTIHUNTER,WETH,ANTIHUNTER,1.0,Альт/мем (long-tail),64085.7634,64085.7634,1447.3637,4583.1524,45.8315,8.2435,3.729,6.4077,,,3.729,0.0,0,,,,,,0.0226,0.0102,,,,,,,,,,8,,,,,,,,,,,,,,,,,True
8453:0xe9729410128968edfcbe2c0c2f3bca342aa36bf3c2e69f7e558172d02c45e8f8,Base,Uniswap v4,uniswapv4,0xe9729410128968edfcbe2c0c2f3bca342aa36bf3c2e69f7e558172d02c45e8f8,UMIA/USDC,UMIA,USDC,2.1979,Альт/мем (long-tail),63637.0297,63637.0297,6466.2275,72390.0178,1520.1904,77.8849,124.5612,354.3881,,,124.5612,0.0,0,,,,33.7374,,0.1016,0.1625,,,,,,,,,,8,,,,,,,,,,,,,,,,,True
8453:0x636da53e0251b3cb0b4d10dbaff488b294f97bd5212b7e2a7c1bc3fb57fd6e31,Base,Uniswap v4,uniswapv4,0x636da53e0251b3cb0b4d10dbaff488b294f97bd5212b7e2a7c1bc3fb57fd6e31,SOSO/USDC,SOSO,USDC,0.0002,Альт/мем (long-tail),60671.742,60671.742,2009355.225,13897225.8278,13.8971,1.2088,1.1944,0.7844,,,0.7844,0.0,0,,,,2.4305,,33.1185,32.7223,,,,,,,,,,8,,,,,,,,,,,,,,,,,True
8453:0x363fe74e05aa32b2cf6fe11e632cae4eabc9238c09d3ca626ef3afd414e2944e,Base,Uniswap v4,uniswapv4,0x363fe74e05aa32b2cf6fe11e632cae4eabc9238c09d3ca626ef3afd414e2944e,USDC/VVV,USDC,VVV,0.3499,Крупный альт,58544.5021,58544.5021,47972.4231,419263.3517,1257.79,89.7263,112.0255,262.6159,,,112.0255,0.0,0,,,,,,0.8194,1.0231,,,,,,,,,,7,,,,,,,,,,,,,,,,,True
8453:0xa0675763947a930e3736cdb47b59713865a4d24be6f01f39bc79c2ed7d55b9b6,Base,Uniswap v4,uniswapv4,0xa0675763947a930e3736cdb47b59713865a4d24be6f01f39bc79c2ed7d55b9b6,MOR/VVV,MOR,VVV,0.0125,Альт/мем (long-tail),58538.2341,58538.2341,3860.116,46493.5839,4.6494,0.2407,0.4141,0.7606,,,0.4141,0.0,0,,,,,,0.0659,0.1135,,,,,,,,,,8,,,,,,,,,,,,,,,,,True
8453:0x27a597eac57e882b0085f67fbbf8356892caa1ff7ca730f2f377c4fd0d9cf0f7,Base,Uniswap v4,uniswapv4,0x27a597eac57e882b0085f67fbbf8356892caa1ff7ca730f2f377c4fd0d9cf0f7,WETH/ATBASH,WETH,ATBASH,0.7,Альт/мем (long-tail),56795.1817,56795.1817,7021.4287,35737.8491,250.165,31.5867,22.9673,45.4838,,,22.9673,0.0,0,,,,,,0.1236,0.0899,,,,,,,,,,8,,,,,,,,,,,,,,,,,True
8453:0x73184f3f24a9993aeb4ae040e36997dfe2e927a6742bbb1f24706c421f527330,Base,Uniswap v4,uniswapv4,0x73184f3f24a9993aeb4ae040e36997dfe2e927a6742bbb1f24706c421f527330,WETH/ATLAS,WETH,ATLAS,0.7,Альт/мем (long-tail),55246.5845,55246.5845,39280.7964,2621441.5293,18350.0908,181.6627,1731.9191,515.9193,,,515.9193,0.0,0,,,,74.7442,,0.711,6.7785,,,,,,,,,,8,,,,,,,,,,,,,,84266.6104,-34.4383,высокий APR на микро-TVL,True
8453:0x8c9b0d2b28205b33b34f67c0c660eb8f46ae2272650d908776f509538ed914f1,Base,Uniswap v4,uniswapv4,0x8c9b0d2b28205b33b34f67c0c660eb8f46ae2272650d908776f509538ed914f1,WETH/RWAGMI,WETH,RWAGMI,2.0,Альт/мем (long-tail),54971.8888,54971.8888,1725.6613,26079.7991,521.596,22.9159,49.4753,167.7861,,,49.4753,0.0,0,,,,,,0.0314,0.0678,,,,,,,,,,8,,,,,,,,,,,,,,,,,True
8453:0x84bb5de343c30ebd863aaaea0c8d1013c12d4e876645f4ea610c67f71fa8490d,Base,Uniswap v4,uniswapv4,0x84bb5de343c30ebd863aaaea0c8d1013c12d4e876645f4ea610c67f71fa8490d,USDC/KAI,USDC,KAI,2.098,Альт/мем (long-tail),53382.2662,53382.2662,8042.1022,46599.327,931.9865,109.9754,91.0348,282.8963,,,91.0348,0.0,0,,,,0.9291,,0.1507,0.1247,,,,,,,,,,8,,,,,,,,,,,,,,,,высокий APR на микро-TVL,True
8453:0x012ab3271b4db77cc85445161a6f6fe8ef5e958b384bad6e3aeeaa2236113d66,Base,Uniswap v4,uniswapv4,0x012ab3271b4db77cc85445161a6f6fe8ef5e958b384bad6e3aeeaa2236113d66,ETH/RARE,ETH,RARE,0.3499,Альт/мем (long-tail),52552.865,52552.865,2128.732,39730.4883,119.1915,4.4355,11.8262,12.5371,,,11.8262,0.0,0,,,,,,0.0405,0.108,,,,,,,,,,8,,,,,,,,,,,,,,,,,True
8453:0x0d64a8e0d28626511cc23fc75b81c2f03e222b14f9b944b60eecc3f4ddabeddc,Base,Uniswap v4,uniswapv4,0x0d64a8e0d28626511cc23fc75b81c2f03e222b14f9b944b60eecc3f4ddabeddc,WETH/STARKBOT,WETH,STARKBOT,1.0,Альт/мем (long-tail),52446.5287,52446.5287,6335.8131,19125.0365,191.2504,44.0939,19.0143,5.2633,,,5.2633,0.0,0,,,,,,0.1208,0.0521,,,,,,,,,,8,,,,,,,,,,,,,,,,разовый всплеск объёма,True
8453:0x4ba553aaac433d47281bb39967d7a3404006e1da44c291b93ad7878b6daa1f15,Base,Uniswap v4,uniswapv4,0x4ba553aaac433d47281bb39967d7a3404006e1da44c291b93ad7878b6daa1f15,WETH/SHX,WETH,SHX,3.0,Альт/мем (long-tail),50852.9459,50852.9459,2621.5156,25774.4489,773.2335,56.4482,79.2847,33.2339,,,33.2339,0.0,0,,,,,,0.0516,0.0724,,,,,,,,,,8,,,,,,,,,,,,,,,,,True
8453:0x01bc3d69468c878544d9f1289fd2cec1d70cec76159a355ddcc80bce185aa398,Base,Uniswap v4,uniswapv4,0x01bc3d69468c878544d9f1289fd2cec1d70cec76159a355ddcc80bce185aa398,WETH/BAES,WETH,BAES,2.0,Альт/мем (long-tail),49698.3719,49698.3719,20612.2612,45118.5214,902.3704,302.7655,94.6755,269.1843,,,94.6755,0.0,0,,,,147.1539,,0.4147,0.1297,,,,,,,,,,8,,,,,,,,,,,,,,,,высокий APR на микро-TVL,True
8453:0xd316152008e12105594c32686b9d0401fd2c60ca4805c84f280069d218b771a8,Base,Uniswap v4,uniswapv4,0xd316152008e12105594c32686b9d0401fd2c60ca4805c84f280069d218b771a8,ETH/NOCK,ETH,NOCK,2.098,Альт/мем (long-tail),49449.3343,49449.3343,12605.7362,108332.744,2166.6549,186.0933,228.4673,544.1879,,,228.4673,0.0,0,,,,,,0.2549,0.313,,,,,,,,,,8,,,,,,,,,,,,,,,,высокий APR на микро-TVL,True
8453:0x84fa97768196067f0e5aa157709039a3897e219cba3002d9ad38bf44e300fe93,Base,Uniswap v4,uniswapv4,0x84fa97768196067f0e5aa157709039a3897e219cba3002d9ad38bf44e300fe93,CNGN/USDC,CNGN,USDC,0.1762,Альт/мем (long-tail),49225.2065,49225.2065,7764.4473,44600.6168,66.9009,8.6359,7.0866,3.9103,,,3.9103,0.0,0,,,,5.8096,,0.1577,0.1294,,,,,,,,,,8,,,,,,,,,,,,,,,,,True
8453:0x88026e8765f823c1a6dedc0d0fb1286e345ae3fb4214adb42ece9d6567d391dc,Base,Uniswap v4,uniswapv4,0x88026e8765f823c1a6dedc0d0fb1286e345ae3fb4214adb42ece9d6567d391dc,ETH/ESHARE,ETH,ESHARE,0.9,Альт/мем (long-tail),44703.2756,44703.2756,1196.5622,7467.2442,67.2052,8.7929,7.839,4.0834,,,4.0834,0.0,0,,,,,,0.0268,0.0239,,,,,,,,,,8,,,,,,,,,,,,,,,,,True
8453:0xb738136607ffbc3446342a1af243fc20caf1469041b18e57fafa25b008ca167d,Base,Uniswap v4,uniswapv4,0xb738136607ffbc3446342a1af243fc20caf1469041b18e57fafa25b008ca167d,WETH/PERKOS,WETH,PERKOS,1.2,Альт/мем (long-tail),44049.0309,44049.0309,10003.7039,14016.6524,168.1998,99.4715,19.9106,13.1572,,,13.1572,0.0,0,,,,40.087,,0.2271,0.0455,,,,,,,,,,8,,,,,,,,,,,,,,,,разовый всплеск объёма,True
8453:0x0f4e921ef4f483570dfdb05df55aa053efec90ba9ff78db059ce0638bbb4478e,Base,Uniswap v4,uniswapv4,0x0f4e921ef4f483570dfdb05df55aa053efec90ba9ff78db059ce0638bbb4478e,ETH/SPEC,ETH,SPEC,1.099,Альт/мем (long-tail),43640.5764,43640.5764,1268.6308,6553.5314,65.5353,10.6105,7.8303,17.2307,,,7.8303,0.0,0,,,,,,0.0291,0.0215,,,,,,,,,,8,,,,,,,,,,,,,,,,,True
8453:0x8930762cccc36040f25fc29db58a8ec22e872a347260d992f39666a3cdce7e5a,Base,Uniswap v4,uniswapv4,0x8930762cccc36040f25fc29db58a8ec22e872a347260d992f39666a3cdce7e5a,USDC/BASECAT,USDC,BASECAT,0.9991,Альт/мем (long-tail),43529.4314,43529.4314,89648.8208,638851.7136,5749.6654,676.5454,688.7386,3296.3606,,,688.7386,0.0,0,,,,0.1357,,2.0595,2.0966,,,,,,,,,,8,,,,,,,,,,,,,,,,высокий APR на микро-TVL,True
8453:0xc6e6728c2e10e90b1ea3d1571eaaa6c4613d1583eba55f3fe2a37b972d26e555,Base,Uniswap v4,uniswapv4,0xc6e6728c2e10e90b1ea3d1571eaaa6c4613d1583eba55f3fe2a37b972d26e555,WBTC/CBBTC,WBTC,CBBTC,0.0095,"Коррелир. (ETH/LST, BTC/BTC)",43290.1103,43290.1103,19967.8828,161941.0608,12.1456,1.2627,1.4629,3.0794,,,1.4629,0.0,0,,,,0,,0.4613,0.5344,,,,,,,,,,7,,,,,,,,,,,,,,,,,True
8453:0x8356320a0db330746136ba9e748a5d07c0f97eab2e50b4ded222569ff3da3b8e,Base,Uniswap v4,uniswapv4,0x8356320a0db330746136ba9e748a5d07c0f97eab2e50b4ded222569ff3da3b8e,ETH/CBETH,ETH,CBETH,0.0063,"Коррелир. (ETH/LST, BTC/BTC)",43062.8091,43062.8091,58343.4102,2917890.924,145.8946,2.4726,17.6657,26.3229,,,17.6657,0.0,0,,,,,,1.3548,9.6799,,,,,,,,,,7,,,,,,,,,,,,,,,,,True
8453:0xdc3ff06ddcb02822ffba77b985de0f735733b52b5b3fa9e72e402979a55bb493,Base,Uniswap v4,uniswapv4,0xdc3ff06ddcb02822ffba77b985de0f735733b52b5b3fa9e72e402979a55bb493,ETH/AGENTCAT,ETH,AGENTCAT,0.0125,Альт/мем (long-tail),42707.6983,42707.6983,12364.1302,12364.1302,1.2364,1.0567,0.151,0.0352,,,0.0352,0.0,0,,,,,,0.2895,0.0414,,,,,,,,,,8,,,,,,,,,,,,,,,,разовый всплеск объёма,True
8453:0x0fbcaaf346e1b812a63b2cf196841ed7664ae1d4fa3e9fd93b29266801c15f44,Base,Uniswap v4,uniswapv4,0x0fbcaaf346e1b812a63b2cf196841ed7664ae1d4fa3e9fd93b29266801c15f44,THQ/USDC,THQ,USDC,0.0125,Альт/мем (long-tail),39406.9603,39406.9603,23051.3525,80229.0159,8.0229,2.1351,1.0616,0.8364,,,0.8364,0.0,0,,,,,,0.585,0.2908,,,,,,,,,,8,,,,,,,,,,,,,,,,,True
8453:0x11eca6cb59e4f4cbff4f0c280c447fc1e207cf62f300ce4bc63a33cae605b482,Base,Uniswap v4,uniswapv4,0x11eca6cb59e4f4cbff4f0c280c447fc1e207cf62f300ce4bc63a33cae605b482,ETH/VIRTUAL,ETH,VIRTUAL,0.3499,Крупный альт,35712.7543,35712.7543,12866.0771,67148.3438,201.445,39.4491,29.4122,23.3905,,,23.3905,0.0,0,,,,,,0.3603,0.2686,,,,,,,,,,7,,,,,,,,,,,,,,,,,True
8453:0x583faa5e649ad044bd166745d59683e4eae0e2ebe8c54f047a92b8066da282b9,Base,Uniswap v4,uniswapv4,0x583faa5e649ad044bd166745d59683e4eae0e2ebe8c54f047a92b8066da282b9,SINGULARITY-ENGINE/WETH,SINGULARITY-ENGINE,WETH,1.2,Альт/мем (long-tail),34329.0852,34329.0852,5180.3562,5183.7699,62.2052,66.0954,9.4484,2.2157,,,2.2157,0.0,0,,,,,,0.1509,0.0216,,,,,,,,,,8,,,,,,,,,,,,,,,,разовый всплеск объёма,True
8453:0x28bd1d1afcc57d766c5d1c5c38bd8beb376a0c98de719460cdcef60900f7b8b5,Base,Uniswap v4,uniswapv4,0x28bd1d1afcc57d766c5d1c5c38bd8beb376a0c98de719460cdcef60900f7b8b5,USDC/STBU,USDC,STBU,1.0,Альт/мем (long-tail),1484.1388,33713.9955,3736.5129,11366.1568,113.6616,918.9351,399.3318,1417.6994,,,399.3318,0.0,0,,,,,,2.5176,1.0941,,,,,,,,,,9,,,,,,,,,,,,,,,,цена альта не подтверждена; высокий APR на микро-TVL,True
8453:0x3f32f1dd7ee1e05ab8432e80b29c75572351595431349f23f06f1a28a634fd9e,Base,Uniswap v4,uniswapv4,0x3f32f1dd7ee1e05ab8432e80b29c75572351595431349f23f06f1a28a634fd9e,WETH/SINGIT,WETH,SINGIT,0.7,Альт/мем (long-tail),33292.6171,33292.6171,1372.0222,27757.1189,194.2998,10.5294,30.4312,154.8306,,,30.4312,0.0,0,,,,,,0.0412,0.1191,,,,,,,,,,8,,,,,,,,,,,,,,,,,True
8453:0xe0bd164bed669a7aff3a7a42637f81bf2af6aef6892c841b9e60733ab8cbed25,Base,Uniswap v4,uniswapv4,0xe0bd164bed669a7aff3a7a42637f81bf2af6aef6892c841b9e60733ab8cbed25,CBBTC/CBDOGE,CBBTC,CBDOGE,0.2899,Альт/мем (long-tail),32272.7742,32272.7742,5368.7974,49279.4522,123.1986,15.1801,19.9051,31.9971,,,19.9051,0.0,0,,,,,,0.1664,0.2181,,,,,,,,,,8,,,,,,,,,,,,,,,,,True
8453:0x72c03255e5151ebbee7e62a2bc1eeb71777a913f4af029abd817b0177a770c0a,Base,Uniswap v4,uniswapv4,0x72c03255e5151ebbee7e62a2bc1eeb71777a913f4af029abd817b0177a770c0a,ZRO/USDC,ZRO,USDC,1.0891,Крупный альт,30996.0105,30996.0105,1067.4238,22400.883,221.7687,12.444,37.3069,21.8658,,,21.8658,0.0,0,,,,,,0.0344,0.1032,,,,,,,,,,7,,,,,,,,,,,,,,,,,True
8453:0x15323d0c13fbc0a9b6639f1824ef541a8bc1b04f7f64de01bfbba99d7683c52a,Base,Uniswap v4,uniswapv4,0x15323d0c13fbc0a9b6639f1824ef541a8bc1b04f7f64de01bfbba99d7683c52a,USDC/AERO,USDC,AERO,0.9991,Крупный альт,30707.4577,30707.4577,1088.9538,7668.0663,69.0126,11.6493,11.7187,14.1828,,,11.7187,0.0,0,,,,,,0.0355,0.0357,,,,,,,,,,7,,,,,,,,,,,,,,,,,True
8453:0xe5eef7cc9a4bf82f19917e68e8d54daffaddd41a37e956e1e09da8f0e46ad9d4,Base,Uniswap v4,uniswapv4,0xe5eef7cc9a4bf82f19917e68e8d54daffaddd41a37e956e1e09da8f0e46ad9d4,USDC/BRLV,USDC,BRLV,0.0625,Альт/мем (long-tail),30614.8597,30614.8597,15003.2176,80145.4141,40.0727,8.9437,6.8251,2.8058,,,2.8058,0.0,0,,,,,,0.4901,0.374,,,,,,,,,,8,,,,,,,,,,,,,,,,,True
8453:0xb5cd6e82b8fca463b1708af6fec2073c7c107f3e6c750a817c8f8885fb835748,Base,Uniswap v4,uniswapv4,0xb5cd6e82b8fca463b1708af6fec2073c7c107f3e6c750a817c8f8885fb835748,BSTONK/USDC,BSTONK,USDC,2.5975,Альт/мем (long-tail),30104.3786,30104.3786,7989.6479,69863.4955,1746.5874,242.1759,302.521,5445.5918,,,302.521,0.0,0,,,,,,0.2654,0.3315,,,,,,,,,,8,,,,,,,,,,,,,,,,высокий APR на микро-TVL,True
8453:0x546e4f69f82670d16b3ce858e4c9d7815c686bd44b7aa4a407fb34f4737fbadd,Base,Uniswap v4,uniswapv4,0x546e4f69f82670d16b3ce858e4c9d7815c686bd44b7aa4a407fb34f4737fbadd,TEL/TEL,TEL,TEL,0.2899,Альт/мем (long-tail),29644.5172,29644.5172,1145.6715,5826.7361,14.5668,3.5265,2.5622,0.5979,,,0.5979,0.0,0,,,,,,0.0386,0.0281,,,,,,,,,,9,,,,,,,,,,,,,,,,обе стороны — альты; разовый всплеск объёма,True
8453:0x0b5801d76420450270ae80476bb57091a23969ef4c05f4f9441547d09e96c83b,Base,Uniswap v4,uniswapv4,0x0b5801d76420450270ae80476bb57091a23969ef4c05f4f9441547d09e96c83b,USDC/MORPHO,USDC,MORPHO,1.099,Крупный альт,28654.2346,28654.2346,2025.6083,30546.2344,305.4623,25.8024,55.5858,62.0633,,,55.5858,0.0,0,,,,,,0.0707,0.1523,,,,,,,,,,7,,,,,,,,,,,,,,,,,True
8453:0x18816b0a9ffba7fae928ed0315c756ffe9fba1eb6eaf18236ce82c700ddd20d7,Base,Uniswap v4,uniswapv4,0x18816b0a9ffba7fae928ed0315c756ffe9fba1eb6eaf18236ce82c700ddd20d7,ETH/BASECAT,ETH,BASECAT,0.2331,Альт/мем (long-tail),192.3262,27981.6203,15839.1937,58587.5713,117.1751,6011.9803,3176.8138,147001.9286,,,3176.8138,0.0,0,,,,,,82.3559,43.518,,,,,,,,,,9,,,,,,,,,,,,,,,,цена альта не подтверждена; высокий APR на микро-TVL; объём/TVL > 10 (wash/MEV?),True
8453:0x237b0486ac0cad8de1d52bd4bd2445bb9da7c901209f6dec54a97613945d8026,Base,Uniswap v4,uniswapv4,0x237b0486ac0cad8de1d52bd4bd2445bb9da7c901209f6dec54a97613945d8026,WBTC/CBBTC,WBTC,CBBTC,0.0089,"Коррелир. (ETH/LST, BTC/BTC)",27480.9715,27480.9715,30445.959,216552.6721,15.3752,2.8711,2.9173,2.0355,,,2.0355,0.0,0,,,,,,1.1079,1.1257,,,,,,,,,,7,,,,,,,,,,,,,,,,,True
8453:0xaf4982efba30c7f6b183120b970bf414c05c4c7a045e7f9fab11eefc366ca300,Base,Uniswap v4,uniswapv4,0xaf4982efba30c7f6b183120b970bf414c05c4c7a045e7f9fab11eefc366ca300,ZRO/USDC,ZRO,USDC,1.099,Крупный альт,26104.7881,26104.7881,9667.9205,136399.6145,1363.9961,135.1779,272.4506,621.213,,,272.4506,0.0,0,,,,,,0.3704,0.7464,,,,,,,,,,7,,,,,,,,,,,,,,,,высокий APR на микро-TVL,True
8453:0xd7e5522c9cc3682c960afada6adde0f8116580f2ad2cef08c197faf625e53842,Base,Uniswap v4,uniswapv4,0xd7e5522c9cc3682c960afada6adde0f8116580f2ad2cef08c197faf625e53842,ETH/BEAN,ETH,BEAN,1.099,Альт/мем (long-tail),25275.8688,25275.8688,1940.0535,26704.2645,267.0427,28.0157,55.0896,84.1101,,,55.0896,0.0,0,,,,,,0.0768,0.1509,,,,,,,,,,8,,,,,,,,,,,,,,,,,True
8453:0xd9db5ff90ff8f8c7a42ba9e12b129c876c65cbb0ac63048959848562b9c46d3a,Base,Uniswap v4,uniswapv4,0xd9db5ff90ff8f8c7a42ba9e12b129c876c65cbb0ac63048959848562b9c46d3a,VVV/SURPLUS,VVV,SURPLUS,1.099,Альт/мем (long-tail),25231.2492,25231.2492,19989.8576,212869.7267,2128.6973,289.177,439.9162,325.9737,,,325.9737,0.0,0,,,,,,0.7923,1.2052,,,,,,,,,,8,,,,,,,,,,,,,,,,высокий APR на микро-TVL,True
8453:0x32b055229bfd88e72fb7a855ba394541a72b8a6f6d21300008d4384721189969,Base,Uniswap v4,uniswapv4,0x32b055229bfd88e72fb7a855ba394541a72b8a6f6d21300008d4384721189969,ETH/CBBTC,ETH,CBBTC,0.001,ETH/BTC,24858.4002,24858.4002,20368.2522,164649.568,1.6465,0.2991,0.3454,1.0284,,,0.3454,1.6196,1.103,CBBTC; ETH; KNC,,,,,0.8194,0.9462,,,,,,,,,,7,,,,,,,,,,,,,,,,,True
8453:0x555e4831c53132ad41287be2d6395ec3126ba8fe26130aacd93750a3e6102a39,Base,Uniswap v4,uniswapv4,0x555e4831c53132ad41287be2d6395ec3126ba8fe26130aacd93750a3e6102a39,ETH/A51,ETH,A51,1.1989,Альт/мем (long-tail),24786.5562,24786.5562,4360.0135,36693.4934,403.6284,70.6248,84.9103,31.8943,,,31.8943,0.0,0,,,,,,0.1759,0.2115,,,,,,,,,,8,,,,,,,,,,,,,,,,,True
8453:0x9cb9fc66a34de82a52dce84878851088e8fea0eb9fcd0099f208a3b51b5b7d19,Base,Uniswap v4,uniswapv4,0x9cb9fc66a34de82a52dce84878851088e8fea0eb9fcd0099f208a3b51b5b7d19,EURC/USDC,EURC,USDC,0.0,Стейбл/стейбл,24634.0214,24634.0214,3683.3242,19750.4305,1.9642,0.5437,0.4158,0.282,,,0.282,0.0,0,,,,,,0.1495,0.1145,,,,,,,,,,7,,,,,,,,,,,,,,,,,True
8453:0x35be06dd865586884e107d15821d591644335ea775de2f1d444e2b9eb39aa514,Base,Uniswap v4,uniswapv4,0x35be06dd865586884e107d15821d591644335ea775de2f1d444e2b9eb39aa514,ETH/USDC,ETH,USDC,0.1193,Голубая фишка/стейбл,24312.3726,24312.3726,4448.0734,52543.8654,52.5439,6.6779,11.2691,41.8835,,,11.2691,0.0,0,,,,,,0.183,0.3087,,,,,,,,,,7,,,,,,,,,,,,,,,,,True
8453:0x9c68f17a47190fbbddbb888a19ace8113da08b4b57f84cff98b157262558d253,Base,Uniswap v4,uniswapv4,0x9c68f17a47190fbbddbb888a19ace8113da08b4b57f84cff98b157262558d253,USDC/C,USDC,C,0.2899,Альт/мем (long-tail),23666.3263,23666.3263,4246.8827,14444.921,36.1123,16.3747,7.9564,1.8565,,,1.8565,0.0,0,,,,,,0.1794,0.0872,,,,,,,,,,8,,,,,,,,,,,,,,,,разовый всплеск объёма,True
8453:0x5dd190c0949646fe9702d439ccf32936134e7da9947af46f418ae285c1032719,Base,Uniswap v4,uniswapv4,0x5dd190c0949646fe9702d439ccf32936134e7da9947af46f418ae285c1032719,ETH/AERO,ETH,AERO,0.3499,Крупный альт,23267.9333,23267.9333,8046.177,27178.618,81.5359,37.8657,18.272,35.4188,,,18.272,0.0,0,,,,,,0.3458,0.1669,,,,,,,,,,7,,,,,,,,,,,,,,,,,True
8453:0x4c6ac65d48d98c0f9fb5f94d65109d4e619dbdba24297411d1e3c21738b273e5,Base,Uniswap v4,uniswapv4,0x4c6ac65d48d98c0f9fb5f94d65109d4e619dbdba24297411d1e3c21738b273e5,USDC/VTAO,USDC,VTAO,0.3499,Альт/мем (long-tail),23181.1138,23181.1138,15921.2589,36795.6626,110.387,75.2068,24.8301,68.2422,,,24.8301,0.0,0,,,,,,0.6868,0.2268,,,,,,,,,,8,,,,,,,,,,,,,,,,,True
8453:0xdfb2536ba09a004b32db0a1a15f73676b5e356d831c4ea1e843cd9433b080ab6,Base,Uniswap v4,uniswapv4,0xdfb2536ba09a004b32db0a1a15f73676b5e356d831c4ea1e843cd9433b080ab6,USDC/CBBTC,USDC,CBBTC,0.045,Голубая фишка/стейбл,23013.4399,23013.4399,17066.2548,240260.4862,108.1172,12.1804,24.4967,42.2853,,,24.4967,0.0,0,,,,0,,0.7416,1.4914,,,,,,,,,,7,,,,,,,,,,,,,,,,,True
8453:0xb2949a2afcb2584c5457909293e1493c6ec011269d923432aa4b7b80ef80d761,Base,Uniswap v4,uniswapv4,0xb2949a2afcb2584c5457909293e1493c6ec011269d923432aa4b7b80ef80d761,ETH/AUKI,ETH,AUKI,1.099,Альт/мем (long-tail),3256.0222,22869.3682,1112.6757,5926.3251,59.2633,124.7309,94.9058,279.4095,,,94.9058,0.0,0,,,,,,0.3417,0.26,,,,,,,,,,9,,,,,,,,,,,,,,,,цена альта не подтверждена; высокий APR на микро-TVL,True
8453:0xd53c52ccb27386f1a3086021979aea21a8e9637b8c97bf8f65e6971ee312380c,Base,Uniswap v4,uniswapv4,0xd53c52ccb27386f1a3086021979aea21a8e9637b8c97bf8f65e6971ee312380c,TRUTH/USDC,TRUTH,USDC,0.2899,Альт/мем (long-tail),22420.2577,22420.2577,1102.6525,7573.9855,18.935,4.4878,4.4037,4.7988,,,4.4037,0.0,0,,,,,,0.0492,0.0483,,,,,,,,,,8,,,,,,,,,,,,,,,,,True
8453:0x0520ba367636a1ae5d80f387c3a25de728a656ac9b87bd6427413eab4159c7cb,Base,Uniswap v4,uniswapv4,0x0520ba367636a1ae5d80f387c3a25de728a656ac9b87bd6427413eab4159c7cb,ETH/USDC,ETH,USDC,0.0,Голубая фишка/стейбл,21610.1838,21610.1838,3061.8834,32216.6067,15.5147,2.4056,3.7435,4.2432,,,3.7435,0.0,0,,,,,,0.1417,0.213,,,,,,,,,,7,,,,,,,,,,,,,,,,,True
8453:0x731a0b4cf91fc8d78f7c18a9d4a83ae0ecb85130d07a4540610bae2081e9b22a,Base,Uniswap v4,uniswapv4,0x731a0b4cf91fc8d78f7c18a9d4a83ae0ecb85130d07a4540610bae2081e9b22a,USDC/CBBTC,USDC,CBBTC,0.1176,Голубая фишка/стейбл,21578.0068,21578.0068,11234.3999,85594.1639,135.6153,22.9152,32.7712,30.5201,,,30.5201,0.0,0,,,,0,,0.5206,0.5667,,,,,,,,,,7,,,,,,,,,,,,,,,,,True
8453:0x867dbb1b6417abcb3696d5a5d9cc38cbf9f0f6d17355515fe1c8303e791832c4,Base,Uniswap v4,uniswapv4,0x867dbb1b6417abcb3696d5a5d9cc38cbf9f0f6d17355515fe1c8303e791832c4,USDC/USDBC,USDC,USDBC,0.0007,Стейбл/стейбл,21385.1561,21385.1561,76952.1485,724797.2851,4.3488,0.788,1.0604,1.6608,,,1.0604,0.0,0,,,,,,3.5984,4.8418,,,,,,,,,,7,,,,,,,,,,,,,,,,,True
8453:0xbd19ffa7e062db6873b8b2758c1b66d5c7a1f8b3f490ee6471027084c9943810,Base,Uniswap v4,uniswapv4,0xbd19ffa7e062db6873b8b2758c1b66d5c7a1f8b3f490ee6471027084c9943810,USDC/PLUMBER,USDC,PLUMBER,4.8453,Альт/мем (long-tail),21213.819,21213.819,2680.3476,73023.3176,3468.6076,219.0578,852.5721,1924.7855,,,852.5721,0.0,0,,,,36918.7157,,0.1263,0.4918,,,,,,,,,,8,,,,,,,,,,,,,,,,высокий APR на микро-TVL,True
8453:0x5636eacc94b08ecd182c1354638504edca0f96f85b4460948471b4503d0076c3,Base,Uniswap v4,uniswapv4,0x5636eacc94b08ecd182c1354638504edca0f96f85b4460948471b4503d0076c3,XDP/USDT,XDP,USDT,0.0043,Альт/мем (long-tail),20719.5153,20719.5153,1478978.9373,1478978.9373,50.2853,88.5838,12.6548,2.9528,,,2.9528,0.0,0,,,,,,71.381,10.1973,,,,,,,,,,8,,,,,,,,,,,,,,,,разовый всплеск объёма,True
8453:0x4cec981d98fb6214939431d61cc7b089aa8ff96ea419dcc48cf8bc34f568bd07,Base,Uniswap v4,uniswapv4,0x4cec981d98fb6214939431d61cc7b089aa8ff96ea419dcc48cf8bc34f568bd07,REI/USDC,REI,USDC,0.0,Альт/мем (long-tail),20617.1925,20617.1925,1382.3837,34443.5395,1033.3062,73.4198,261.333,107.828,,,107.828,0.0,0,,,,,,0.0671,0.2387,,,,,,,,,,8,,,,,,,,,,,,,,,,,True
8453:0x8b087025967a0df23c0a3f93fbdf1eb15c7226bf14a09f680b733761647d7d60,Base,Uniswap v4,uniswapv4,0x8b087025967a0df23c0a3f93fbdf1eb15c7226bf14a09f680b733761647d7d60,USDC/REACT,USDC,REACT,0.3499,Альт/мем (long-tail),20513.0322,20513.0322,8936.6616,73150.5417,219.4517,47.7045,55.7833,57.9985,,,55.7833,0.0,0,,,,,,0.4357,0.5094,,,,,,,,,,8,,,,,,,,,,,,,,,,,True
8453:0xe0e30e94a850a5bbc155708dba39e0de8f71c633e8483246a846eb976a705e76,Base,Uniswap v4,uniswapv4,0xe0e30e94a850a5bbc155708dba39e0de8f71c633e8483246a846eb976a705e76,ETH/USDC,ETH,USDC,0.0475,Голубая фишка/стейбл,20043.3905,20043.3905,18031.495,393352.6797,147.5073,12.3136,38.374,8.9813,,,8.9813,0.0,0,,,,,,0.8996,2.8036,,,,,,,,,,7,,,,,,,,,,,,,,,,,True
8453:0xb8fa9b30d8bc4cfa94d0228a7b57d613b53048838ce4e2d44033dae8cf1e03e2,Base,Uniswap v4,uniswapv4,0xb8fa9b30d8bc4cfa94d0228a7b57d613b53048838ce4e2d44033dae8cf1e03e2,USDC/CBXRP,USDC,CBXRP,0.3499,Альт/мем (long-tail),19314.129,19314.129,1443.3201,18955.8489,56.8675,8.1828,15.3527,22.7101,,,15.3527,0.0,0,,,,,,0.0747,0.1402,,,,,,,,,,8,,,,,,,,,,,,,,,,,True
8453:0xc58b1cb202c4650f52cbc51193783cb0c245419028bfe1bb00b786a9e0187372,Base,Uniswap v4,uniswapv4,0xc58b1cb202c4650f52cbc51193783cb0c245419028bfe1bb00b786a9e0187372,ETH/USDC,ETH,USDC,0.04,Голубая фишка/стейбл,18286.2399,18286.2399,2111.9448,25351.3377,10.1405,1.6862,2.8916,4.5787,,,2.8916,0.0,0,,,,,,0.1155,0.1981,,,,,,,,,,7,,,,,,,,,,,,,,,,,True
8453:0x2755264ae01c15fb87027c9bef6ab66bbeefc16c2cd77097900e388fd3cb4592,Base,Uniswap v4,uniswapv4,0x2755264ae01c15fb87027c9bef6ab66bbeefc16c2cd77097900e388fd3cb4592,USDC/SURPLUS,USDC,SURPLUS,1.5985,Альт/мем (long-tail),18071.0736,18071.0736,14412.1531,67762.8187,1016.4423,436.6455,293.2875,305.022,,,293.2875,0.0,0,,,,7.8129,,0.7975,0.5357,,,,,,,,,,8,,,,,,,,,,,,,,,,высокий APR на микро-TVL,True
8453:0xde8799a78c4574ca0bb6f0e96512af90fae54b3dfd0eeaeab4db9269a71b4feb,Base,Uniswap v4,uniswapv4,0xde8799a78c4574ca0bb6f0e96512af90fae54b3dfd0eeaeab4db9269a71b4feb,ETH/BABYDOGE,ETH,BABYDOGE,10.1,Альт/мем (long-tail),17669.2933,17669.2933,1390.4157,8189.0916,819.7281,287.5096,241.9053,192.0372,,,192.0372,0.0,0,,,,,,0.0787,0.0662,,,,,,,,,,8,,,,,,,,,,,,,,,,высокий APR на микро-TVL,True
8453:0x61837b458644cddfafd6fb95a2c52574adf64e03d647d077c3f99aefdeaa85b3,Base,Uniswap v4,uniswapv4,0x61837b458644cddfafd6fb95a2c52574adf64e03d647d077c3f99aefdeaa85b3,BOAR/USDC,BOAR,USDC,5.095,Альт/мем (long-tail),17656.1166,17656.1166,7620.6313,239078.852,11953.9426,787.696,3530.2934,1951.0145,,,1951.0145,0.0,0,,,,1436.9869,,0.4316,1.9344,,,,,,,,,,8,,,,,,,,,,,,,,,,высокий APR на микро-TVL,True
8453:0x656a9ff549e3959f6a19289200134c4d5bce0921bee7d5b2f439e41bb5b617f0,Base,Uniswap v4,uniswapv4,0x656a9ff549e3959f6a19289200134c4d5bce0921bee7d5b2f439e41bb5b617f0,WETH/FYP,WETH,FYP,0.7,Альт/мем (long-tail),17466.2559,17466.2559,5840.4573,11353.9208,79.4774,85.4354,23.7268,14.2748,,,14.2748,0.0,0,,,,,,0.3344,0.0929,,,,,,,,,,8,,,,,,,,,,,,,,,,разовый всплеск объёма,True
8453:0x8763d91d548f2dc19bc5fb2448c9126856438cd052be42f3e1e0f8127d1abae6,Base,Uniswap v4,uniswapv4,0x8763d91d548f2dc19bc5fb2448c9126856438cd052be42f3e1e0f8127d1abae6,DAG/USDC,DAG,USDC,10.09,Альт/мем (long-tail),17089.5142,17089.5142,10059.2591,26036.6031,2603.6603,2148.4692,794.4187,305.0842,,,305.0842,0.0,0,,,,,,0.5886,0.2176,,,,,,,,,,8,,,,,,,,,,,,,,,,высокий APR на микро-TVL; разовый всплеск объёма,True
8453:0x4927125e9fb1d0ae549627134abd106c2a221ba08b04dbacfaaf84923a3e1ecd,Base,Uniswap v4,uniswapv4,0x4927125e9fb1d0ae549627134abd106c2a221ba08b04dbacfaaf84923a3e1ecd,WTSPYM/USDC,WTSPYM,USDC,0.2558,Альт/мем (long-tail),16475.0382,16475.0382,2711.8627,27823.5959,61.2119,13.2177,19.3733,24.3054,,,19.3733,0.0,0,,,,,,0.1646,0.2413,,,,,,,,,,8,,,,,,,,,,,,,,,,,True
8453:0xea4dcb6c9f8e35b6f81f94931dc917360a011b26423667cdc75e97a57f1bd2f6,Base,Uniswap v4,uniswapv4,0xea4dcb6c9f8e35b6f81f94931dc917360a011b26423667cdc75e97a57f1bd2f6,XDP/USDC,XDP,USDC,0.005,Альт/мем (long-tail),16438.0687,16438.0687,3285421.9856,3285429.1382,131.4172,291.8054,41.6866,9.7269,,,9.7269,0.0,0,,,,,,199.8667,28.5524,,,,,,,,,,8,,,,,,,,,,,,,,,,высокий APR на микро-TVL; разовый всплеск объёма,True
8453:0x7f317a51d5fa4f879c76c675260da2de35765b87006f8e6045e937c41eb1d72d,Base,Uniswap v4,uniswapv4,0x7f317a51d5fa4f879c76c675260da2de35765b87006f8e6045e937c41eb1d72d,USDC/ACU,USDC,ACU,0.3499,Альт/мем (long-tail),16281.3718,16281.3718,1036.9509,5761.9956,17.286,6.974,5.536,9.5536,,,5.536,0.0,0,,,,,,0.0637,0.0506,,,,,,,,,,8,,,,,,,,,,,,,,,,,True
8453:0x5191bdecbd39187b0d33278f164888292141fb9bd494b03c856b5db62b266497,Base,Uniswap v4,uniswapv4,0x5191bdecbd39187b0d33278f164888292141fb9bd494b03c856b5db62b266497,XDP/USDT,XDP,USDT,0.0072,Альт/мем (long-tail),15199.2733,15199.2733,1054768.8418,1054768.8418,60.1218,144.3784,20.6255,4.8126,,,4.8126,0.0,0,,,,,,69.396,9.9137,,,,,,,,,,8,,,,,,,,,,,,,,,,высокий APR на микро-TVL; разовый всплеск объёма,True
8453:0x9e81a21810b4000a93fc6ccddddac02e4be35c6374e14f25487dd8e5e55227de,Base,Uniswap v4,uniswapv4,0x9e81a21810b4000a93fc6ccddddac02e4be35c6374e14f25487dd8e5e55227de,USDC/STFY,USDC,STFY,3.5965,Альт/мем (long-tail),15170.6062,15170.6062,8035.9085,87089.9932,3048.1498,676.695,1047.6789,3334.2628,,,1047.6789,0.0,0,,,,,,0.5297,0.8201,,,,,,,,,,8,,,,,,,,,,,,,,,,высокий APR на микро-TVL,True
8453:0x147e90e02a91c1d0eb3887a4c08f64d8da8ae70a8cefe8f8612099519962aab7,Base,Uniswap v4,uniswapv4,0x147e90e02a91c1d0eb3887a4c08f64d8da8ae70a8cefe8f8612099519962aab7,FUN/USDC,FUN,USDC,0.9991,Альт/мем (long-tail),2290.1085,14021.4389,4722.0675,39255.0597,353.2955,677.3475,804.409,425.8063,,,425.8063,0.0,0,,,,,,2.0619,2.4487,,,,,,,,,,9,,,,,,,,,,,,,,,,цена альта не подтверждена; высокий APR на микро-TVL,True
8453:0x16098767f64c1e625c0ebc4ebb24d714019da184513a42ea1cfd21bd380af91c,Base,Uniswap v4,uniswapv4,0x16098767f64c1e625c0ebc4ebb24d714019da184513a42ea1cfd21bd380af91c,WETH/USDC,WETH,USDC,0.5902,Голубая фишка/стейбл,13383.8929,13383.8929,1176.1155,17936.2371,89.7709,16.0533,34.9742,32.3106,,,32.3106,0.0,0,,,,,,0.0879,0.1914,,,,,,,,,,7,,,,,,,,,,,,,,,,,True
8453:0x7f1840135a1621ddad16636cb8ed4a9f6581384154372991e5c8bd5fd7fadd4f,Base,Uniswap v4,uniswapv4,0x7f1840135a1621ddad16636cb8ed4a9f6581384154372991e5c8bd5fd7fadd4f,USDC/SPIKE,USDC,SPIKE,2.9872,Альт/мем (long-tail),13283.5067,13283.5067,35341.5599,316856.7466,9157.16,2806.4912,3594.5364,2924.8375,,,2924.8375,0.0,0,,,,,,2.6606,3.4076,,,,,,,,,,8,,,,,,,,,,,,,,,,высокий APR на микро-TVL,True
8453:0x4a9e36dee2b8151a2b87e79b0214be596ba7d2d9bdfd7650f2cbce403297678e,Base,Uniswap v4,uniswapv4,0x4a9e36dee2b8151a2b87e79b0214be596ba7d2d9bdfd7650f2cbce403297678e,ETH/VVV,ETH,VVV,1.099,Крупный альт,12354.0757,12354.0757,2463.1909,19278.5745,192.7858,72.7747,81.3691,63.3396,,,63.3396,0.0,0,,,,,,0.1994,0.2229,,,,,,,,,,7,,,,,,,,,,,,,,,,,True
8453:0x1f5b05e16259a7e2529d4a2fe4baa5f230c4b2b144652693f7c662b2e47aa0d6,Base,Uniswap v4,uniswapv4,0x1f5b05e16259a7e2529d4a2fe4baa5f230c4b2b144652693f7c662b2e47aa0d6,WETH/TWIG,WETH,TWIG,1.099,Альт/мем (long-tail),559.3745,12195.7639,1065.4612,147904.5538,1479.0455,695.2291,13787.1248,3216.9958,,,3216.9958,0.0,0,,,,,,1.9047,37.7729,,,,,,,,,,9,,,,,,,,,,,,,,,,цена альта не подтверждена; высокий APR на микро-TVL,True
8453:0x9c7cab6819e0345d110697bf347a3bc2f87379fbd025b2ba33a54507827c545b,Base,Uniswap v4,uniswapv4,0x9c7cab6819e0345d110697bf347a3bc2f87379fbd025b2ba33a54507827c545b,WETH/A2H,WETH,A2H,0.7,Альт/мем (long-tail),11823.1234,11823.1234,6039.308,9752.9853,68.2709,130.5106,30.1091,13.4438,,,13.4438,0.0,0,,,,,,0.5108,0.1178,,,,,,,,,,8,,,,,,,,,,,,,,,,высокий APR на микро-TVL; разовый всплеск объёма,True
8453:0x20da03c6c1a9bb4f74bf9e911689faef9e7297f83d06f3df2b2cee5891d4cf36,Base,Uniswap v4,uniswapv4,0x20da03c6c1a9bb4f74bf9e911689faef9e7297f83d06f3df2b2cee5891d4cf36,ETH/CBBTC,ETH,CBBTC,0.016,ETH/BTC,11388.9446,11388.9446,1720.8632,13020.3397,2.0833,0.8824,0.9538,0.3074,,,0.3074,0.0,0,,,,,,0.1511,0.1633,,,,,,,,,,7,,,,,,,,,,,,,,,,,True
8453:0x43fe81834c258ebf1aa649f05a219128e01c0fa917444e1288b89a0772dc34b2,Base,Uniswap v4,uniswapv4,0x43fe81834c258ebf1aa649f05a219128e01c0fa917444e1288b89a0772dc34b2,WETH/FASTLANE,WETH,FASTLANE,0.7,Альт/мем (long-tail),11171.7686,11171.7686,3508.6934,692096.265,4844.6738,80.2444,2261.192,527.6115,,,527.6115,0.0,0,,,,,,0.3141,8.8501,,,,,,,,,,8,,,,,,,,,,,,,,,,,True
8453:0x7a96e4154e3846b4138f943bf05f5b90be1e8890591258628905f3a6df659242,Base,Uniswap v4,uniswapv4,0x7a96e4154e3846b4138f943bf05f5b90be1e8890591258628905f3a6df659242,ETH/USDC,ETH,USDC,0.12,Голубая фишка/стейбл,10793.9938,10793.9938,1388.5084,17588.1637,17.6937,4.7234,8.5473,12.9292,,,8.5473,0.0,0,,,,,,0.1286,0.2328,,,,,,,,,,7,,,,,,,,,,,,,,,,,True
8453:0xa7cfa6bac05206b5781d2eacff67f4e8046efe60fba79ccd0b13a8e6d5a9db9d,Base,Uniswap v4,uniswapv4,0xa7cfa6bac05206b5781d2eacff67f4e8046efe60fba79ccd0b13a8e6d5a9db9d,USDC/LLYC,USDC,LLYC,5.095,Токенизир. акции,10615.4143,10615.4143,10974.6139,39647.4352,1982.3718,1886.7535,973.7399,227.3145,,,227.3145,0.0,0,,,,,,1.0338,0.5336,,,,,,,,,,7,,,,,,,,,,,,,,,,высокий APR на микро-TVL; разовый всплеск объёма,True
8453:0x027c3466747bfcba38cab7468d064548f6df26c66dddcc5108a6f473d34251b3,Base,Uniswap v4,uniswapv4,0x027c3466747bfcba38cab7468d064548f6df26c66dddcc5108a6f473d34251b3,ETH/WAIFU,ETH,WAIFU,1.099,Альт/мем (long-tail),10500.9901,10500.9901,7552.0269,720348.2586,7203.4826,262.4981,3576.9024,835.1949,,,835.1949,0.0,0,,,,,,0.7192,9.7997,,,,,,,,,,8,,,,,,,,,,,,,,,,высокий APR на микро-TVL,True
8453:0x79ae7f2e8155a00977ccf81b1b22369ad75043928597afe6ddecc98ff598f4a3,Base,Uniswap v4,uniswapv4,0x79ae7f2e8155a00977ccf81b1b22369ad75043928597afe6ddecc98ff598f4a3,WETH/ANDROIDLM,WETH,ANDROIDLM,0.7,Альт/мем (long-tail),10323.4942,10323.4942,6199.3099,130236.1993,911.6534,153.429,460.4663,198.5024,,,198.5024,0.0,0,,,,,,0.6005,1.8022,,,,,,,,,,8,,,,,,,,,,,,,,,,высокий APR на микро-TVL,True
8453:0xf65bb528ced09008603509c3fda43e1ccfddf935,Base,Sushi v2,sushiv2,0xf65bb528ced09008603509c3fda43e1ccfddf935,TYBG/WETH,TYBG,WETH,0.3,Альт/мем (long-tail),214176.7968,214176.7968,3223.7092,47808.5311,119.5213,1.3735,2.9098,4.056,,,2.9098,0.0,0,,,,1.6841,,0.0151,0.0319,,,,2.9098,1.0,,,,,8,,,,,,,,,,,,,,,,,False
8453:0xfe83058f06869da5d70a1355dca64c873480ab1d,Base,Sushi v2,sushiv2,0xfe83058f06869da5d70a1355dca64c873480ab1d,WETH/TOBY,WETH,TOBY,0.3,Альт/мем (long-tail),190695.079,190695.079,3055.4332,21476.7321,53.6918,1.4621,1.4681,2.364,,,1.4681,0.0,0,,,,0.9327,,0.016,0.0161,,,,1.4681,1.0,,,,,8,,,,,,,,,,,,,,,,,False
8453:0xff5375bd65056dbe6119256fc3be2eb0ffa8a840,Base,Sushi v2,sushiv2,0xff5375bd65056dbe6119256fc3be2eb0ffa8a840,ANDY/WETH,ANDY,WETH,0.3,Альт/мем (long-tail),91340.9921,91340.9921,1131.0306,5838.0133,14.595,1.1299,0.8332,0.7206,,,0.7206,0.0,0,,,,1.5225,,0.0124,0.0091,,,,0.8332,1.0,,,,,8,,,,,,,,,,,,,,,,,False
8453:0x6be8dd8f3b02d9b3b5d87f64ae26fb8297cf459f,Base,Uniswap v3,uniswapv3,0x6be8dd8f3b02d9b3b5d87f64ae26fb8297cf459f,WETH/POD,WETH,POD,0.3,Альт/мем (long-tail),16.3336,213186603.7525,2474.9853,2474.9853,6.1875,13826.8458,1975.2637,460.8949,,,460.8949,0.0,0,,,,,,151.5271,21.6467,,,,,,,,,,9,,,,,,,,,,,,,,,,нет цены у альта; высокий APR на микро-TVL; разовый всплеск объёма; объём/TVL > 10 (wash/MEV?),True
8453:0x6c561b446416e1a00e8e93e221854d6ea4171372,Base,Uniswap v3,uniswapv3,0x6c561b446416e1a00e8e93e221854d6ea4171372,WETH/USDC,WETH,USDC,0.3,Голубая фишка/стейбл,163067768.8678,163067768.8678,41169919.6768,519894659.8512,1299736.6496,23.038,41.5606,43.8556,47.4247,16.615,41.5606,0.0,0,,,,27.4049,,0.2525,0.4555,0.5209,0.4418,3.3916,1.4611,28.4448,0.4308,-54.9122,,-18.3041,3,0.6115,0.1409,38.6661,59.7946,10.9016,53.1833,-0.1337,-2.2311,-8.3237,27.6491,1717.573,2785.0054,90.0,162627064.371,0.271,,True
8453:0xf448d35a7121ebd0f7f15a88c222233c1bbe1082,Base,Uniswap v3,uniswapv3,0xf448d35a7121ebd0f7f15a88c222233c1bbe1082,WETH/IOTA,WETH,IOTA,0.3,Крупный альт,140806345.5646,140806345.5646,6163.5937,32490.1766,81.2254,0.004,0.003,0.0007,0.004,,0.0007,0.0,0,,,,,,0.0,0.0,0.0,0.0,0.0,,,,0.0007,True,0.0002,3,,,,,,,,,-0.0,0.0,47832.5293,47832.5301,6.4167,141400195.5238,-0.42,мёртвый пул: объёма нет; разовый всплеск объёма; пул моложе 3 недель,True
8453:0xf805f23aaf501db47dbf9c4fdc634fe93cb0c3f7,Base,Uniswap v3,uniswapv3,0xf805f23aaf501db47dbf9c4fdc634fe93cb0c3f7,GOAT/WETH,GOAT,WETH,0.3,Альт/мем (long-tail),7.9714,57712609.1322,2146.256,7231.4172,18.0785,24568.4736,11825.569,15123.1395,,,11825.569,0.0,0,,,,,,269.2436,129.5953,,,,,,,,,,9,,,,,,,,,,,,,,,,цена альта не подтверждена; высокий APR на микро-TVL; объём/TVL > 10 (wash/MEV?),True
8453:0xe2b8c33ae97658cead06afd47c7f3857e5851871,Base,Uniswap v3,uniswapv3,0xe2b8c33ae97658cead06afd47c7f3857e5851871,JITOSOL/CBBTC,JITOSOL,CBBTC,0.01,Альт/мем (long-tail),15805978.2314,15805978.2314,729135.914,6843568.0502,513.2676,0.1263,0.1693,0.1723,0.1251,0.0674,0.1251,0.0,0,,,,0.1673,,0.0461,0.0619,0.3019,0.3296,1.1393,0.1696,0.9985,0.1488,-1.0126,,-0.2531,4,0.7866,0.1522,12.8089,42.9713,9.5639,10.6526,-0.1042,-0.1279,-12.0857,19.9584,0.0015,0.0019,90.0,15750399.6415,0.3529,,True
8453:0x7aea2e8a3843516afa07293a10ac8e49906dabd1,Base,Uniswap v3,uniswapv3,0x7aea2e8a3843516afa07293a10ac8e49906dabd1,WETH/CBBTC,WETH,CBBTC,0.05,ETH/BTC,14498572.3597,14498572.3597,12023958.3485,99945557.1448,37479.5839,11.3513,13.4792,18.6243,25.4482,11.3124,13.4792,0.0,0,,,,14.3109,,0.8293,0.9848,0.2177,0.2507,0.5926,0.294,45.8532,0.4961,-13.6915,,-6.8457,2,0.7173,0.4509,61.381,340.6983,2.6179,12.7945,-0.0083,-0.1809,-6.1975,10.5547,0.0276,0.0332,90.0,14492520.7381,0.0418,,True
8453:0x8c7080564b5a792a33ef2fd473fba6364d5495e5,Base,Uniswap v3,uniswapv3,0x8c7080564b5a792a33ef2fd473fba6364d5495e5,WETH/CBBTC,WETH,CBBTC,0.3,ETH/BTC,11649702.2806,11649702.2806,924569.5707,8605370.0179,21513.425,7.242,9.6292,12.5543,11.044,4.4536,9.6292,0.0,0,,,,7.4932,,0.0794,0.1055,0.2431,0.2471,0.739,0.3686,26.1237,0.4988,-9.6759,,-3.2253,3,0.8709,0.0458,-2.2949,7.1436,2.5193,12.6376,-0.0077,-0.1768,-6.1486,11.2794,0.0277,0.0333,90.0,11628711.4328,0.1805,,True
8453:0xd0b53d9277642d899df5c87a3966a349a798f224,Base,Uniswap v3,uniswapv3,0xd0b53d9277642d899df5c87a3966a349a798f224,WETH/USDC,WETH,USDC,0.05,Голубая фишка/стейбл,10060511.4343,10060511.4343,11249935.0048,114351916.0782,42881.9671,15.3057,22.2254,24.3614,19.9443,7.9273,19.9443,0.0,0,,,,20.4235,,1.1182,1.6238,0.5165,0.469,3.3345,1.3815,16.0884,0.4143,-33.7024,,-11.2341,3,0.5992,0.0686,14.3277,5.4196,10.5183,53.0945,-0.1249,-2.2252,-8.5042,27.3849,1721.5547,2782.7665,90.0,10036673.6718,0.2375,,True
8453:0xfbb6eed8e7aa03b138556eedaf5d271a5e1e43ef,Base,Uniswap v3,uniswapv3,0xfbb6eed8e7aa03b138556eedaf5d271a5e1e43ef,USDC/CBBTC,USDC,CBBTC,0.05,Голубая фишка/стейбл,8506440.8079,8506440.8079,6899680.8912,62773743.9156,23540.154,11.1021,14.4297,14.5471,13.2124,4.998,13.2124,0.0,0,,,,14.4607,,0.8111,1.0542,0.3986,0.3468,1.9859,,,,-31.007,True,-7.7518,4,0.5763,0.0534,13.2509,14.0164,-7.1523,-26.2889,-0.0688,-1.1518,-29.2849,22.5351,0.0,0.0,90.0,8552817.7594,-0.5422,,True
8453:0xe70d39303ecfbc64df28facabae250ce2b31147a,Base,Uniswap v3,uniswapv3,0xe70d39303ecfbc64df28facabae250ce2b31147a,MPP/USDC,MPP,USDC,0.3,Альт/мем (long-tail),3877660.4778,3877660.4778,4169.0879,118437.2486,296.0931,0.0981,0.3982,0.358,0.2172,0.0191,0.2172,0.0,0,,,,0.1181,,0.0011,0.0044,0.1822,0.0989,0.4151,,,,-9.9011,True,-1.9802,5,1.1183,0.0869,5.1448,20.3407,-1.4924,2.5094,-0.0028,-0.0077,-3.3737,3.2538,0.7115,0.7563,89.9583,3896812.1612,-0.4915,,True
8453:0xaec085e5a5ce8d96a7bdd3eb3a62445d4f6ce703,Base,Uniswap v3,uniswapv3,0xaec085e5a5ce8d96a7bdd3eb3a62445d4f6ce703,BNKR/WETH,BNKR,WETH,1.0,Альт/мем (long-tail),2650817.1525,2650817.1525,13129.6873,630172.8964,5251.4408,1.5066,10.3298,37.7895,21.9003,5.0744,10.3298,0.0,0,,,,1.8082,,0.005,0.034,1.3486,1.4804,22.7332,,,,-543.7644,True,-67.9705,8,1.1823,0.2008,43.2996,30.9167,55.4197,-33.0155,-2.3823,-1.9741,-65.3421,53.8378,0.0,0.0,89.9583,2656165.6194,-0.2014,,True
8453:0x4dc121cf1f1214657db0dd0bf5ba0ccaac6f93aa,Base,Uniswap v3,uniswapv3,0x4dc121cf1f1214657db0dd0bf5ba0ccaac6f93aa,WETH/VIBE,WETH,VIBE,0.3,Альт/мем (long-tail),8.7615,2123766.8377,2495.2164,2495.2164,6.238,25987.3466,3712.4781,866.2449,,,866.2449,0.0,0,,,,,,284.7928,40.6847,,,,,,,,,,9,,,,,,,,,,,,,,,,цена альта не подтверждена; высокий APR на микро-TVL; разовый всплеск объёма; объём/TVL > 10 (wash/MEV?),True
8453:0xd364eb55e17700b54bd75feb3f14582ed7a29444,Base,Uniswap v3,uniswapv3,0xd364eb55e17700b54bd75feb3f14582ed7a29444,USDC/MAG7.SSI,USDC,MAG7.SSI,0.3,Альт/мем (long-tail),2031838.2594,2031838.2594,115301.888,885547.0961,2213.8677,5.1782,5.6814,7.0308,5.8573,1.9602,5.6814,0.0,0,,,,6.2001,,0.0567,0.0623,0.4725,0.3664,2.7913,,,,-62.3527,True,-12.4705,5,0.7957,0.0073,1.1894,-0.0737,-7.9269,-26.2363,-0.0852,-1.1464,-30.0373,26.3076,1.7153,2.4518,90.0,2022974.9356,0.4381,,True
8453:0x2df380544b88adb3ad0a94100dcc45fd705aae2d,Base,Uniswap v3,uniswapv3,0x2df380544b88adb3ad0a94100dcc45fd705aae2d,XDP/USDC,XDP,USDC,0.01,Альт/мем (long-tail),1896201.2151,1896201.2151,195203491.4898,1382427355.2974,103682.0562,281.8106,285.111,66.5259,302.952,,66.5259,0.0,0,,,,392.0123,,102.9445,104.1501,1.9846,1.9846,49.2314,5.971,47.749,0.1213,-2284.2264,,-326.3181,7,0.1318,0.0299,,,,,,,-44.011,61.9062,0.0188,0.0335,6.875,1888053.6231,0.4315,разовый всплеск объёма; пул моложе 3 недель,True
8453:0xec558e484cc9f2210714e345298fdc53b253c27d,Base,Uniswap v3,uniswapv3,0xec558e484cc9f2210714e345298fdc53b253c27d,USDC/CBBTC,USDC,CBBTC,0.3,Голубая фишка/стейбл,1791948.2337,1791948.2337,310846.1882,2568355.138,6420.8878,15.829,18.6838,19.4511,13.3227,4.3245,13.3227,0.0,0,,,,17.9364,,0.1735,0.2048,0.4712,0.3892,2.7756,,,,-48.4799,True,-12.12,4,0.7385,0.2483,-17.9651,-43.3285,-7.396,-26.5927,-0.0738,-1.1829,-29.2157,24.9475,0.0,0.0,90.0,1786342.0421,0.3138,,True
8453:0x5116773e18a9c7bb03ebb961b38678e45e238923,Base,Uniswap v3,uniswapv3,0x5116773e18a9c7bb03ebb961b38678e45e238923,DRB/WETH,DRB,WETH,1.0,Альт/мем (long-tail),1708421.3522,1708421.3522,77085.1978,2329482.1235,19412.351,13.7242,59.2486,72.8638,48.1425,7.9065,48.1425,0.0,0,,,,16.4988,,0.0451,0.1948,2.6744,3.0362,89.4072,,,,-2131.0482,True,-266.381,8,1.4224,0.4758,32.2143,203.3825,33.196,269.2514,-1.0184,-18.0997,-49.0318,99.3424,0.0,0.0,90.0,1710947.4033,-0.1476,,True
8453:0xd08f1fb797bfacded23323178672557034c64cfa,Base,Uniswap v3,uniswapv3,0xd08f1fb797bfacded23323178672557034c64cfa,USDC/DESPXA,USDC,DESPXA,0.05,Альт/мем (long-tail),1660859.6539,1660859.6539,96492.4267,2993403.9641,1122.5265,0.7952,3.5242,2.1892,1.923,0.3804,1.923,16.0723,731.3375,UNI,,,1.0581,16.1436,0.0581,0.2575,0.1244,0.1017,0.1935,,,,-2.7939,True,-0.5588,5,7.5671,0.4028,1.2815,-47.0164,0.0592,-2.5079,-0.0,-0.0081,-5.9359,4.6702,0.0013,0.0014,90.0,,,,True
8453:0xc1a6fbedae68e1472dbb91fe29b51f7a0bd44f97,Base,Uniswap v3,uniswapv3,0xc1a6fbedae68e1472dbb91fe29b51f7a0bd44f97,CLANKER/WETH,CLANKER,WETH,1.0,Крупный альт,1655715.9659,1655715.9659,4108.2806,81772.8329,681.4403,0.7547,2.146,9.0911,6.0242,1.6202,2.146,0.0,0,,,,0.8964,,0.0025,0.0071,0.8608,0.8346,9.2632,,,,-244.8739,True,-40.8123,6,1.2786,0.0762,14.6269,-5.9609,3.4945,-44.2143,-0.0147,-4.1121,-54.6772,75.2511,0.0044,0.0097,90.0,,,,True
8453:0x3d5d143381916280ff91407febeb52f2b60f33cf,Base,Uniswap v3,uniswapv3,0x3d5d143381916280ff91407febeb52f2b60f33cf,WETH/AERO,WETH,AERO,0.3,Крупный альт,1624768.4703,1624768.4703,657722.824,5211765.4037,13029.4135,36.9389,41.8146,37.5578,23.009,5.5416,23.009,0.0,0,,,,43.7061,,0.4048,0.4582,0.9191,0.7959,10.5586,,,,-258.554,True,-36.9363,7,0.9412,0.2064,43.1346,61.2469,-33.4418,4.5719,-2.0364,-0.025,-45.8435,34.7086,2895.0613,5345.7293,90.0,1616585.4642,0.5062,,True
8453:0xa12c331db3e109b1656e214123b663d8160a6d00,Base,Uniswap v3,uniswapv3,0xa12c331db3e109b1656e214123b663d8160a6d00,WETH/CLAUDE,WETH,CLAUDE,1.0,Альт/мем (long-tail),16.8159,1549029.3897,1973.4599,1989.8348,16.5819,35695.9815,5141.7388,1247.8556,,,1247.8556,0.0,0,,,,,,117.3568,16.9044,,,,,,,,,,9,,,,,,,,,,,,,,,,цена альта не подтверждена; высокий APR на микро-TVL; разовый всплеск объёма; объём/TVL > 10 (wash/MEV?),True
8453:0xade9bcd4b968ee26bed102dd43a55f6a8c2416df,Base,Uniswap v3,uniswapv3,0xade9bcd4b968ee26bed102dd43a55f6a8c2416df,WETH/DOGINME,WETH,DOGINME,1.0,Альт/мем (long-tail),1362189.1566,1362189.1566,117608.6233,266615.6325,2221.797,26.2611,8.5048,5.5815,4.3467,1.0964,4.3467,0.0,0,,,,30.7009,,0.0863,0.028,1.2628,1.5833,19.9319,,,,-481.4697,True,-60.1837,8,1.8975,0.1423,2.4657,40.8828,27.0785,29.0287,-0.7135,-0.8065,-31.6903,24.0098,23085651.0514,35856817.8296,89.9583,,,разовый всплеск объёма,True
8453:0xba3f945812a83471d709bce9c3ca699a19fb46f7,Base,Uniswap v3,uniswapv3,0xba3f945812a83471d709bce9c3ca699a19fb46f7,WETH/BRETT,WETH,BRETT,1.0,Крупный альт,1337193.752,1337193.752,22413.8038,189239.5054,1576.9959,5.0984,6.1494,4.4967,2.4791,0.552,2.4791,0.0,0,,,,6.0879,,0.0168,0.0202,0.8768,0.8232,9.6091,,,,-253.7647,True,-42.2941,6,0.8715,0.1294,13.9083,34.2721,-4.6729,43.1682,-0.0286,-1.5884,-24.8005,31.8404,320201.3055,552386.6877,90.0,,,,True
8453:0x4b0aaf3ebb163dd45f663b38b6d93f6093ebc2d3,Base,Uniswap v3,uniswapv3,0x4b0aaf3ebb163dd45f663b38b6d93f6093ebc2d3,WETH/TOSHI,WETH,TOSHI,1.0,Крупный альт,1219925.4029,1219925.4029,3855.3609,292786.793,2439.8899,0.9613,10.4287,10.1792,7.9027,2.0238,7.9027,0.0,0,,,,1.1553,,0.0032,0.0343,0.7616,0.7333,7.2507,,,,-185.4506,True,-30.9084,6,1.2923,0.1092,9.2734,26.3314,5.4344,44.9883,-0.035,-1.7005,-24.6042,34.4973,13195537.4443,22991276.6737,90.0,,,,True
8453:0xd76d44875716a708dbd55cd8ffc3eb1f94acbce3,Base,Uniswap v3,uniswapv3,0xd76d44875716a708dbd55cd8ffc3eb1f94acbce3,MENTE/USDC,MENTE,USDC,0.3,Альт/мем (long-tail),1179110.4835,1179110.4835,12160.0926,103864.5162,259.6613,0.9411,1.1483,1.2087,1.3453,0.5616,1.1483,0.0,0,,,,,,0.0103,0.0126,0.1937,0.1485,0.469,,,,-10.2838,True,-2.0568,5,6.2284,0.1643,6.1189,,7.0957,,-0.0587,,-2.3684,10.4825,0.015,0.0178,75.9583,,,,True
8453:0xc8da14d7467814a91384796db3ca2c273b30b361,Base,Uniswap v3,uniswapv3,0xc8da14d7467814a91384796db3ca2c273b30b361,UXRP/WETH,UXRP,WETH,0.3,Альт/мем (long-tail),1143862.0601,1143862.0601,34257.2572,444809.3373,1112.0234,2.7328,5.0691,7.3146,4.1821,1.4278,4.1821,0.0,0,,,,3.1301,,0.0299,0.0556,0.522,0.527,3.4055,,,,-78.8231,True,-13.1372,6,2.0167,0.1459,11.4637,45.193,-2.965,-12.7713,-0.0113,-0.2329,-23.5461,15.679,0.0005,0.0007,90.0,,,,True
8453:0x529d2863a1521d0b57db028168fde2e97120017c,Base,Uniswap v3,uniswapv3,0x529d2863a1521d0b57db028168fde2e97120017c,VIRTUAL/USDC,VIRTUAL,USDC,0.3,Крупный альт,1112220.8747,1112220.8747,1078895.5584,10892465.7526,27231.1644,88.5159,127.6645,90.9351,68.2841,25.4693,68.2841,0.0,0,,,,104.1958,,0.97,1.3991,0.8634,0.9014,9.3173,,,,-180.1766,True,-36.0353,5,0.734,0.189,40.7011,60.77,28.0723,61.1651,-0.7604,-2.7812,-30.2184,40.6032,0.5171,0.8831,90.0,1114479.4086,-0.2027,,True
8453:0x2f42df4af5312b492e9d7f7b2110d9c7bf2d9e4f,Base,Uniswap v3,uniswapv3,0x2f42df4af5312b492e9d7f7b2110d9c7bf2d9e4f,WETH/MORPHO,WETH,MORPHO,0.3,Крупный альт,977211.054,977211.054,546918.8601,7244276.5168,18110.6913,51.0702,96.6366,52.7726,67.4547,29.2676,52.7726,0.0,0,,,,62.5965,,0.5597,1.059,0.889,0.8241,9.8794,,,,-210.6777,True,-35.113,6,0.7129,0.9544,470.5563,899.4582,4.0948,13.9422,-0.0201,-0.2126,-22.8417,20.8496,772.3077,1170.4241,90.0,975410.5518,0.1846,,True
8453:0x5280d5e63b416277d0f81fae54bb1e0444cabdaa,Base,Uniswap v3,uniswapv3,0x5280d5e63b416277d0f81fae54bb1e0444cabdaa,TIG/USDC,TIG,USDC,1.0,Альт/мем (long-tail),885373.8062,885373.8062,49984.8272,531950.8273,4432.9236,17.1721,26.1071,24.3601,22.3916,7.1214,22.3916,0.0,0,,,,21.4521,,0.0565,0.0858,1.6501,1.778,34.0342,,,,-807.1497,True,-89.6833,9,1.0503,0.8345,30.4661,2091.2956,58.7397,1.9263,-2.611,-0.0046,-56.1314,50.5406,0.5818,1.3263,90.0,,,,True
8453:0x102680f80efa3caad7e6f9661a34f48eb646e16f,Base,Uniswap v3,uniswapv3,0x102680f80efa3caad7e6f9661a34f48eb646e16f,WETH/CMC20,WETH,CMC20,0.05,Альт/мем (long-tail),837538.9483,837538.9483,63289.7798,530115.6721,198.7934,1.0343,1.2376,1.5276,1.4261,0.6129,1.2376,0.0,0,,,,1.3164,,0.0756,0.0904,0.2001,0.2501,0.5003,,,,-10.9563,True,-2.1913,5,0.7602,0.1399,9.5182,43.0335,1.5391,10.509,-0.0029,-0.1247,-5.7578,10.0578,13.6149,16.0194,90.0,,,,True
8453:0x0b1c2dcbbfa744ebd3fc17ff1a96a1e1eb4b2d69,Base,Uniswap v3,uniswapv3,0x0b1c2dcbbfa744ebd3fc17ff1a96a1e1eb4b2d69,WETH/USDC,WETH,USDC,1.0,Голубая фишка/стейбл,770064.9154,770064.9154,17023.5585,173227.8395,1443.5653,6.7241,9.7747,18.9357,,,9.7747,0.0,0,,,,7.9941,,0.0221,0.0321,,,,,,,,,,6,,,,,,,,,,,,,,,,,True
8453:0xb4cb800910b228ed3d0834cf79d697127bbb00e5,Base,Uniswap v3,uniswapv3,0xb4cb800910b228ed3d0834cf79d697127bbb00e5,WETH/USDC,WETH,USDC,0.01,Голубая фишка/стейбл,698189.6758,698189.6758,7456161.121,50817276.607,3811.2957,29.2345,28.4639,20.9076,29.9637,16.0689,20.9076,0.0,0,,,,38.5771,,10.6793,10.3978,0.5158,0.47,3.3254,,,,-53.1367,True,-10.6273,5,0.5858,0.3429,109.3753,190.9158,10.5003,53.0925,-0.1245,-2.225,-8.4703,27.3868,1721.5968,2783.6056,90.0,,,,True
8453:0x9c087eb773291e50cf6c6a90ef0f4500e349b903,Base,Uniswap v3,uniswapv3,0x9c087eb773291e50cf6c6a90ef0f4500e349b903,VIRTUAL/WETH,VIRTUAL,WETH,0.05,Крупный альт,675630.7591,675630.7591,3004534.4004,21467350.2424,8050.2563,60.8684,62.1291,35.9384,28.3144,12.4228,28.3144,0.0,0,,,,79.7304,,4.447,4.5391,0.6759,0.7421,5.7109,,,,-123.9752,True,-20.6625,6,0.7502,0.1345,35.8609,68.0664,15.7808,4.9991,-0.2678,-0.0297,-31.4027,19.2239,0.0002,0.0004,90.0,,,,True
8453:0xab04a352d4ec8d0f1812a4e5ebe7807fa67acd48,Base,Uniswap v3,uniswapv3,0xab04a352d4ec8d0f1812a4e5ebe7807fa67acd48,WETH/USOL,WETH,USOL,0.3,Альт/мем (long-tail),584574.3006,584574.3006,28997.1212,251964.1725,629.9104,4.5263,5.6187,6.5489,,,5.6187,0.0,0,,,,5.2453,,0.0496,0.0616,,,,,,,,,,7,,,,,,,,,,,,,,,,,True
8453:0x0d5959a52e7004b601f0be70618d01ac3cdce976,Base,Uniswap v3,uniswapv3,0x0d5959a52e7004b601f0be70618d01ac3cdce976,WETH/AERO,WETH,AERO,1.0,Крупный альт,572909.7054,572909.7054,83506.7996,118690.9117,989.0909,44.3351,9.0021,8.9492,,,8.9492,0.0,0,,,,52.8912,,0.1458,0.0296,,,,,,,,,,6,,,,,,,,,,,,,,,,разовый всплеск объёма,True
8453:0x58ecf9cec06bc58fde9280d348f79ed8f3d3046e,Base,Uniswap v3,uniswapv3,0x58ecf9cec06bc58fde9280d348f79ed8f3d3046e,WETH/TREE,WETH,TREE,0.3,Альт/мем (long-tail),549908.4264,549908.4264,4671.7038,45170.6804,112.9267,0.7752,1.0708,0.8487,,,0.8487,0.0,0,,,,0.9316,,0.0085,0.0117,,,,,,,,,,7,,,,,,,,,,,,,,,,,True
8453:0xd56f086e7b796b313d49f2bc926fac4bdd2a2b0b,Base,Uniswap v3,uniswapv3,0xd56f086e7b796b313d49f2bc926fac4bdd2a2b0b,WETH/ELONRWA,WETH,ELONRWA,0.01,Альт/мем (long-tail),518334.543,518334.543,2597.28,33535.0234,2.5151,0.0137,0.0253,0.0313,,,0.0253,0.0,0,,,,0.0181,,0.005,0.0092,,,,,,,,,,7,,,,,,,,,,,,,,,,,True
8453:0xa23fab21d0653c231166b31cb6274ff45eba2ee5,Base,Uniswap v3,uniswapv3,0xa23fab21d0653c231166b31cb6274ff45eba2ee5,DEFI.SSI/USDC,DEFI.SSI,USDC,0.3,Альт/мем (long-tail),507860.0644,507860.0644,18757.0131,457390.2114,1143.4755,3.3702,11.7403,14.2679,,,11.7403,0.0,0,,,,4.0265,,0.0369,0.1287,,,,,,,,,,7,,,,,,,,,,,,,,,,,True
8453:0x1d2bdb7117a5a7d7fe4c1d95681a92e4df13bb69,Base,Uniswap v3,uniswapv3,0x1d2bdb7117a5a7d7fe4c1d95681a92e4df13bb69,WETH/VVV,WETH,VVV,1.0,Крупный альт,473738.7077,473738.7077,125386.507,967981.2634,8066.5105,80.5051,88.7854,108.063,102.7925,40.6521,88.7854,0.0,0,,,,96.4013,,0.2647,0.2919,1.3376,1.2007,22.3654,,,,-507.6266,True,-63.4533,8,1.1134,0.4369,228.3994,20.9959,-33.7418,-43.353,-2.0811,-3.906,-56.6447,45.4723,79.0326,182.2906,90.0,,,,True
8453:0x2fa9d6085c91151200e61a3e627d35001772c0d1,Base,Uniswap v3,uniswapv3,0x2fa9d6085c91151200e61a3e627d35001772c0d1,WETH/AUKI,WETH,AUKI,1.0,Альт/мем (long-tail),470643.4296,470643.4296,12575.6,226941.4716,1891.1789,8.1273,20.9525,27.6159,,,20.9525,0.0,0,,,,9.0593,,0.0267,0.0689,,,,,,,,,,7,,,,,,,,,,,,,,,,,True
8453:0x7692acc1cdd771d09ebcae3663e1843b2911bec7,Base,Uniswap v3,uniswapv3,0x7692acc1cdd771d09ebcae3663e1843b2911bec7,WETH/STONKEX,WETH,STONKEX,1.0,Альт/мем (long-tail),457878.4929,457878.4929,120702.0804,2565847.7788,21382.0648,80.1819,243.4973,779.2697,507.4393,185.659,243.4973,0.0,0,,,,98.1136,,0.2636,0.8005,5.1634,7.9803,333.2631,,,,-7879.3806,True,-875.4867,9,1.1671,0.4795,118.4127,,-56.3634,,-8.0206,,-99.1183,3106.6255,93633.6978,10620194.3059,41.75,459901.4599,-0.4399,,True
8453:0x67a11022b7b6ed66f81233f6c8ed6e48f7826530,Base,Uniswap v3,uniswapv3,0x67a11022b7b6ed66f81233f6c8ed6e48f7826530,USDC/VVV,USDC,VVV,0.3,Крупный альт,442709.0379,442709.0379,402510.1843,4555626.6595,11389.0666,82.9643,134.1419,148.3135,102.0912,48.0856,102.0912,0.0,0,,,,99.688,,0.9092,1.47,1.3279,1.3044,22.042,,,,-485.6964,True,-60.7121,8,0.8516,0.3936,57.3244,-14.7997,-39.7166,-62.9773,-3.1186,-11.188,-70.5838,55.5566,0.0293,0.0996,90.0,,,,True
8453:0x16793ae3a82c0f492baef15f6c5312d06da83d94,Base,Uniswap v3,uniswapv3,0x16793ae3a82c0f492baef15f6c5312d06da83d94,WETH/ADS,WETH,ADS,0.3,Альт/мем (long-tail),423777.956,423777.956,11153.9022,94332.2122,235.8305,2.4017,2.9017,4.7415,,,2.9017,0.0,0,,,,2.7884,,0.0263,0.0318,,,,,,,,,,7,,,,,,,,,,,,,,,,,True
8453:0x6e7b4416e3a2b873f6cd4840e6bee7d88f07da8f,Base,Uniswap v3,uniswapv3,0x6e7b4416e3a2b873f6cd4840e6bee7d88f07da8f,OMI/WETH,OMI,WETH,0.3,Альт/мем (long-tail),412602.9672,412602.9672,69769.3644,895035.532,2237.5888,15.43,28.2776,12.6857,,,12.6857,0.0,0,,,,18.5026,,0.1691,0.3099,,,,,,,,,,7,,,,,,,,,,,,,,,,,True
8453:0x43f34a518e20b9454c94bf4026ec9024ed84a062,Base,Uniswap v3,uniswapv3,0x43f34a518e20b9454c94bf4026ec9024ed84a062,USDC/MEME.SSI,USDC,MEME.SSI,0.3,Альт/мем (long-tail),403376.591,403376.591,40159.3743,394514.4613,986.2862,9.0847,12.7493,15.1681,,,12.7493,0.0,0,,,,10.9034,,0.0996,0.1397,,,,,,,,,,7,,,,,,,,,,,,,,,,,True
8453:0x2043b296ffc6b2d3bf4a3f3167d2afb3b0fbdbee,Base,Uniswap v3,uniswapv3,0x2043b296ffc6b2d3bf4a3f3167d2afb3b0fbdbee,USDC/MORPHO,USDC,MORPHO,1.0,Крупный альт,401991.2336,401991.2336,28682.3723,497565.9243,4146.3827,21.7025,53.7833,60.9727,57.0607,22.5779,53.7833,0.0,0,,,,25.8774,,0.0714,0.1768,1.006,0.8764,12.6505,,,,-283.5648,True,-40.5093,7,0.7142,0.0665,-1.1983,6.0202,-6.4083,-25.137,-0.0548,-1.0386,-37.0543,23.3825,0.3393,0.5391,90.0,,,,True
8453:0xde9ba4084bf0733a9d69e42e71e5fd140179df71,Base,Uniswap v3,uniswapv3,0xde9ba4084bf0733a9d69e42e71e5fd140179df71,USDC/WL1,USDC,WL1,0.3,Альт/мем (long-tail),399934.5095,399934.5095,46815.0,782951.761,1957.3794,10.6814,25.52,8.4729,,,8.4729,0.0,0,,,,12.882,,0.1171,0.2797,,,,,,,,,,7,,,,,,,,,,,,,,,,,True
8453:0xd8bca82c613026b7141bc4e5826e7c910f082f39,Base,Uniswap v3,uniswapv3,0xd8bca82c613026b7141bc4e5826e7c910f082f39,WETH/IMO,WETH,IMO,1.0,Альт/мем (long-tail),65093.5048,395577.1083,4417.8354,42641.5784,355.3465,20.6435,28.4649,19.8308,,,19.8308,0.0,0,,,,,,0.0679,0.0936,,,,,,,,,,9,,,,,,,,,,,,,,,,цена альта не подтверждена,True
8453:0x0bdf1509320b344131b257c66871f34de26f953d,Base,Uniswap v3,uniswapv3,0x0bdf1509320b344131b257c66871f34de26f953d,VIRTUAL/ROBO,VIRTUAL,ROBO,1.0,Альт/мем (long-tail),395102.5603,395102.5603,254121.3678,366709.8725,3055.9156,195.6334,40.3298,15.4189,10.5702,4.5961,10.5702,0.0,0,,,,239.6039,,0.6432,0.1326,1.3807,1.7685,23.8284,,,,-570.2181,True,-63.3576,9,1.4715,0.0846,0.8845,9.1233,72.6177,152.5396,-3.613,-9.8456,-51.091,94.6129,28.2044,104.9722,90.0,,,разовый всплеск объёма,True
8453:0xe5b5f522e98b5a2baae212d4da66b865b781db97,Base,Uniswap v3,uniswapv3,0xe5b5f522e98b5a2baae212d4da66b865b781db97,USDC/AERO,USDC,AERO,0.05,Крупный альт,394038.2838,394038.2838,583299.614,3826196.0663,1434.8237,20.2618,18.9869,22.9782,,,18.9869,0.0,0,,,,26.7702,,1.4803,1.3872,,,,,,,,,,6,,,,,,,,,,,,,,,,,True
8453:0x3e117eb37d0db3016f4f0cc79f6ce7c648d64e00,Base,Uniswap v3,uniswapv3,0x3e117eb37d0db3016f4f0cc79f6ce7c648d64e00,$OLIVIA2.0/USDC,$OLIVIA2.0,USDC,0.3,Альт/мем (long-tail),19927.7858,392740.8911,44438.9613,289835.9122,724.5898,203.4875,189.5955,199.6982,,,189.5955,0.0,0,,,,,,2.23,2.0778,,,,,,,,,,9,,,,,,,,,,,,,,,,цена альта не подтверждена; высокий APR на микро-TVL,True
8453:0xd38d1ab8a150e6ee0ae70c86a8e9fb0c83255b76,Base,Uniswap v3,uniswapv3,0xd38d1ab8a150e6ee0ae70c86a8e9fb0c83255b76,BGCI/WETH,BGCI,WETH,0.3,Альт/мем (long-tail),386743.6724,386743.6724,1798.0064,9482.7372,23.7068,0.4242,0.3196,1.2859,,,0.3196,0.0,0,,,,0.5049,,0.0046,0.0035,,,,,,,,,,7,,,,,,,,,,,,,,,,,True
8453:0xd960b78f53e8a346c577f2c7b3f0a2394e73afb9,Base,Uniswap v3,uniswapv3,0xd960b78f53e8a346c577f2c7b3f0a2394e73afb9,WBTC/CBBTC,WBTC,CBBTC,0.01,"Коррелир. (ETH/LST, BTC/BTC)",363480.804,363480.804,69304.899,794719.6062,59.604,0.522,0.855,1.7737,,,0.855,0.0,0,,,,0.7011,,0.1907,0.3123,,,,,,,,,,6,,,,,,,,,,,,,,,,,True
8453:0x2e86514cfd61fb19c5cf2b879d536d273d6e693d,Base,Uniswap v3,uniswapv3,0x2e86514cfd61fb19c5cf2b879d536d273d6e693d,WETH/AAVE,WETH,AAVE,0.3,Крупный альт,361114.887,361114.887,71730.4275,1199694.1178,2999.2353,18.1255,43.3072,34.7013,37.5157,10.8126,34.7013,0.0,0,,,,21.9261,,0.1986,0.4746,0.672,0.5961,5.6452,,,,-115.8362,True,-16.548,7,1.0304,0.3558,180.8091,152.2413,-19.93,-19.5167,-0.6144,-0.5864,-38.7869,24.6713,14.7817,24.1479,90.0,,,,True
8453:0xab365f161dd501473a1ff0d2ef0dce94e7398839,Base,Uniswap v3,uniswapv3,0xab365f161dd501473a1ff0d2ef0dce94e7398839,WETH/UNI,WETH,UNI,1.0,Крупный альт,356717.1025,356717.1025,13627.2117,395406.073,3295.0506,11.6197,48.1652,80.0093,110.6754,36.9242,48.1652,0.0,0,,,,14.0004,,0.0382,0.1584,1.2479,1.0028,19.4649,,,,-470.8997,True,-67.2714,7,0.7325,0.6896,209.7575,596.5314,-22.7241,-46.8271,-0.825,-4.7877,-59.8094,49.8536,256.8519,639.0849,89.9583,,,,True
8453:0xf1fdc83c3a336bdbdc9fb06e318b08eaddc82ff4,Base,Uniswap v3,uniswapv3,0xf1fdc83c3a336bdbdc9fb06e318b08eaddc82ff4,AIXBT/USDC,AIXBT,USDC,0.3,Альт/мем (long-tail),351029.5287,351029.5287,20931.3975,179577.4189,448.9436,5.4411,6.6687,6.3154,,,6.3154,0.0,0,,,,6.4378,,0.0596,0.0731,,,,,,,,,,7,,,,,,,,,,,,,,,,,True
8453:0x0fb597d6cfe5be0d5258a7f017599c2a4ece34c7,Base,Uniswap v3,uniswapv3,0x0fb597d6cfe5be0d5258a7f017599c2a4ece34c7,WETH/PEPE,WETH,PEPE,1.0,Альт/мем (long-tail),348144.2343,348144.2343,3425.9864,45435.0899,378.6257,2.9932,5.6708,8.4376,,,5.6708,0.0,0,,,,3.5389,,0.0098,0.0186,,,,,,,,,,7,,,,,,,,,,,,,,,,,True
8453:0x3c0ae164970ab9ec216cf1b7ae3118766ab65e43,Base,Uniswap v3,uniswapv3,0x3c0ae164970ab9ec216cf1b7ae3118766ab65e43,WETH/MAGIC,WETH,MAGIC,0.3,Крупный альт,306768.6168,306768.6168,47033.6767,313577.7981,783.9445,13.9904,13.3251,6.713,,,6.713,0.0,0,,,,16.7266,,0.1533,0.146,,,,,,,,,,6,,,,,,,,,,,,,,,,,True
8453:0x3b3d1a85a248b70100e95437dbeebcae5e7ec7a1,Base,Uniswap v3,uniswapv3,0x3b3d1a85a248b70100e95437dbeebcae5e7ec7a1,WETH/FLUID,WETH,FLUID,1.0,Альт/мем (long-tail),41947.7094,292968.846,3583.1317,23105.6048,192.5467,25.9816,23.9344,10.5464,,,10.5464,0.0,0,,,,,,0.0854,0.0787,,,,,,,,,,9,,,,,,,,,,,,,,,,цена альта не подтверждена,True
8453:0x84a8fedc7f310045c06be3f9e412e58ec82448b2,Base,Uniswap v3,uniswapv3,0x84a8fedc7f310045c06be3f9e412e58ec82448b2,UDOGE/WETH,UDOGE,WETH,0.3,Альт/мем (long-tail),288540.3265,288540.3265,52990.2352,239403.6015,598.509,16.758,10.8158,16.2745,,,10.8158,0.0,0,,,,21.338,,0.1836,0.1185,,,,,,,,,,7,,,,,,,,,,,,,,,,,True
8453:0xda679706ff21114ac9fac5198bff24543f357a16,Base,Uniswap v3,uniswapv3,0xda679706ff21114ac9fac5198bff24543f357a16,WETH/CIRCLE,WETH,CIRCLE,1.0,Альт/мем (long-tail),279664.4985,279664.4985,1461.369,16023.2641,133.5272,1.5894,2.4896,2.1733,,,2.1733,0.0,0,,,,2.0173,,0.0052,0.0082,,,,,,,,,,7,,,,,,,,,,,,,,,,,True
8453:0x34f9372f0e90e0f94b0abfd4ab66ebac3d6eba59,Base,Uniswap v3,uniswapv3,0x34f9372f0e90e0f94b0abfd4ab66ebac3d6eba59,WETH/MENTE,WETH,MENTE,0.3,Альт/мем (long-tail),10337.4778,277133.6425,1646.0568,34470.5092,86.1763,14.5299,43.4678,62.9427,,,43.4678,0.0,0,,,,17.4139,,0.1592,0.4764,,,,,,,,,,9,,,,,,,,,,,,,,,,цена альта не подтверждена,True
8453:0x70b1419aaa19f5071250577576e4a0adf1b7f396,Base,Uniswap v3,uniswapv3,0x70b1419aaa19f5071250577576e4a0adf1b7f396,USDC/ADS,USDC,ADS,0.3,Альт/мем (long-tail),273113.2141,273113.2141,4580.3296,46527.4252,116.3186,1.5303,2.2208,3.2952,,,2.2208,0.0,0,,,,1.8684,,0.0168,0.0243,,,,,,,,,,7,,,,,,,,,,,,,,,,,True
8453:0xeff7f8fe083d7a446717b992bf84391253e54789,Base,Uniswap v3,uniswapv3,0xeff7f8fe083d7a446717b992bf84391253e54789,WETH/NOICE,WETH,NOICE,1.0,Альт/мем (long-tail),250324.1771,250324.1771,7425.1459,98788.1579,823.2347,9.0222,17.1481,23.7193,,,17.1481,0.0,0,,,,10.8182,,0.0297,0.0564,,,,,,,,,,7,,,,,,,,,,,,,,,,,True
8453:0xd52ad625a19e5f258630413e374d65825d08e1df,Base,Uniswap v3,uniswapv3,0xd52ad625a19e5f258630413e374d65825d08e1df,WETH/UADA,WETH,UADA,0.3,Альт/мем (long-tail),250245.3516,250245.3516,130700.6264,454610.6891,1136.5267,47.659,23.6815,18.2425,,,18.2425,0.0,0,,,,57.2534,,0.5223,0.2595,,,,,,,,,,7,,,,,,,,,,,,,,,,,True
8453:0x720651de0fe574916fe9846004f3ad7f7e7d4ac4,Base,Uniswap v3,uniswapv3,0x720651de0fe574916fe9846004f3ad7f7e7d4ac4,TBTC/CBBTC,TBTC,CBBTC,0.01,"Коррелир. (ETH/LST, BTC/BTC)",244994.3042,244994.3042,131107.0889,1271015.9206,95.3262,1.465,2.0289,1.3279,,,1.3279,0.0,0,,,,1.871,,0.5351,0.7411,,,,,,,,,,7,,,,,,,,,,,,,,,,,True
8453:0xe03cce449932219fc0ca28f3a4f784ce55de0c4e,Base,Uniswap v3,uniswapv3,0xe03cce449932219fc0ca28f3a4f784ce55de0c4e,W0G/USDC,W0G,USDC,0.3,Альт/мем (long-tail),232999.5751,232999.5751,9232.8953,171017.4272,427.5436,3.6159,9.568,3.0209,,,3.0209,0.0,0,,,,4.2089,,0.0396,0.1049,,,,,,,,,,8,,,,,,,,,,,,,,,,,True
8453:0xafe30319a948f322585fafc1cab1671a47eb3786,Base,Uniswap v3,uniswapv3,0xafe30319a948f322585fafc1cab1671a47eb3786,FLOWER/USDC,FLOWER,USDC,0.3,Альт/мем (long-tail),228491.0515,228491.0515,33784.0494,193494.7518,483.7369,13.492,11.0391,16.065,,,11.0391,0.0,0,,,,15.6956,,0.1479,0.121,,,,,,,,,,8,,,,,,,,,,,,,,,,,True
8453:0x35c498217b1d851852c916479cd483db427a0771,Base,Uniswap v3,uniswapv3,0x35c498217b1d851852c916479cd483db427a0771,MENTE/CBBTC,MENTE,CBBTC,0.3,Альт/мем (long-tail),26675.0801,220111.297,2472.586,19365.3672,48.4134,8.4582,9.4636,8.7521,,,8.7521,0.0,0,,,,,,0.0927,0.1037,,,,,,,,,,9,,,,,,,,,,,,,,,,цена альта не подтверждена,True
8453:0x233571eae953d9d59eefc0769f71dc19287ddccb,Base,Uniswap v3,uniswapv3,0x233571eae953d9d59eefc0769f71dc19287ddccb,WETH/CBBTC,WETH,CBBTC,1.0,ETH/BTC,214978.6168,214978.6168,3961.4219,49080.0967,409.0008,5.6049,9.9203,12.7198,,,9.9203,0.0,0,,,,6.7236,,0.0184,0.0326,,,,,,,,,,7,,,,,,,,,,,,,,,,,True
8453:0x9c42751954513c0461481a9600c9d11a059ddd12,Base,Uniswap v3,uniswapv3,0x9c42751954513c0461481a9600c9d11a059ddd12,WETH/PARTI,WETH,PARTI,1.0,Альт/мем (long-tail),214470.994,214470.994,13345.983,57359.4482,477.9954,18.9275,11.6212,7.2206,,,7.2206,0.0,0,,,,3.702,,0.0622,0.0382,,,,,,,,,,8,,,,,,,,,,,,,,,,,True
8453:0x5d756b9024a462f8356dc213828a9ff394785344,Base,Uniswap v3,uniswapv3,0x5d756b9024a462f8356dc213828a9ff394785344,WETH/KULT,WETH,KULT,0.3,Альт/мем (long-tail),208569.7548,208569.7548,1467.5492,10233.9458,25.5849,0.6421,0.6396,0.6028,,,0.6028,0.0,0,,,,0.771,,0.007,0.007,,,,,,,,,,8,,,,,,,,,,,,,,,,,True
8453:0xcf307083dbf8b68be7f4bc24b0bc0d3bf79bfb54,Base,Uniswap v3,uniswapv3,0xcf307083dbf8b68be7f4bc24b0bc0d3bf79bfb54,USDC/XCN,USDC,XCN,0.3,Альт/мем (long-tail),189641.7185,189641.7185,2795.3479,52566.2155,131.4155,1.345,3.6133,8.8019,,,3.6133,0.0,0,,,,1.6058,,0.0147,0.0396,,,,,,,,,,8,,,,,,,,,,,,,,,,,True
8453:0xa213c82265cd3d94f972f735a4f5130e34df81bc,Base,Uniswap v3,uniswapv3,0xa213c82265cd3d94f972f735a4f5130e34df81bc,WETH/REI,WETH,REI,1.0,Альт/мем (long-tail),188451.4066,188451.4066,22818.7261,128600.5193,1071.671,36.8302,29.6522,59.6644,,,29.6522,0.0,0,,,,44.4706,,0.1211,0.0975,,,,,,,,,,8,,,,,,,,,,,,,,,,,True
8453:0xfdbaf04326acc24e3d1788333826b71e3291863a,Base,Uniswap v3,uniswapv3,0xfdbaf04326acc24e3d1788333826b71e3291863a,FARTCOIN/WETH,FARTCOIN,WETH,1.0,Альт/мем (long-tail),185973.7334,185973.7334,1011.6031,12025.9965,100.2166,1.6545,2.8098,3.7057,,,2.8098,0.0,0,,,,1.9611,,0.0054,0.0092,,,,,,,,,,8,,,,,,,,,,,,,,,,,True
8453:0x7af45dfaf2fdea139b2295f37ffea2e16e6fd8ba,Base,Uniswap v3,uniswapv3,0x7af45dfaf2fdea139b2295f37ffea2e16e6fd8ba,FLOCK/USDC,FLOCK,USDC,0.3,Альт/мем (long-tail),183922.3857,183922.3857,8936.936,269409.7966,673.5245,4.4339,19.0947,77.3398,,,19.0947,0.0,0,,,,5.0836,,0.0486,0.2093,,,,,,,,,,8,,,,,,,,,,,,,,,,,True
8453:0xe8f16fbf4eafec04bcf0c06d768e7ba325f9d6de,Base,Uniswap v3,uniswapv3,0xe8f16fbf4eafec04bcf0c06d768e7ba325f9d6de,USDC/VCNT,USDC,VCNT,0.3,Альт/мем (long-tail),183131.48,183131.48,105527.8864,1508008.7852,3770.0221,52.582,107.3435,111.2626,58.0445,22.0779,58.0445,0.0,0,,,,63.3493,,0.5762,1.1764,0.2788,0.2824,0.9715,,,,34.3661,True,4.9094,7,1.0958,0.0446,0.1867,-18.517,-0.4772,-13.4034,-0.0003,-0.2583,-27.0323,24.3631,0.0509,0.0698,90.0,,,,True
8453:0xd753bcad56de9c3b5c303e68e916307eb2eb6c00,Base,Uniswap v3,uniswapv3,0xd753bcad56de9c3b5c303e68e916307eb2eb6c00,ALTT/WETH,ALTT,WETH,0.01,Альт/мем (long-tail),176802.1561,176802.1561,10785.6585,206006.3311,15.4505,0.167,0.4557,0.4131,,,0.4131,0.0,0,,,,0.2135,,0.061,0.1665,,,,,,,,,,8,,,,,,,,,,,,,,,,,True
8453:0x551d9c1bfdd3f9de16a355fb44577bda59ebfef1,Base,Uniswap v3,uniswapv3,0x551d9c1bfdd3f9de16a355fb44577bda59ebfef1,WETH/QWLA,WETH,QWLA,0.01,Альт/мем (long-tail),257.9982,175936.5647,2133.8874,19570.5843,1.4679,22.6416,29.6666,32.6265,,,29.6666,0.0,0,,,,,,8.2709,10.8365,,,,,,,,,,9,,,,,,,,,,,,,,,,цена альта не подтверждена,True
8453:0xd56da2b74ba826f19015e6b7dd9dae1903e85da1,Base,Uniswap v3,uniswapv3,0xd56da2b74ba826f19015e6b7dd9dae1903e85da1,USDC/USDT,USDC,USDT,0.01,Стейбл/стейбл,174390.5975,174390.5975,30341.2654,1288951.4799,96.6714,0.4763,2.8905,3.1513,,,2.8905,0.0,0,,,,0.6457,,0.174,1.0559,,,,,,,,,,7,,,,,,,,,,,,,,,,,True
8453:0x1d4dab3f27c7f656b6323c1d6ef713b48a8f72f1,Base,Uniswap v3,uniswapv3,0x1d4dab3f27c7f656b6323c1d6ef713b48a8f72f1,VIRTUAL/WETH,VIRTUAL,WETH,0.3,Крупный альт,171356.1737,171356.1737,30712.4705,172664.6318,431.6616,16.3549,13.1353,10.0843,,,10.0843,0.0,0,,,,19.0052,,0.1792,0.1439,,,,,,,,,,7,,,,,,,,,,,,,,,,,True
8453:0x80d995189ecc593672ad4703b250a5e82672eb1d,Base,Uniswap v3,uniswapv3,0x80d995189ecc593672ad4703b250a5e82672eb1d,WETH/DIEM,WETH,DIEM,1.0,Альт/мем (long-tail),165338.0486,165338.0486,32360.0006,253069.3067,2108.9109,59.5316,66.509,142.8443,,,66.509,0.0,0,,,,71.4897,,0.1957,0.2187,,,,,,,,,,8,,,,,,,,,,,,,,,,,True
8453:0x82dd34c6631c286cdd1db16f2c232f60e402dd5a,Base,Uniswap v3,uniswapv3,0x82dd34c6631c286cdd1db16f2c232f60e402dd5a,WETH/TAO,WETH,TAO,0.3,Альт/мем (long-tail),163687.4737,163687.4737,113174.3464,1439436.2526,3598.5906,63.0907,114.6336,63.9287,167.2468,98.0998,63.9287,0.0,0,,,,75.6902,,0.6914,1.2563,0.749,0.7035,7.0134,,,,-107.0153,True,-11.8906,9,0.4091,0.5694,,,,,,,-29.0245,22.5319,7.9705,11.23,24.2083,,,,True
8453:0xc069bb46ba971c3bf5424fb505525db3006d8091,Base,Uniswap v3,uniswapv3,0xc069bb46ba971c3bf5424fb505525db3006d8091,BTN/USDC,BTN,USDC,0.3,Альт/мем (long-tail),161668.4013,161668.4013,10522.2758,64310.4481,160.7761,5.9391,5.1855,7.4783,,,5.1855,0.0,0,,,,9.8783,,0.0651,0.0568,,,,,,,,,,8,,,,,,,,,,,,,,,,,True
8453:0x383b122222e3ec1dcac35a6beb7a27668eaf13a3,Base,Uniswap v3,uniswapv3,0x383b122222e3ec1dcac35a6beb7a27668eaf13a3,WETH/PENGUINS,WETH,PENGUINS,1.0,Альт/мем (long-tail),157498.6151,157498.6151,15294.2732,101593.3052,846.6109,29.5368,28.0286,31.3014,,,28.0286,0.0,0,,,,32.8579,,0.0971,0.0921,,,,,,,,,,8,,,,,,,,,,,,,,,,,True
8453:0xc1ff1669bcfa1c3047598e7694a0ca75092515aa,Base,Uniswap v3,uniswapv3,0xc1ff1669bcfa1c3047598e7694a0ca75092515aa,NEUY/WETH,NEUY,WETH,1.0,Альт/мем (long-tail),153266.1494,153266.1494,11835.2861,62317.0644,519.3089,23.4879,17.6675,17.3693,,,17.3693,0.0,0,,,,27.6017,,0.0772,0.0581,,,,,,,,,,8,,,,,,,,,,,,,,,,,True
8453:0x77310fc8950dd83a035769018f2a05b1e989a52a,Base,Uniswap v3,uniswapv3,0x77310fc8950dd83a035769018f2a05b1e989a52a,WETH/MEY,WETH,MEY,0.3,Альт/мем (long-tail),151468.8825,151468.8825,3301.047,47725.8755,119.3147,1.9887,4.1074,19.9377,,,4.1074,0.0,0,,,,2.4115,,0.0218,0.045,,,,,,,,,,8,,,,,,,,,,,,,,,,,True
8453:0xce1d8c90a5f0ef28fe0f457e5ad615215899319a,Base,Uniswap v3,uniswapv3,0xce1d8c90a5f0ef28fe0f457e5ad615215899319a,WETH/USDT,WETH,USDT,0.3,Голубая фишка/стейбл,149377.5759,149377.5759,24069.9363,344383.0538,860.9576,14.7036,30.0532,38.519,,,30.0532,0.0,0,,,,17.6002,,0.1611,0.3294,,,,,,,,,,7,,,,,,,,,,,,,,,,,True
8453:0x7d9a9a99bbc550d57e6cac832a2c7a29c4ec3764,Base,Uniswap v3,uniswapv3,0x7d9a9a99bbc550d57e6cac832a2c7a29c4ec3764,HI /WETH,HI ,WETH,0.3,Альт/мем (long-tail),7.4438,148963.4436,2599.2788,2599.2788,6.4982,31863.3025,4551.9004,1062.1101,,,1062.1101,0.0,0,,,,,,349.1869,49.8838,,,,,,,,,,9,,,,,,,,,,,,,,,,цена альта не подтверждена; высокий APR на микро-TVL; разовый всплеск объёма; объём/TVL > 10 (wash/MEV?),True
8453:0xf0501988fa68361b67ce4024b9e477af2afec58b,Base,Uniswap v3,uniswapv3,0xf0501988fa68361b67ce4024b9e477af2afec58b,WETH/XSWAP,WETH,XSWAP,0.3,Альт/мем (long-tail),147020.4375,147020.4375,1119.7265,7244.6587,18.1117,0.695,0.6424,1.4906,,,0.6424,0.0,0,,,,0.8361,,0.0076,0.007,,,,,,,,,,8,,,,,,,,,,,,,,,,,True
8453:0xfcc89a1f250d76de198767d33e1ca9138a7fb54b,Base,Uniswap v3,uniswapv3,0xfcc89a1f250d76de198767d33e1ca9138a7fb54b,WETH/MOCHI,WETH,MOCHI,1.0,Альт/мем (long-tail),143128.2149,143128.2149,6348.5193,30708.2402,255.902,13.4915,9.3227,10.9529,,,9.3227,0.0,0,,,,16.1221,,0.0444,0.0307,,,,,,,,,,8,,,,,,,,,,,,,,,,,True
8453:0xe7cbc50685031608edc09940b328c55d9dec7d09,Base,Uniswap v3,uniswapv3,0xe7cbc50685031608edc09940b328c55d9dec7d09,TIG/WETH,TIG,WETH,1.0,Альт/мем (long-tail),131945.2957,131945.2957,20471.8888,244703.2342,2039.1936,47.1928,80.586,68.475,,,68.475,0.0,0,,,,56.5665,,0.1552,0.2649,,,,,,,,,,8,,,,,,,,,,,,,,,,,True
8453:0xc9034c3e7f58003e6ae0c8438e7c8f4598d5acaa,Base,Uniswap v3,uniswapv3,0xc9034c3e7f58003e6ae0c8438e7c8f4598d5acaa,WETH/DEGEN,WETH,DEGEN,0.3,Крупный альт,128088.1039,128088.1039,29938.7089,332034.1196,830.0853,21.3283,33.7916,31.3346,,,31.3346,0.0,0,,,,25.6039,,0.2337,0.3703,,,,,,,,,,7,,,,,,,,,,,,,,,,,True
8453:0x76bf0abd20f1e0155ce40a62615a90a709a6c3d8,Base,Uniswap v3,uniswapv3,0x76bf0abd20f1e0155ce40a62615a90a709a6c3d8,WETH/BRETT,WETH,BRETT,0.3,Крупный альт,127936.7807,127936.7807,59908.4313,488176.8193,1220.4421,42.7293,49.7412,29.0677,,,29.0677,0.0,0,,,,51.7431,,0.4683,0.5451,,,,,,,,,,7,,,,,,,,,,,,,,,,,True
8453:0x60202877f451f03da7f8f48b94e2e6bb053cf614,Base,Uniswap v3,uniswapv3,0x60202877f451f03da7f8f48b94e2e6bb053cf614,BA3PUMP/USDC,BA3PUMP,USDC,0.3,Альт/мем (long-tail),121623.6201,121623.6201,18570.7757,275788.1937,689.4705,13.933,29.5592,17.3438,,,17.3438,0.0,0,,,,14.9265,,0.1527,0.3239,,,,,,,,,,8,,,,,,,,,,,,,,,,,True
8453:0x9399da51c1a85e64cce4b30b554875d2b89b2445,Base,Uniswap v3,uniswapv3,0x9399da51c1a85e64cce4b30b554875d2b89b2445,WETH/LINGO,WETH,LINGO,0.3,Альт/мем (long-tail),116578.1546,116578.1546,3235.386,67283.7335,168.2093,2.5325,7.5236,6.4004,,,6.4004,0.0,0,,,,3.0339,,0.0278,0.0825,,,,,,,,,,8,,,,,,,,,,,,,,,,,True
8453:0x0962a51e121aa8371cd4bb0458b7e5a08c1cbd29,Base,Uniswap v3,uniswapv3,0x0962a51e121aa8371cd4bb0458b7e5a08c1cbd29,SCI/WETH,SCI,WETH,1.0,Альт/мем (long-tail),116309.8752,116309.8752,1398.7403,4209.0407,35.0753,3.6579,1.5725,1.0279,,,1.0279,0.0,0,,,,4.437,,0.012,0.0052,,,,,,,,,,8,,,,,,,,,,,,,,,,,True
8453:0x22906596bd81f53f01d700ddbdb3935bac2e1446,Base,Uniswap v3,uniswapv3,0x22906596bd81f53f01d700ddbdb3935bac2e1446,USDC/BASECAT,USDC,BASECAT,0.3,Альт/мем (long-tail),113929.6985,113929.6985,432069.048,2503104.9559,6257.7625,346.0582,286.4026,740.4402,769.9904,228.1225,286.4026,0.0,0,,,,427.5254,,3.7924,3.1387,3.0991,3.9699,120.0568,,,,-2639.8349,True,-263.9835,10,1.2622,0.4978,19.1841,,360.4073,,-23.4232,,-77.4951,103.1695,12.8678,95.8412,43.4583,,,высокий APR на микро-TVL,True
8453:0x00278697f1264852ef465b6cac9183639db22aa7,Base,Uniswap v3,uniswapv3,0x00278697f1264852ef465b6cac9183639db22aa7,WETH/CBZEC,WETH,CBZEC,1.0,Альт/мем (long-tail),113068.6074,113068.6074,15798.173,321297.302,2677.4775,42.4988,123.4749,97.552,148.09,62.3595,97.552,0.0,0,,,,50.941,,0.1397,0.4059,0.9743,0.8693,11.8649,,,,-191.6399,True,-19.164,10,0.4734,0.296,,,,,,,-31.0406,24.8786,1.6139,2.3404,24.4167,,,,True
8453:0x35d84ae687f0d3bf8548d5470fd04d2abe74f074,Base,Uniswap v3,uniswapv3,0x35d84ae687f0d3bf8548d5470fd04d2abe74f074,USDC/UNI,USDC,UNI,1.0,Крупный альт,111896.8681,111896.8681,17392.7534,287019.8462,2391.832,47.2783,111.4571,88.4125,,,88.4125,0.0,0,,,,56.9596,,0.1554,0.3664,,,,,,,,,,7,,,,,,,,,,,,,,,,,True
8453:0xe207fab5839ca5bcc0d930761755cc7d82c1f19c,Base,Uniswap v3,uniswapv3,0xe207fab5839ca5bcc0d930761755cc7d82c1f19c,WETH/ABX,WETH,ABX,0.3,Альт/мем (long-tail),111780.0796,111780.0796,6252.0006,265133.9431,662.8348,5.1037,30.9197,13.1001,,,13.1001,0.0,0,,,,6.0637,,0.0559,0.3388,,,,,,,,,,8,,,,,,,,,,,,,,,,,True
8453:0x0bcaebeeee604443feb6d5314a726626a858ebd3,Base,Uniswap v3,uniswapv3,0x0bcaebeeee604443feb6d5314a726626a858ebd3,WETH/IXS,WETH,IXS,0.3,Альт/мем (long-tail),106973.9756,106973.9756,10821.4445,92267.4716,230.6687,9.2308,11.2436,5.775,,,5.775,0.0,0,,,,10.8368,,0.1012,0.1232,,,,,,,,,,8,,,,,,,,,,,,,,,,,True
8453:0x137d9f2c705f8b9c54b5c9b08b34a5452f88f35c,Base,Uniswap v3,uniswapv3,0x137d9f2c705f8b9c54b5c9b08b34a5452f88f35c,WETH/HINT,WETH,HINT,0.3,Альт/мем (long-tail),105335.8437,105335.8437,1127.4911,15299.6064,38.249,0.9767,1.8934,1.971,,,1.8934,0.0,0,,,,0.8291,,0.0107,0.0207,,,,,,,,,,8,,,,,,,,,,,,,,,,,True
8453:0x20e068d76f9e90b90604500b84c7e19dcb923e7e,Base,Uniswap v3,uniswapv3,0x20e068d76f9e90b90604500b84c7e19dcb923e7e,WETH/WSTETH,WETH,WSTETH,0.01,"Коррелир. (ETH/LST, BTC/BTC)",103426.1572,103426.1572,39022.5054,392836.2349,29.4627,1.0329,1.4854,1.5876,,,1.4854,0.0,0,,,,1.3794,,0.3773,0.5426,,,,,,,,,,7,,,,,,,,,,,,,,,,,True
8453:0xbe432703851c43df6056b47cb55312696cf8cd6c,Base,Uniswap v3,uniswapv3,0xbe432703851c43df6056b47cb55312696cf8cd6c,USDC/SBC,USDC,SBC,0.01,Альт/мем (long-tail),102071.0956,102071.0956,24677.9906,98430.3597,7.383,0.6619,0.3772,0.1834,,,0.1834,0.0,0,,,,0.8824,,0.2418,0.1378,,,,,,,,,,8,,,,,,,,,,,,,,,,,True
8453:0x3733cbb1402c788900a0a152e61c9aa31888fb95,Base,Uniswap v3,uniswapv3,0x3733cbb1402c788900a0a152e61c9aa31888fb95,USDC/CBXRP,USDC,CBXRP,1.0,Альт/мем (long-tail),97997.3783,97997.3783,2364.3034,34967.6225,291.3969,7.3384,15.5048,15.9409,,,15.5048,0.0,0,,,,8.8186,,0.0241,0.051,,,,,,,,,,8,,,,,,,,,,,,,,,,,True
8453:0x5ec8fd9b09454e7e2662a2c4c0432f95e896ea79,Base,Uniswap v3,uniswapv3,0x5ec8fd9b09454e7e2662a2c4c0432f95e896ea79,WETH/VCNT,WETH,VCNT,0.3,Альт/мем (long-tail),91991.3803,91991.3803,166873.1276,1780587.2988,4451.4683,165.5283,252.3196,253.0223,,,252.3196,0.0,0,,,,200.7006,,1.814,2.7651,,,,,,,,,,8,,,,,,,,,,,,,,,,высокий APR на микро-TVL,True
8453:0x29183f918920a2aef0115a9c7374945589968aea,Base,Uniswap v3,uniswapv3,0x29183f918920a2aef0115a9c7374945589968aea,SOSO/USDC,SOSO,USDC,0.01,Альт/мем (long-tail),91931.5996,91931.5996,69711.037,693199.1003,51.99,2.0758,2.9488,21.0051,,,2.9488,0.0,0,,,,2.7508,,0.7583,1.0772,,,,,,,,,,8,,,,,,,,,,,,,,,,,True
8453:0x037818b04ac34ea8b54b6683b79ef24d23c0e7cb,Base,Uniswap v3,uniswapv3,0x037818b04ac34ea8b54b6683b79ef24d23c0e7cb,SPX/USDC,SPX,USDC,1.0,Крупный альт,89979.1704,89979.1704,4525.0386,72102.4049,600.8534,15.2965,34.8194,48.324,,,34.8194,0.0,0,,,,18.2996,,0.0503,0.1145,,,,,,,,,,7,,,,,,,,,,,,,,,,,True
8453:0x069812b38fd4a5490580a463b10523314a04f096,Base,Uniswap v3,uniswapv3,0x069812b38fd4a5490580a463b10523314a04f096,BT365/USDC,BT365,USDC,1.0,Альт/мем (long-tail),89924.7888,89924.7888,4929.8599,37904.4393,315.8703,16.675,18.3157,9.4952,,,9.4952,0.0,0,,,,18.2177,,0.0548,0.0602,,,,,,,,,,8,,,,,,,,,,,,,,,,,True
8453:0xf79478d5a6bae4546f7e489e80b2fc690b558944,Base,Uniswap v3,uniswapv3,0xf79478d5a6bae4546f7e489e80b2fc690b558944,WETH/BASECAT,WETH,BASECAT,1.0,Альт/мем (long-tail),88394.8267,88394.8267,362856.4831,1204172.3784,10034.7698,1248.5894,591.9369,3650.1807,,,591.9369,0.0,0,,,,1529.0621,,4.105,1.9461,,,,,,,,,,8,,,,,,,,,,,,,,,,высокий APR на микро-TVL,True
8453:0x08c049f958e7d1f1b7ae44466b80d7773ca09c8e,Base,Uniswap v3,uniswapv3,0x08c049f958e7d1f1b7ae44466b80d7773ca09c8e,USDC/LINK,USDC,LINK,0.3,Крупный альт,87857.8108,87857.8108,21514.3009,442855.989,1107.14,22.345,65.7078,72.1449,,,65.7078,0.0,0,,,,26.8318,,0.2449,0.7201,,,,,,,,,,7,,,,,,,,,,,,,,,,,True
8453:0xc336d48197aad2dfd61f8f11108fa183390a151e,Base,Uniswap v3,uniswapv3,0xc336d48197aad2dfd61f8f11108fa183390a151e,NEUY/CBBTC,NEUY,CBBTC,1.0,Альт/мем (long-tail),83962.3235,83962.3235,4884.1472,26706.966,222.558,17.6936,13.8215,15.8442,,,13.8215,0.0,0,,,,21.0533,,0.0582,0.0454,,,,,,,,,,8,,,,,,,,,,,,,,,,,True
8453:0xedc625b74537ee3a10874f53d170e9c17a906b9c,Base,Uniswap v3,uniswapv3,0xedc625b74537ee3a10874f53d170e9c17a906b9c,ZORA/USDC,ZORA,USDC,0.3,Крупный альт,82545.387,82545.387,43442.297,395734.0683,989.3352,48.0234,62.495,100.8514,,,62.495,0.0,0,,,,57.074,,0.5263,0.6849,,,,,,,,,,7,,,,,,,,,,,,,,,,,True
8453:0x24eba71019a7eed459cc2c2fabbe6938d7dd22fc,Base,Uniswap v3,uniswapv3,0x24eba71019a7eed459cc2c2fabbe6938d7dd22fc,OVR/WETH,OVR,WETH,1.0,Альт/мем (long-tail),82443.7802,82443.7802,5285.7508,17029.7722,141.9148,19.5012,8.9756,3.3036,,,3.3036,0.0,0,,,,23.4307,,0.0641,0.0295,,,,,,,,,,8,,,,,,,,,,,,,,,,разовый всплеск объёма,True
8453:0xc67bfb30fed057ae16627457e71b1e29753b2f80,Base,Uniswap v3,uniswapv3,0xc67bfb30fed057ae16627457e71b1e29753b2f80,LSTEAK/WETH,LSTEAK,WETH,0.3,Альт/мем (long-tail),82223.0084,82223.0084,1101.5128,23530.698,58.8268,1.2224,3.7306,3.6524,,,3.6524,0.0,0,,,,1.9066,,0.0134,0.0409,,,,,,,,,,8,,,,,,,,,,,,,,,,,True
8453:0x953764548d1ca834e2b73fcd0d26a495336c99c8,Base,Uniswap v3,uniswapv3,0x953764548d1ca834e2b73fcd0d26a495336c99c8,PROMPT/USDC,PROMPT,USDC,0.3,Альт/мем (long-tail),80094.3547,80094.3547,262316.0224,910672.5096,2276.6812,298.8517,148.216,63.0189,,,63.0189,0.0,0,,,,343.5108,,3.2751,1.6243,,,,,,,,,,8,,,,,,,,,,,,,,,,высокий APR на микро-TVL; разовый всплеск объёма,True
8453:0x11e26bbd1a5547895a50fc39a2d4c0025dec0bda,Base,Uniswap v3,uniswapv3,0x11e26bbd1a5547895a50fc39a2d4c0025dec0bda,WETH/RSR,WETH,RSR,1.0,Альт/мем (long-tail),79644.1153,79644.1153,9001.7852,82605.674,688.3806,34.3785,45.0682,82.1275,,,45.0682,0.0,0,,,,40.9699,,0.113,0.1482,,,,,,,,,,8,,,,,,,,,,,,,,,,,True
8453:0x8e740d5fa742b763cd82159894b9919ed57e4f70,Base,Uniswap v3,uniswapv3,0x8e740d5fa742b763cd82159894b9919ed57e4f70,WETH/NVDAC,WETH,NVDAC,0.3,Токенизир. акции,79494.6063,79494.6063,17004.3157,517750.7907,1294.377,19.5189,84.902,81.1058,,,81.1058,0.0,0,,,,23.4184,,0.2139,0.9304,,,,,,,,,,7,,,,,,,,,,,,,,,,,True
8453:0xc562998555779318b85284b7af71bebb2ada3461,Base,Uniswap v3,uniswapv3,0xc562998555779318b85284b7af71bebb2ada3461,AAVE/USDC,AAVE,USDC,0.3,Крупный альт,77548.2644,77548.2644,21093.6531,404391.3853,1010.9785,24.8206,67.9774,42.5229,,,42.5229,0.0,0,,,,30.1332,,0.272,0.745,,,,,,,,,,7,,,,,,,,,,,,,,,,,True
8453:0xce90767d34d7090e809bbec8f5213b1c0865eb0a,Base,Uniswap v3,uniswapv3,0xce90767d34d7090e809bbec8f5213b1c0865eb0a,USDC/IXS,USDC,IXS,1.0,Альт/мем (long-tail),76056.2533,76056.2533,7114.5274,58930.8556,491.0905,28.4527,33.6683,20.4929,,,20.4929,0.0,0,,,,33.9325,,0.0935,0.1107,,,,,,,,,,8,,,,,,,,,,,,,,,,,True
8453:0x588f68b9fa04366f33f8ce095c13f0cebab9406a,Base,Uniswap v3,uniswapv3,0x588f68b9fa04366f33f8ce095c13f0cebab9406a,LFI/WETH,LFI,WETH,1.0,Альт/мем (long-tail),74274.0431,74274.0431,35796.11,515958.5741,4299.6548,146.592,301.8501,256.9304,,,256.9304,0.0,0,,,,183.0507,,0.4819,0.9924,,,,,,,,,,8,,,,,,,,,,,,,,,,высокий APR на микро-TVL,True
8453:0x8d421b0d641193d67dd1aa024dab17fcde0bfc89,Base,Uniswap v3,uniswapv3,0x8d421b0d641193d67dd1aa024dab17fcde0bfc89,WETH/KTA,WETH,KTA,1.0,Альт/мем (long-tail),70953.5378,70953.5378,11586.5708,83970.9604,699.758,49.6698,51.4243,47.6126,,,47.6126,0.0,0,,,,58.9853,,0.1633,0.1691,,,,,,,,,,8,,,,,,,,,,,,,,,,,True
8453:0x5c48cb68a4d5a344b85595ae44b0bd6a98a3b74b,Base,Uniswap v3,uniswapv3,0x5c48cb68a4d5a344b85595ae44b0bd6a98a3b74b,WETH/TRX,WETH,TRX,0.3,Альт/мем (long-tail),70140.5567,70140.5567,2910.7175,54782.7578,136.9569,3.7867,10.1814,4.9196,,,4.9196,0.0,0,,,,4.3445,,0.0415,0.1116,,,,,,,,,,8,,,,,,,,,,,,,,,,,True
8453:0x38e2e7dead99f8fc492081947031be43eaab13a5,Base,Uniswap v3,uniswapv3,0x38e2e7dead99f8fc492081947031be43eaab13a5,WETH/UNEAR,WETH,UNEAR,0.3,Альт/мем (long-tail),69714.6495,69714.6495,25933.5082,242843.4217,607.1085,33.9446,45.4085,32.1063,,,32.1063,0.0,0,,,,40.0605,,0.372,0.4976,,,,,,,,,,8,,,,,,,,,,,,,,,,,True
8453:0xc4838fbeef72ba0719a4c4f1efeec68991b74a20,Base,Uniswap v3,uniswapv3,0xc4838fbeef72ba0719a4c4f1efeec68991b74a20,WETH/SUP,WETH,SUP,0.3,Альт/мем (long-tail),68259.3855,68259.3855,8736.062,334139.9528,835.3498,11.6785,63.8118,31.28,,,31.28,0.0,0,,,,14.2037,,0.128,0.6993,,,,,,,,,,8,,,,,,,,,,,,,,,,,True
8453:0xa9c159aa3a42ef0cef72f5cf6bb0f020df7c1bb2,Base,Uniswap v3,uniswapv3,0xa9c159aa3a42ef0cef72f5cf6bb0f020df7c1bb2,USDC/HEU,USDC,HEU,1.0,Альт/мем (long-tail),1450.6093,67755.2761,1208.7144,8123.1197,67.6927,253.4456,243.3246,135.043,,,135.043,0.0,0,,,,,,0.8332,0.8,,,,,,,,,,9,,,,,,,,,,,,,,,,цена альта не подтверждена; высокий APR на микро-TVL,True
8453:0x8e0a7d4018fb2674346d5742055174f899fe1826,Base,Uniswap v3,uniswapv3,0x8e0a7d4018fb2674346d5742055174f899fe1826,VIRTUAL/WETH,VIRTUAL,WETH,1.0,Крупный альт,67539.7756,67539.7756,18479.7621,85228.8136,710.2401,83.224,54.8328,32.169,,,32.169,0.0,0,,,,99.37,,0.2736,0.1803,,,,,,,,,,7,,,,,,,,,,,,,,,,,True
8453:0x7279c08a36333e12c3fc81747963264c100d66fb,Base,Uniswap v3,uniswapv3,0x7279c08a36333e12c3fc81747963264c100d66fb,EURC/USDC,EURC,USDC,0.05,Стейбл/стейбл,67091.0067,67091.0067,37356.6827,363252.6135,136.2197,7.6213,10.5869,8.8156,,,8.8156,0.0,0,,,,,,0.5568,0.7735,,,,,,,,,,7,,,,,,,,,,,,,,,,,True
8453:0x02623e0e65a1d8537f6235512839e2f7b76c7a12,Base,Uniswap v3,uniswapv3,0x02623e0e65a1d8537f6235512839e2f7b76c7a12,WETH/NATO,WETH,NATO,1.0,Альт/мем (long-tail),65858.1423,65858.1423,2439.9856,2545.6323,21.2136,11.2691,1.6796,0.5802,,,0.5802,0.0,0,,,,,,0.037,0.0055,,,,,,,,,,8,,,,,,,,,,,,,,,,разовый всплеск объёма,True
8453:0xac070e26ea329cd3576c60967f81e775a63da6c4,Base,Uniswap v3,uniswapv3,0xac070e26ea329cd3576c60967f81e775a63da6c4,USDC/FLUX,USDC,FLUX,0.05,Альт/мем (long-tail),65150.6931,65150.6931,4579.5792,37214.0898,13.9553,0.9621,1.1169,1.7593,,,1.1169,0.0,0,,,,1.251,,0.0703,0.0816,,,,,,,,,,8,,,,,,,,,,,,,,,,,True
8453:0xae8d5b91fca627410a3bef77f55fcfe208409a40,Base,Uniswap v3,uniswapv3,0xae8d5b91fca627410a3bef77f55fcfe208409a40,WETH/CHAD,WETH,CHAD,1.0,Альт/мем (long-tail),63934.0132,63934.0132,1121.9565,2634.4015,21.9533,5.3377,1.7905,40.8431,,,1.7905,0.0,0,,,,7.0681,,0.0175,0.0059,,,,,,,,,,8,,,,,,,,,,,,,,,,,True
8453:0x9a3e7890e73ee2607e8fff258e66da76062f6c5b,Base,Uniswap v3,uniswapv3,0x9a3e7890e73ee2607e8fff258e66da76062f6c5b,WETH/JPMD,WETH,JPMD,1.0,Альт/мем (long-tail),62206.966,62206.966,1774.3032,1903.0047,15.8584,8.6756,1.3293,2.108,,,1.3293,0.0,0,,,,15.6846,,0.0285,0.0044,,,,,,,,,,8,,,,,,,,,,,,,,,,разовый всплеск объёма,True
8453:0x702c6b688b0af8b8381fd4aa0d0d70c050dc330c,Base,Uniswap v3,uniswapv3,0x702c6b688b0af8b8381fd4aa0d0d70c050dc330c,WETH/BASEBULL,WETH,BASEBULL,1.0,Альт/мем (long-tail),61616.3567,61616.3567,2329.7374,30030.402,250.2533,11.5007,21.1777,77.8435,,,21.1777,0.0,0,,,,15.5077,,0.0378,0.0696,,,,,,,,,,8,,,,,,,,,,,,,,,,,True
8453:0x1cca8388e671e83010843a1a0535b04f2d7e946b,Base,Uniswap v3,uniswapv3,0x1cca8388e671e83010843a1a0535b04f2d7e946b,SOL/USDC,SOL,USDC,0.3,Крупный альт,61303.1414,61303.1414,16887.2268,232927.1125,582.3178,25.1367,49.5304,48.6789,,,48.6789,0.0,0,,,,29.2484,,0.2755,0.5428,,,,,,,,,,7,,,,,,,,,,,,,,,,,True
8453:0x15d8efc10fe04f7e40773ab7e3adcca4fd6a6fa9,Base,Uniswap v3,uniswapv3,0x15d8efc10fe04f7e40773ab7e3adcca4fd6a6fa9,USDBC/VCNT,USDBC,VCNT,0.3,Альт/мем (long-tail),9439.4965,61249.4953,4052.069,87942.7788,219.8569,39.1707,121.4468,87.7321,,,87.7321,0.0,0,,,,,,0.4293,1.3309,,,,,,,,,,9,,,,,,,,,,,,,,,,цена альта не подтверждена,True
8453:0xe4498baca2d45b775ce820a9b9b52a87d583867c,Base,Uniswap v3,uniswapv3,0xe4498baca2d45b775ce820a9b9b52a87d583867c,EURC/VCNT,EURC,VCNT,0.3,Альт/мем (long-tail),61063.4356,61063.4356,18148.6313,470556.6133,1176.3915,27.1204,100.4536,65.9651,,,65.9651,0.0,0,,,,32.2506,,0.2972,1.1009,,,,,,,,,,8,,,,,,,,,,,,,,,,,True
8453:0x37ecd41f5a01b23a3d9bb3b4ddfef4ed455d6fd3,Base,Uniswap v3,uniswapv3,0x37ecd41f5a01b23a3d9bb3b4ddfef4ed455d6fd3,WETH/MOR,WETH,MOR,0.3,Альт/мем (long-tail),60089.4419,60089.4419,4636.9222,48729.1717,121.8229,7.0415,10.5712,16.2805,,,10.5712,0.0,0,,,,8.4721,,0.0772,0.1158,,,,,,,,,,8,,,,,,,,,,,,,,,,,True
8453:0x99188f1755b91b95e1f4d732536a833fb82b4ad1,Base,Uniswap v3,uniswapv3,0x99188f1755b91b95e1f4d732536a833fb82b4ad1,WETH/PEAQ,WETH,PEAQ,0.3,Альт/мем (long-tail),59732.5962,59732.5962,29468.7203,200264.4713,500.6612,45.0176,43.7046,30.8668,,,30.8668,0.0,0,,,,55.4135,,0.4933,0.479,,,,,,,,,,8,,,,,,,,,,,,,,,,,True
8453:0xd5446924903994f61010fd2cd3381746ca93788e,Base,Uniswap v3,uniswapv3,0xd5446924903994f61010fd2cd3381746ca93788e,NEUY/USDC,NEUY,USDC,1.0,Альт/мем (long-tail),59375.5597,59375.5597,9589.3352,90598.7202,754.9893,49.1239,66.3022,66.8762,,,66.3022,0.0,0,,,,58.8113,,0.1615,0.218,,,,,,,,,,8,,,,,,,,,,,,,,,,,True
8453:0xaf7e7a26a990d571ac14c187cf5e5eefe2a6e34f,Base,Uniswap v3,uniswapv3,0xaf7e7a26a990d571ac14c187cf5e5eefe2a6e34f,GVITALIK/USDC,GVITALIK,USDC,0.3,Альт/мем (long-tail),54465.638,54465.638,1410.3275,58420.5526,146.0514,2.3628,13.9823,11.9658,,,11.9658,0.0,0,,,,4.2461,,0.0259,0.1532,,,,,,,,,,8,,,,,,,,,,,,,,,,,True
8453:0x54f6fbbcfb730dbf31829fe4e2d8d769503be115,Base,Uniswap v3,uniswapv3,0x54f6fbbcfb730dbf31829fe4e2d8d769503be115,WETH/UHBAR,WETH,UHBAR,0.3,Альт/мем (long-tail),54335.1182,54335.1182,4180.7662,187422.9852,468.5575,7.0211,44.9653,25.2942,,,25.2942,0.0,0,,,,8.6934,,0.0769,0.4928,,,,,,,,,,8,,,,,,,,,,,,,,,,,True
8453:0xbaf56aed39b4583c526971ab51f8f2d4d8e59eb7,Base,Uniswap v3,uniswapv3,0xbaf56aed39b4583c526971ab51f8f2d4d8e59eb7,GHO/USDC,GHO,USDC,0.3,Стейбл/стейбл,54250.2271,54250.2271,7200.6182,21164.2088,52.9105,12.1116,5.0855,1.2485,,,1.2485,0.0,0,,,,14.528,,0.1327,0.0557,,,,,,,,,,7,,,,,,,,,,,,,,,,разовый всплеск объёма,True
8453:0xa73d8c809724826b64bf8502ab559c1f85258319,Base,Uniswap v3,uniswapv3,0xa73d8c809724826b64bf8502ab559c1f85258319,CBBTC/VCNT,CBBTC,VCNT,0.3,Альт/мем (long-tail),3150.8504,53303.9946,1941.8027,12671.7442,31.6794,56.2355,52.4256,199.1094,,,52.4256,0.0,0,,,,,,0.6163,0.5745,,,,,,,,,,9,,,,,,,,,,,,,,,,цена альта не подтверждена,True
8453:0x87ebef77d1d7a29a8ea32492d0aa88d8c757a1eb,Base,Uniswap v3,uniswapv3,0x87ebef77d1d7a29a8ea32492d0aa88d8c757a1eb,DAI/VCNT,DAI,VCNT,0.3,Альт/мем (long-tail),6150.9486,53228.4934,1972.7185,16364.7862,40.912,29.2655,34.6819,46.961,,,34.6819,0.0,0,,,,,,0.3207,0.3801,,,,,,,,,,9,,,,,,,,,,,,,,,,цена альта не подтверждена,True
8453:0x5d75edb390ca5f88d58bafae5d9fcde3c622e365,Base,Uniswap v3,uniswapv3,0x5d75edb390ca5f88d58bafae5d9fcde3c622e365,TEVA/WETH,TEVA,WETH,0.3,Альт/мем (long-tail),53224.4288,53224.4288,35328.1598,531633.9598,1329.0849,60.568,130.2077,37.5442,,,37.5442,0.0,0,,,,67.8117,,0.6638,1.4269,,,,,,,,,,8,,,,,,,,,,,,,,,,,True
8453:0x18b497f71122622557e4634c47a05647ff859f47,Base,Uniswap v3,uniswapv3,0x18b497f71122622557e4634c47a05647ff859f47,WETH/USDC,WETH,USDC,0.03,Голубая фишка/стейбл,52934.1905,52934.1905,199417.4229,2237177.4371,503.3648,30.9387,49.584,22.0126,,,22.0126,0.0,0,,,,41.0179,,3.7673,6.0376,,,,,,,,,,7,,,,,,,,,,,,,,,,,True
8453:0x62952aa2b466017eaabe06420c672eb3e152df58,Base,Uniswap v3,uniswapv3,0x62952aa2b466017eaabe06420c672eb3e152df58,WETH/WOLF,WETH,WOLF,0.01,Альт/мем (long-tail),52315.0055,52315.0055,2793.5285,24039.1672,1.8029,0.1462,0.1797,0.1276,,,0.1276,0.0,0,,,,0.1963,,0.0534,0.0656,,,,,,,,,,8,,,,,,,,,,,,,,,,,True
8453:0x71a4a6f6ea5c26ce486b7ed0d8723a897ef5ad9a,Base,Uniswap v3,uniswapv3,0x71a4a6f6ea5c26ce486b7ed0d8723a897ef5ad9a,WETH/NOCK,WETH,NOCK,1.0,Альт/мем (long-tail),52060.6118,52060.6118,31450.8577,224984.5242,1874.871,183.7532,187.7833,425.4602,,,187.7833,0.0,0,,,,220.3099,,0.6041,0.6174,,,,,,,,,,8,,,,,,,,,,,,,,,,высокий APR на микро-TVL,True
8453:0x54b5dec6102343717bce1e2e16dc1d19ed914802,Base,Uniswap v3,uniswapv3,0x54b5dec6102343717bce1e2e16dc1d19ed914802,USDC/GSWIFT,USDC,GSWIFT,0.3,Альт/мем (long-tail),50590.0666,50590.0666,1853.6938,6643.732,16.6093,3.3435,1.7119,1.334,,,1.334,0.0,0,,,,10.4243,,0.0366,0.0188,,,,,,,,,,8,,,,,,,,,,,,,,,,,True
8453:0xa36757328a77069c9258c71ac7483278933cd066,Base,Uniswap v3,uniswapv3,0xa36757328a77069c9258c71ac7483278933cd066,USDC/GSPEED,USDC,GSPEED,0.3,Альт/мем (long-tail),48629.2494,48629.2494,1491.0978,30778.8874,76.9472,2.798,8.2507,33.1822,,,8.2507,0.0,0,,,,4.0383,,0.0307,0.0904,,,,,,,,,,8,,,,,,,,,,,,,,,,,True
8453:0xf39b8ad8b194a56291d55b3a4c690b2557b5b8c9,Base,Uniswap v3,uniswapv3,0xf39b8ad8b194a56291d55b3a4c690b2557b5b8c9,USDC/SUP,USDC,SUP,0.3,Альт/мем (long-tail),48361.1638,48361.1638,3243.7544,102181.7243,255.4544,6.1205,27.543,14.1949,,,14.1949,0.0,0,,,,7.4183,,0.0671,0.3018,,,,,,,,,,8,,,,,,,,,,,,,,,,,True
8453:0xa2d4a8e00daad32acace1a0dd0905f6aaf57e84e,Base,Uniswap v3,uniswapv3,0xa2d4a8e00daad32acace1a0dd0905f6aaf57e84e,WETH/ZRO,WETH,ZRO,0.3,Крупный альт,47877.532,47877.532,16052.9532,206548.7681,516.3719,30.5954,56.2375,29.4752,,,29.4752,0.0,0,,,,37.089,,0.3353,0.6163,,,,,,,,,,7,,,,,,,,,,,,,,,,,True
8453:0x3367fedd8ad5a8cf01cfe89df3c697d3a59a1cad,Base,Uniswap v3,uniswapv3,0x3367fedd8ad5a8cf01cfe89df3c697d3a59a1cad,WETH/COMP,WETH,COMP,1.0,Крупный альт,46743.4766,46743.4766,3333.32,46725.8945,389.3825,21.6904,43.436,31.2095,,,31.2095,0.0,0,,,,26.3931,,0.0713,0.1428,,,,,,,,,,7,,,,,,,,,,,,,,,,,True
8453:0xf252f51919dfca2c9c0ea279f11183580edee4d6,Base,Uniswap v3,uniswapv3,0xf252f51919dfca2c9c0ea279f11183580edee4d6,USDC/OWB,USDC,OWB,0.01,Альт/мем (long-tail),45229.1093,45229.1093,15969.641,91409.8186,6.8557,0.9666,0.7904,1.1552,,,0.7904,0.0,0,,,,1.2638,,0.3531,0.2887,,,,,,,,,,8,,,,,,,,,,,,,,,,,True
8453:0x9011cbf8d2900908286c9bf4d5d1644ece7b684a,Base,Uniswap v3,uniswapv3,0x9011cbf8d2900908286c9bf4d5d1644ece7b684a,WETH/DRV,WETH,DRV,0.3,Альт/мем (long-tail),44770.8572,44770.8572,130101.5764,1052308.4619,2630.7712,265.1673,306.3956,225.1756,,,225.1756,0.0,0,,,,316.3238,,2.9059,3.3578,,,,,,,,,,8,,,,,,,,,,,,,,,,высокий APR на микро-TVL,True
8453:0x5aa4ad647580bfe86258d300bc9852f4434e2c61,Base,Uniswap v3,uniswapv3,0x5aa4ad647580bfe86258d300bc9852f4434e2c61,WETH/TOSHI,WETH,TOSHI,0.3,Крупный альт,44740.7273,44740.7273,2804.527,82903.1891,207.258,5.7199,24.1548,57.0542,,,24.1548,0.0,0,,,,6.855,,0.0627,0.2647,,,,,,,,,,7,,,,,,,,,,,,,,,,,True
8453:0xa9dafa443a02fbc907cb0093276b3e6f4ef02a46,Base,Uniswap v3,uniswapv3,0xa9dafa443a02fbc907cb0093276b3e6f4ef02a46,CBETH/WETH,CBETH,WETH,0.01,"Коррелир. (ETH/LST, BTC/BTC)",43561.6301,43561.6301,13569.9495,208720.5469,15.654,0.8528,1.8738,1.239,,,1.239,0.0,0,,,,1.1403,,0.3115,0.6845,,,,,,,,,,7,,,,,,,,,,,,,,,,,True
8453:0xb1bfc4a4a908419646852791c49139173534ffac,Base,Uniswap v3,uniswapv3,0xb1bfc4a4a908419646852791c49139173534ffac,USDC/MXP,USDC,MXP,0.3,Альт/мем (long-tail),43446.9064,43446.9064,6244.0722,34109.5652,85.2739,13.1142,10.2342,5.3333,,,5.3333,0.0,0,,,,8.0803,,0.1437,0.1122,,,,,,,,,,8,,,,,,,,,,,,,,,,,True
8453:0x99571b348e9bd9cec1eb4dfc053be41a7a698b58,Base,Uniswap v3,uniswapv3,0x99571b348e9bd9cec1eb4dfc053be41a7a698b58,USDC/EDGE,USDC,EDGE,0.3,Альт/мем (long-tail),42145.8333,42145.8333,119017.5506,897377.0024,2243.4426,257.6851,277.5589,266.2336,,,266.2336,0.0,0,,,,305.8535,,2.8239,3.0417,,,,,,,,,,8,,,,,,,,,,,,,,,,высокий APR на микро-TVL,True
8453:0x49e30c322e2474b3767de9fc4448c1e9ced6552f,Base,Uniswap v3,uniswapv3,0x49e30c322e2474b3767de9fc4448c1e9ced6552f,WBTC/USDC,WBTC,USDC,0.3,Голубая фишка/стейбл,39810.3782,39810.3782,1588.4783,17745.4208,44.3636,3.641,5.8107,7.4527,,,5.8107,0.0,0,,,,,,0.0399,0.0637,,,,,,,,,,7,,,,,,,,,,,,,,,,,True
8453:0x1d2818a7d9cd8caff94698dff73b3f0fc9db0141,Base,Uniswap v3,uniswapv3,0x1d2818a7d9cd8caff94698dff73b3f0fc9db0141,WETH/XPR NETWORK ,WETH,XPR NETWORK ,1.0,Альт/мем (long-tail),39390.5738,39390.5738,1206.3803,6396.4597,53.3038,9.3154,7.056,6.0793,,,6.0793,0.0,0,,,,12.0162,,0.0306,0.0232,,,,,,,,,,8,,,,,,,,,,,,,,,,,True
8453:0x3444bf60b93bd30f701601356ac136ad6a9b7a79,Base,Uniswap v3,uniswapv3,0x3444bf60b93bd30f701601356ac136ad6a9b7a79,WETH/MORPHO,WETH,MORPHO,1.0,Крупный альт,39006.9425,39006.9425,3515.032,29843.6011,248.6967,27.4094,33.2447,45.4443,,,33.2447,0.0,0,,,,32.1872,,0.0901,0.1093,,,,,,,,,,7,,,,,,,,,,,,,,,,,True
8453:0x9144a6e8ad6f56db96dac444eb173831660ba3e5,Base,Uniswap v3,uniswapv3,0x9144a6e8ad6f56db96dac444eb173831660ba3e5,AVNT/USDC,AVNT,USDC,1.0,Альт/мем (long-tail),37762.3044,37762.3044,3009.9619,31181.6939,259.8474,24.2445,35.8802,40.7288,,,35.8802,0.0,0,,,,28.4536,,0.0797,0.118,,,,,,,,,,8,,,,,,,,,,,,,,,,,True
8453:0x4c36388be6f416a29c8d8eee81c771ce6be14b18,Base,Uniswap v3,uniswapv3,0x4c36388be6f416a29c8d8eee81c771ce6be14b18,WETH/USDBC,WETH,USDBC,0.05,Голубая фишка/стейбл,37380.343,37380.343,6637.6312,116730.5033,43.7739,2.4305,6.1061,14.4103,,,6.1061,0.0,0,,,,3.2152,,0.1776,0.4461,,,,,,,,,,7,,,,,,,,,,,,,,,,,True
8453:0x5c61858ce15cac9844b77967cfd0bcb794bc7584,Base,Uniswap v3,uniswapv3,0x5c61858ce15cac9844b77967cfd0bcb794bc7584,USDC/KGEN,USDC,KGEN,0.3,Альт/мем (long-tail),36545.8293,36545.8293,4085.9376,60608.2698,151.5207,10.202,21.6187,27.6253,,,21.6187,0.0,0,,,,,,0.1118,0.2369,,,,,,,,,,8,,,,,,,,,,,,,,,,,True
8453:0x39f44f152b989575f31366ad60c31bfe96f1bef5,Base,Uniswap v3,uniswapv3,0x39f44f152b989575f31366ad60c31bfe96f1bef5,CBETH/SPX,CBETH,SPX,0.3,Крупный альт,35452.0635,35452.0635,1069.1103,10136.4452,25.3411,2.7518,3.7272,6.0196,,,3.7272,0.0,0,,,,3.3011,,0.0302,0.0408,,,,,,,,,,7,,,,,,,,,,,,,,,,,True
8453:0x224a5d3f2155f2f85af70b6d72aea61a15273ff4,Base,Uniswap v3,uniswapv3,0x224a5d3f2155f2f85af70b6d72aea61a15273ff4,WETH/LINK,WETH,LINK,0.3,Крупный альт,34592.2538,34592.2538,10832.8269,127928.394,319.821,28.5756,48.2084,32.9878,,,32.9878,0.0,0,,,,34.3065,,0.3132,0.5283,,,,,,,,,,7,,,,,,,,,,,,,,,,,True
8453:0xc9289a5ef42eafa9e07665fcacf46127495cc222,Base,Uniswap v3,uniswapv3,0xc9289a5ef42eafa9e07665fcacf46127495cc222,WBTC/WETH,WBTC,WETH,0.3,ETH/BTC,33681.4036,33681.4036,1009.2511,14086.7987,35.217,2.7343,5.452,8.8157,,,5.452,0.0,0,,,,7.4704,,0.03,0.0597,,,,,,,,,,7,,,,,,,,,,,,,,,,,True
8453:0x72c12f0cc0e0c6e97ff9869717a482aff97e3b30,Base,Uniswap v3,uniswapv3,0x72c12f0cc0e0c6e97ff9869717a482aff97e3b30,WETH/GITLAWB,WETH,GITLAWB,1.0,Альт/мем (long-tail),33582.8212,33582.8212,13347.1674,385714.7807,3214.2898,120.8881,499.0714,669.6923,,,499.0714,0.0,0,,,,148.3461,,0.3974,1.6408,,,,,,,,,,8,,,,,,,,,,,,,,,,высокий APR на микро-TVL,True
8453:0x6db8d9d795c053ad0fd24723320e47b2a21c3dc1,Base,Uniswap v3,uniswapv3,0x6db8d9d795c053ad0fd24723320e47b2a21c3dc1,USDGLO/USDC,USDGLO,USDC,0.05,Альт/мем (long-tail),33334.2648,33334.2648,13617.6869,54382.97,20.3936,5.5916,3.19,2.2115,,,2.2115,0.0,0,,,,,,0.4085,0.2331,,,,,,,,,,8,,,,,,,,,,,,,,,,,True
8453:0x634625cefbc8894be1a97d76f3ea0fedd61f1c8c,Base,Uniswap v3,uniswapv3,0x634625cefbc8894be1a97d76f3ea0fedd61f1c8c,WETH/WXTZ,WETH,WXTZ,0.05,Альт/мем (long-tail),32600.869,32600.869,2205.6091,17384.2557,6.5191,0.926,1.0427,2.1549,,,1.0427,0.0,0,,,,,,0.0677,0.0762,,,,,,,,,,8,,,,,,,,,,,,,,,,,True
8453:0x04f0c5d0e2fc9329f08e0112a37d7d9b7cff1043,Base,Uniswap v3,uniswapv3,0x04f0c5d0e2fc9329f08e0112a37d7d9b7cff1043,WETH/AVNT,WETH,AVNT,1.0,Альт/мем (long-tail),32068.7357,32068.7357,1895.7639,12646.5274,105.3877,17.981,17.1357,22.4049,,,17.1357,0.0,0,,,,20.9866,,0.0591,0.0563,,,,,,,,,,8,,,,,,,,,,,,,,,,,True
8453:0xc787ff6f332ee11b2c24fd8c112ac155f95b14ab,Base,Uniswap v3,uniswapv3,0xc787ff6f332ee11b2c24fd8c112ac155f95b14ab,WETH/ESX,WETH,ESX,0.3,Альт/мем (long-tail),31548.0268,31548.0268,3914.3812,30933.6389,77.3341,11.322,12.7818,17.8612,,,12.7818,0.0,0,,,,13.5816,,0.1241,0.1401,,,,,,,,,,8,,,,,,,,,,,,,,,,,True
8453:0xef0a856b572108ef0ad9dac10580811939ca3bb7,Base,Uniswap v3,uniswapv3,0xef0a856b572108ef0ad9dac10580811939ca3bb7,GROOVE/WETH,GROOVE,WETH,1.0,Альт/мем (long-tail),31276.1883,31276.1883,3083.6869,82366.4512,686.3871,29.9894,114.4327,38.3879,,,38.3879,0.0,0,,,,36.8891,,0.0986,0.3762,,,,,,,,,,8,,,,,,,,,,,,,,,,,True
8453:0x77708eef0bb95a6a20c208997a90a1038102f546,Base,Uniswap v3,uniswapv3,0x77708eef0bb95a6a20c208997a90a1038102f546,WETH/SYRUP,WETH,SYRUP,1.0,Альт/мем (long-tail),30913.6508,30913.6508,2833.6068,26303.1956,219.1933,27.8805,36.9719,23.7384,,,23.7384,0.0,0,,,,33.2887,,0.0917,0.1216,,,,,,,,,,8,,,,,,,,,,,,,,,,,True
8453:0xd92e0767473d1e3ff11ac036f2b1db90ad0ae55f,Base,Uniswap v3,uniswapv3,0xd92e0767473d1e3ff11ac036f2b1db90ad0ae55f,WETH/USDT,WETH,USDT,0.05,Голубая фишка/стейбл,30128.1772,30128.1772,13158.6188,162664.3616,60.9991,5.9781,10.5571,15.7035,,,10.5571,0.0,0,,,,7.9141,,0.4368,0.7713,,,,,,,,,,7,,,,,,,,,,,,,,,,,True
8453:0x9a49ea9b3bcb04be0f49e6c8344aef9e1842ffc7,Base,Uniswap v3,uniswapv3,0x9a49ea9b3bcb04be0f49e6c8344aef9e1842ffc7,WETH/WBC,WETH,WBC,1.0,Альт/мем (long-tail),29318.4536,29318.4536,3442.9007,17230.5524,143.5879,35.7186,25.5371,15.2545,,,15.2545,0.0,0,,,,69.1838,,0.1174,0.084,,,,,,,,,,8,,,,,,,,,,,,,,,,,True
8453:0xbcf23f30a90f6d7c288facdc932ff8f8b68b0f30,Base,Uniswap v3,uniswapv3,0xbcf23f30a90f6d7c288facdc932ff8f8b68b0f30,WETH/SURPLUS,WETH,SURPLUS,1.0,Альт/мем (long-tail),29106.3992,29106.3992,41015.3431,345448.3198,2878.736,428.6171,515.7131,456.6817,,,456.6817,0.0,0,,,,532.9713,,1.4092,1.6955,,,,,,,,,,8,,,,,,,,,,,,,,,,высокий APR на микро-TVL,True
8453:0x9f0a786a55a06c2cbafac2d6f329ba2f1ef573f4,Base,Uniswap v3,uniswapv3,0x9f0a786a55a06c2cbafac2d6f329ba2f1ef573f4,OL/USDC,OL,USDC,0.3,Альт/мем (long-tail),27355.1271,27355.1271,7930.0745,49707.7725,124.2694,26.4528,23.6876,56.4608,,,23.6876,0.0,0,,,,13.8158,,0.2899,0.2596,,,,,,,,,,8,,,,,,,,,,,,,,,,,True
8453:0x8672512821ddce7b00c4ec1b98041e3a34f4719e,Base,Uniswap v3,uniswapv3,0x8672512821ddce7b00c4ec1b98041e3a34f4719e,WETH/TONCOIN,WETH,TONCOIN,0.3,Альт/мем (long-tail),26578.4581,26578.4581,1236.5356,46509.5733,116.2739,4.2453,22.8112,7.4197,,,7.4197,0.0,0,,,,,,0.0465,0.25,,,,,,,,,,8,,,,,,,,,,,,,,,,,True
8453:0x691d8ce0bea7b6b8e8f67043bbe21e52c41f64d4,Base,Uniswap v3,uniswapv3,0x691d8ce0bea7b6b8e8f67043bbe21e52c41f64d4,WINC2.0/USDC,WINC2.0,USDC,0.3,Альт/мем (long-tail),26546.1173,26546.1173,77151.757,77151.757,192.8794,265.2025,37.8861,8.8401,,,8.8401,0.0,0,,,,,,2.9063,0.4152,,,,,,,,,,8,,,,,,,,,,,,,,,,высокий APR на микро-TVL; разовый всплеск объёма,True
8453:0xd570ebae8f9ccc8d3b8b3f333dec4eba21e46110,Base,Uniswap v3,uniswapv3,0xd570ebae8f9ccc8d3b8b3f333dec4eba21e46110,USDC/HIMSC,USDC,HIMSC,1.0,Токенизир. акции,26435.7057,26435.7057,87238.7097,193763.1672,1614.693,1003.7601,318.4886,74.314,,,74.314,0.0,0,,,,,,3.3,1.0471,,,,,,,,,,7,,,,,,,,,,,,,,,,высокий APR на микро-TVL; разовый всплеск объёма,True
8453:0x53de9076c5f73bc823a6c343d199864f74102752,Base,Uniswap v3,uniswapv3,0x53de9076c5f73bc823a6c343d199864f74102752,USDC/PROPS,USDC,PROPS,0.3,Альт/мем (long-tail),26282.8664,26282.8664,1724.7108,8221.1284,20.5528,5.9879,4.0775,8.9393,,,4.0775,0.0,0,,,,,,0.0656,0.0447,,,,,,,,,,8,,,,,,,,,,,,,,,,,True
8453:0x824ed9d2f9ca65636eba5a89d3bc3c9fe7cc3f9a,Base,Uniswap v3,uniswapv3,0x824ed9d2f9ca65636eba5a89d3bc3c9fe7cc3f9a,USDC/CBZEC,USDC,CBZEC,1.0,Альт/мем (long-tail),23796.248,23796.248,5686.6683,98872.4982,823.9375,72.6877,180.543,287.8865,,,180.543,0.0,0,,,,,,0.239,0.5936,,,,,,,,,,8,,,,,,,,,,,,,,,,,True
8453:0xb71f09af2c373225cab7a69b26c63b3e557610cd,Base,Uniswap v3,uniswapv3,0xb71f09af2c373225cab7a69b26c63b3e557610cd,VVV/USDT,VVV,USDT,0.3,Крупный альт,23509.5482,23509.5482,21408.2935,193880.3703,484.701,83.0942,107.5039,118.4587,,,107.5039,0.0,0,,,,,,0.9106,1.1781,,,,,,,,,,7,,,,,,,,,,,,,,,,,True
8453:0x4587df381022922f6622f9096c22e754bcf27b4f,Base,Uniswap v3,uniswapv3,0x4587df381022922f6622f9096c22e754bcf27b4f,ZRO/USDC,ZRO,USDC,1.0,Крупный альт,23247.0456,23247.0456,3066.1774,49690.3202,414.086,40.1182,92.879,50.5703,,,50.5703,0.0,0,,,,47.904,,0.1319,0.3054,,,,,,,,,,7,,,,,,,,,,,,,,,,,True
8453:0x714f049cac863036f207a8bd6b283f822f61d079,Base,Uniswap v3,uniswapv3,0x714f049cac863036f207a8bd6b283f822f61d079,AERO/CBBTC,AERO,CBBTC,0.3,Крупный альт,23124.7084,23124.7084,25057.8771,144451.9949,361.13,98.8783,81.4296,60.9086,,,60.9086,0.0,0,,,,,,1.0836,0.8924,,,,,,,,,,7,,,,,,,,,,,,,,,,,True
8453:0x61e715f97a76e3ebe2282a309a4ffeb61ea22971,Base,Uniswap v3,uniswapv3,0x61e715f97a76e3ebe2282a309a4ffeb61ea22971,TRUE/WETH,TRUE,WETH,0.3,Альт/мем (long-tail),23062.1296,23062.1296,5346.9518,26387.4489,65.9686,21.1563,14.9153,93.6304,,,14.9153,0.0,0,,,,,,0.2318,0.1635,,,,,,,,,,8,,,,,,,,,,,,,,,,,True
8453:0xa0ca5bebc42cdbf3623b1c09206ae4e3975b0fc7,Base,Uniswap v3,uniswapv3,0xa0ca5bebc42cdbf3623b1c09206ae4e3975b0fc7,ZORA/WETH,ZORA,WETH,0.3,Крупный альт,23016.584,23016.584,18386.7502,82178.9775,205.4474,72.8949,46.543,38.2471,,,38.2471,0.0,0,,,,86.742,,0.7988,0.5101,,,,,,,,,,7,,,,,,,,,,,,,,,,,True
8453:0x96e727835c5ec965aae8cbbad34901e3be33befb,Base,Uniswap v3,uniswapv3,0x96e727835c5ec965aae8cbbad34901e3be33befb,WETH/NPC,WETH,NPC,1.0,Альт/мем (long-tail),22971.4027,22971.4027,1632.9139,22098.8724,184.1573,21.6216,41.8019,45.899,,,41.8019,0.0,0,,,,25.9655,,0.0711,0.1374,,,,,,,,,,8,,,,,,,,,,,,,,,,,True
8453:0x75fb62aa7d072a6a96692b207278a760e5df42cc,Base,Uniswap v3,uniswapv3,0x75fb62aa7d072a6a96692b207278a760e5df42cc,CLANKER/WETH,CLANKER,WETH,0.3,Крупный альт,22063.6976,22063.6976,1624.364,31718.9031,79.2973,6.718,18.7402,39.6862,,,18.7402,0.0,0,,,,8.0244,,0.0736,0.2054,,,,,,,,,,7,,,,,,,,,,,,,,,,,True
8453:0x10e16cd8d56d3f7a658c700be9ceffdaa3aaa337,Base,Uniswap v3,uniswapv3,0x10e16cd8d56d3f7a658c700be9ceffdaa3aaa337,VIRTUAL/NEUY,VIRTUAL,NEUY,1.0,Альт/мем (long-tail),188.882,21752.8851,20809.4228,130949.8764,1091.249,33510.5202,30125.0783,28665.603,,,28665.603,0.0,0,,,,,,110.1716,99.0414,,,,,,,,,,9,,,,,,,,,,,,,,,,цена альта не подтверждена; высокий APR на микро-TVL; объём/TVL > 10 (wash/MEV?),True
8453:0x60661b315553eb81872deea9a66d567cf0ccd33b,Base,Uniswap v3,uniswapv3,0x60661b315553eb81872deea9a66d567cf0ccd33b,USDC/NVDAC,USDC,NVDAC,0.3,Токенизир. акции,21634.4377,21634.4377,1994.6473,46208.9389,115.5223,8.413,27.8429,50.7657,,,27.8429,0.0,0,,,,,,0.0922,0.3051,,,,,,,,,,7,,,,,,,,,,,,,,,,,True
8453:0xc1f330e0cf5d35d452c6be1bd28d89ec31dbf462,Base,Uniswap v3,uniswapv3,0xc1f330e0cf5d35d452c6be1bd28d89ec31dbf462,USDC/GNS,USDC,GNS,0.3,Альт/мем (long-tail),21123.466,21123.466,1458.0519,19165.9683,47.9149,6.2986,11.8277,5.8303,,,5.8303,0.0,0,,,,,,0.069,0.1296,,,,,,,,,,8,,,,,,,,,,,,,,,,,True
8453:0xa567b694ef655ed10c2a6b89959e86fefde2a3b7,Base,Uniswap v3,uniswapv3,0xa567b694ef655ed10c2a6b89959e86fefde2a3b7,ICP/WETH,ICP,WETH,1.0,Крупный альт,21013.9851,21013.9851,6076.5486,43596.5082,363.3042,87.9549,90.1482,49.1025,,,49.1025,0.0,0,,,,,,0.2892,0.2964,,,,,,,,,,7,,,,,,,,,,,,,,,,,True
8453:0xdf4ab08a3a45653ebff3952f876e921e3b64c395,Base,Uniswap v3,uniswapv3,0xdf4ab08a3a45653ebff3952f876e921e3b64c395,USDC/GPU,USDC,GPU,0.3,Альт/мем (long-tail),20040.4805,20040.4805,1098.3395,32356.4441,80.8911,5.001,21.0469,26.6214,,,21.0469,0.0,0,,,,,,0.0548,0.2307,,,,,,,,,,8,,,,,,,,,,,,,,,,,True
8453:0xe36596c7e186eb7fbb2f355b4ad18f29aa7bf282,Base,Uniswap v3,uniswapv3,0xe36596c7e186eb7fbb2f355b4ad18f29aa7bf282,WETH/TOBY,WETH,TOBY,1.0,Альт/мем (long-tail),19982.0965,19982.0965,1764.3525,3496.9063,29.1409,26.8569,7.6043,10.7433,,,7.6043,0.0,0,,,,31.4566,,0.0883,0.025,,,,,,,,,,8,,,,,,,,,,,,,,,,,True
8453:0x2ef682177554f616fae331796ebbfbf835e9ed3b,Base,Uniswap v3,uniswapv3,0x2ef682177554f616fae331796ebbfbf835e9ed3b,WETH/REPPO,WETH,REPPO,1.0,Альт/мем (long-tail),18825.2549,18825.2549,16419.0313,101110.3284,842.5861,265.2884,233.3825,453.659,,,233.3825,0.0,0,,,,319.3227,,0.8722,0.7673,,,,,,,,,,8,,,,,,,,,,,,,,,,высокий APR на микро-TVL,True
8453:0xc18f50d6a832f12f6dcaaeee8d0c87a65b96787e,Base,Uniswap v3,uniswapv3,0xc18f50d6a832f12f6dcaaeee8d0c87a65b96787e,DAI/USDC,DAI,USDC,0.01,Стейбл/стейбл,17309.3074,17309.3074,84426.0891,242010.1268,18.1508,13.3521,5.4678,2.574,,,2.574,0.0,0,,,,,,4.8775,1.9974,,,,,,,,,,7,,,,,,,,,,,,,,,,разовый всплеск объёма,True
8453:0xbc1845822894fba85a74b6a334c760aefdceb23c,Base,Uniswap v3,uniswapv3,0xbc1845822894fba85a74b6a334c760aefdceb23c,AIUSD/USDC,AIUSD,USDC,0.01,Альт/мем (long-tail),17186.167,17186.167,10849.4293,77779.2928,5.8334,1.7282,1.7699,1.8567,,,1.7699,0.0,0,,,,,,0.6313,0.6465,,,,,,,,,,8,,,,,,,,,,,,,,,,,True
8453:0x2c162dbe1132a099a15f66a04bebad4d477ed865,Base,Uniswap v3,uniswapv3,0x2c162dbe1132a099a15f66a04bebad4d477ed865,ICP/WETH,ICP,WETH,0.04,Крупный альт,16729.7759,16729.7759,36151.5535,273016.1516,81.9048,23.662,25.5279,20.2408,,,20.2408,0.0,0,,,,,,2.1609,2.3313,,,,,,,,,,7,,,,,,,,,,,,,,,,,True
8453:0x22f9623817f152148b4e080e98af66fbe9c5adf8,Base,Uniswap v3,uniswapv3,0x22f9623817f152148b4e080e98af66fbe9c5adf8,DAI/USDBC,DAI,USDBC,0.01,Стейбл/стейбл,15891.2549,15891.2549,17912.1113,50827.4617,3.8121,3.0856,1.2508,1.1715,,,1.1715,0.0,0,,,,,,1.1272,0.4569,,,,,,,,,,7,,,,,,,,,,,,,,,,,True
8453:0x2ec40480360b60f4ebca488fbe53d4922a82cee8,Base,Uniswap v3,uniswapv3,0x2ec40480360b60f4ebca488fbe53d4922a82cee8,WETH/ETHX,WETH,ETHX,0.01,"Коррелир. (ETH/LST, BTC/BTC)",15823.4335,15823.4335,2302.2021,129618.3299,9.7214,0.3983,3.2035,1.6168,,,1.6168,0.0,0,,,,,,0.1455,1.1702,,,,,,,,,,7,,,,,,,,,,,,,,,,,True
8453:0xdf2a293779d9134bf8587d692eddda1c601545e9,Base,Uniswap v3,uniswapv3,0xdf2a293779d9134bf8587d692eddda1c601545e9,EGG/WETH,EGG,WETH,1.0,Альт/мем (long-tail),505.4624,14646.3113,39511.8397,39511.8397,329.2653,23776.616,3396.6594,792.5539,,,792.5539,0.0,0,,,,,,78.1697,11.1671,,,,,,,,,,9,,,,,,,,,,,,,,,,цена альта не подтверждена; высокий APR на микро-TVL; разовый всплеск объёма; объём/TVL > 10 (wash/MEV?),True
8453:0xa61906ed1996ab28c37a41ca1df2c16b4c1e9f5a,Base,Uniswap v3,uniswapv3,0xa61906ed1996ab28c37a41ca1df2c16b4c1e9f5a,MEOW/WETH,MEOW,WETH,1.0,Альт/мем (long-tail),14510.3309,14510.3309,1118.6414,4707.6311,39.2303,23.449,14.0974,44.8428,,,14.0974,0.0,0,,,,0.8159,,0.0771,0.0463,,,,,,,,,,8,,,,,,,,,,,,,,,,,True
8453:0x41fd11e5997fbc144418fd2f1b5d9d9b45a94e32,Base,Uniswap v3,uniswapv3,0x41fd11e5997fbc144418fd2f1b5d9d9b45a94e32,WETH/ZRO,WETH,ZRO,1.0,Крупный альт,13789.7787,13789.7787,1356.356,24120.3279,201.0027,29.9177,76.0045,47.1245,,,47.1245,0.0,0,,,,35.69,,0.0984,0.2499,,,,,,,,,,7,,,,,,,,,,,,,,,,,True
8453:0x330e535c40eb49cc186496f061052fcf814d68cb,Base,Uniswap v3,uniswapv3,0x330e535c40eb49cc186496f061052fcf814d68cb,WETH/CRV,WETH,CRV,1.0,Крупный альт,13599.5781,13599.5781,1182.8188,20112.5786,167.6048,26.4548,64.2622,53.5362,,,53.5362,0.0,0,,,,,,0.087,0.2113,,,,,,,,,,7,,,,,,,,,,,,,,,,,True
8453:0xdc9bf303e72a5780c45d53fc12799164e5ba8271,Base,Uniswap v3,uniswapv3,0xdc9bf303e72a5780c45d53fc12799164e5ba8271,ALB/WETH,ALB,WETH,1.0,Альт/мем (long-tail),12844.0711,12844.0711,1988.0979,17703.6041,147.53,47.0811,59.8925,62.8522,,,59.8925,0.0,0,,,,56.7319,,0.1548,0.1969,,,,,,,,,,8,,,,,,,,,,,,,,,,,True
8453:0x5768a22ca5d66039bfc74cf097a3149cd2b15ff7,Base,Uniswap v3,uniswapv3,0x5768a22ca5d66039bfc74cf097a3149cd2b15ff7,WETH/RARI,WETH,RARI,0.3,Альт/мем (long-tail),12666.9899,12666.9899,6930.5886,8183.8619,20.4597,49.9263,8.4221,6.7937,,,6.7937,0.0,0,,,,,,0.5471,0.0923,,,,,,,,,,8,,,,,,,,,,,,,,,,разовый всплеск объёма,True
8453:0x8634ee4145a63e40e44e12a6bb1b905fcb8856a6,Base,Uniswap v3,uniswapv3,0x8634ee4145a63e40e44e12a6bb1b905fcb8856a6,USDC/GOOGLC,USDC,GOOGLC,0.3,Токенизир. акции,12114.2728,12114.2728,1098.7953,38807.7,97.0193,8.2766,41.7595,25.3395,,,25.3395,0.0,0,,,,,,0.0907,0.4576,,,,,,,,,,7,,,,,,,,,,,,,,,,,True
8453:0x06959273e9a65433de71f5a452d529544e07ddd0,Base,Uniswap v3,uniswapv3,0x06959273e9a65433de71f5a452d529544e07ddd0,USDC/USDBC,USDC,USDBC,0.01,Стейбл/стейбл,12028.404,12028.404,2063.6647,51574.1372,3.8681,0.4697,1.6768,1.2339,,,1.2339,0.0,0,,,,0.6176,,0.1716,0.6125,,,,,,,,,,7,,,,,,,,,,,,,,,,,True
8453:0x4c1408aa015a7108cb03242aee80e8b6e5c8dd7d,Base,Uniswap v3,uniswapv3,0x4c1408aa015a7108cb03242aee80e8b6e5c8dd7d,USDC/XTTA,USDC,XTTA,0.01,Альт/мем (long-tail),11890.0202,11890.0202,1071.6304,15358.8944,1.1519,0.2467,0.5052,0.3657,,,0.3657,0.0,0,,,,,,0.0901,0.1845,,,,,,,,,,8,,,,,,,,,,,,,,,,,True
8453:0xe47f7dba68a00dc1a6f11458bcdfca810e1cfebf,Base,Uniswap v3,uniswapv3,0xe47f7dba68a00dc1a6f11458bcdfca810e1cfebf,USDC/ROLL,USDC,ROLL,0.3,Альт/мем (long-tail),11761.3494,11761.3494,3512.9076,17762.1833,44.4055,27.2548,19.6868,69.3688,,,19.6868,0.0,0,,,,,,0.2987,0.2157,,,,,,,,,,8,,,,,,,,,,,,,,,,,True
8453:0xd64e7bf24ee5cc10b5ab92525d256300ad3fb81e,Base,Uniswap v3,uniswapv3,0xd64e7bf24ee5cc10b5ab92525d256300ad3fb81e,DAI/USDT,DAI,USDT,0.01,Стейбл/стейбл,11277.1977,11277.1977,19959.6062,91292.3784,6.8469,4.8451,3.1658,2.3904,,,2.3904,0.0,0,,,,,,1.7699,1.1565,,,,,,,,,,7,,,,,,,,,,,,,,,,,True
8453:0x6ab2e91b763f50ae3d313b311a417b50cbec08f7,Base,Uniswap v3,uniswapv3,0x6ab2e91b763f50ae3d313b311a417b50cbec08f7,RIZ/USDC,RIZ,USDC,1.0,Альт/мем (long-tail),10986.3982,10986.3982,5728.4024,27398.9371,228.3245,158.5951,108.3657,56.22,,,56.22,0.0,0,,,,,,0.5214,0.3563,,,,,,,,,,8,,,,,,,,,,,,,,,,высокий APR на микро-TVL,True
8453:0xac2733cbba38dff6fd94c7a751f3c26a3f10b1bc,Base,Uniswap v3,uniswapv3,0xac2733cbba38dff6fd94c7a751f3c26a3f10b1bc,USDC/CHECK,USDC,CHECK,1.0,Альт/мем (long-tail),923.3441,10650.9808,4040.7168,11630.9357,96.9245,1331.0871,547.3494,682.2598,,,547.3494,0.0,0,,,,,,4.3762,1.7995,,,,,,,,,,9,,,,,,,,,,,,,,,,цена альта не подтверждена; высокий APR на микро-TVL,True
8453:0x60135e8ec8b5075bc30e143dfe732de30e68540d,Base,Uniswap v3,uniswapv3,0x60135e8ec8b5075bc30e143dfe732de30e68540d,USDGLO/USDC,USDGLO,USDC,0.01,Альт/мем (long-tail),561.4592,10502.6448,1114.4574,1566.0541,0.1175,5.4338,1.0908,0.5142,,,0.5142,0.0,0,,,,,,1.9849,0.3985,,,,,,,,,,9,,,,,,,,,,,,,,,,цена альта не подтверждена; разовый всплеск объёма,True
8453:0x4145081ed6d66cd4133f403fee17625862ade34b,Base,Uniswap v3,uniswapv3,0x4145081ed6d66cd4133f403fee17625862ade34b,WETH/SPX,WETH,SPX,0.3,Крупный альт,10284.2084,10284.2084,11688.9756,57648.037,144.1201,103.7143,73.0716,102.859,,,73.0716,0.0,0,,,,8.03,,1.1366,0.8008,,,,,,,,,,7,,,,,,,,,,,,,,,,высокий APR на микро-TVL,True
8453:0x34e3334e845d101205394e0bd8821fddc7cd5559,Base,Aerodrome Slipstream,aerodromecl2,0x34e3334e845d101205394e0bd8821fddc7cd5559,WETH/REI,WETH,REI,1.0,Альт/мем (long-tail),1820645.511,1820645.511,219642.3126,558809.6583,5588.0966,44.0335,16.0042,21.2127,25.3147,7.1077,16.0042,0.0,0,,,,0.0454,0,0.1206,0.0438,1.3454,1.2451,22.6263,,,,-343.8992,True,-42.9874,8,0.8074,0.09,1.7672,-10.1108,17.9565,170.5622,-0.3399,-11.2226,-42.6274,104.6067,60570.3571,219351.4309,90.0,1822502.1653,-0.1019,,True
8453:0x8bb9eaf3c5a906d20c4cc10ea2f73a3ac2d5d41a,Base,Aerodrome Slipstream,aerodromecl2,0x8bb9eaf3c5a906d20c4cc10ea2f73a3ac2d5d41a,CBETH/CBBTC,CBETH,CBBTC,0.033,ETH/BTC,1202439.9325,1202439.9325,2764608.6993,22614238.354,7458.3955,28.4175,32.3427,43.1939,29.7009,16.2908,29.7009,61.0462,2011.0789,AERO,0.9999,61.0516,28.0443,280.2076,2.2992,2.6867,0.217,0.2517,0.5884,,,,-71.5908,True,-23.8636,3,0.5719,0.2942,-22.8077,99.5601,2.8524,13.4458,-0.0099,-0.1986,-6.0432,10.8995,0.0313,0.0378,90.0,1185421.4153,1.4357,,True
8453:0xbe762d548f8ca86a78e9da6e3ddc87f91457e398,Base,Aerodrome Slipstream,aerodromecl2,0xbe762d548f8ca86a78e9da6e3ddc87f91457e398,ICP/WETH,ICP,WETH,0.05,Крупный альт,722675.7178,722675.7178,369907.1477,5970879.6563,2985.4398,9.3414,21.5407,23.6953,12.9214,4.7675,12.9214,16.4772,326.2368,AERO,,,9.4363,379.6529,0.5119,1.1803,0.65,0.6429,5.2816,,,,-127.9204,True,-21.3201,6,0.7164,0.2454,19.8169,78.3136,13.6479,-2.9627,-0.2042,-0.0113,-30.2457,20.8972,0.0009,0.0014,90.0,,,,True
8453:0x9e48d016ee76cf53e2de8dc8058c7549c8c202df,Base,Aerodrome Slipstream,aerodromecl2,0x9e48d016ee76cf53e2de8dc8058c7549c8c202df,HYPE/WETH,HYPE,WETH,0.05,Альт/мем (long-tail),533745.976,533745.976,1277163.0557,11330406.2884,5665.2032,43.6691,55.3447,55.6095,80.6091,46.9391,55.3447,76.9995,1125.9772,AERO,,,43.551,353.6884,2.3928,3.0326,0.509,0.5825,3.2382,,,,3.8367,True,0.6395,6,0.7221,0.3921,22.0276,425.9852,-0.6089,-14.636,-0.0005,-0.3122,-31.8711,24.2775,0.0276,0.0405,90.0,,,,True
8453:0xe2b182796518e76845f46ccdc522495d81630d14,Base,Aerodrome Slipstream,aerodromecl2,0xe2b182796518e76845f46ccdc522495d81630d14,USDC/EDEL,USDC,EDEL,0.3,Альт/мем (long-tail),514409.4133,514409.4133,1335289.7231,7350824.6343,22052.4739,284.2371,223.5338,88.8628,17.209,4.93,17.209,6.3968,90.1533,AERO,,,327.9597,62.8184,2.5958,2.0414,2.6008,2.3048,84.5524,,,,-1327.7192,True,-147.5244,9,2.0619,1.7795,16838.6825,13228.5672,-78.3643,-74.769,-23.5188,-19.7795,-88.9317,102.5206,19.9747,180.4677,90.0,512250.2695,0.4215,,True
8453:0xf0d64b4fe5d2619a3adbe2734ad0584fc54bed88,Base,Aerodrome Slipstream,aerodromecl2,0xf0d64b4fe5d2619a3adbe2734ad0584fc54bed88,USDL/USDC,USDL,USDC,0.05,Альт/мем (long-tail),386026.3062,386026.3062,9539.2214,122737.7183,61.3689,0.451,0.8289,1.0627,,,0.8289,0.0,0,,,,,,0.0247,0.0454,,,,,,,,,,7,,,,,,,,,,,,,,,,,True
8453:0x659be70647b0f63217d60e077f4417b1ecc65064,Base,Aerodrome Slipstream,aerodromecl2,0x659be70647b0f63217d60e077f4417b1ecc65064,FUN/USDC,FUN,USDC,0.038,Альт/мем (long-tail),321628.5827,321628.5827,143091.0668,1471854.5332,1783.7385,15.9749,28.9182,16.6142,,,16.6142,5.0639,44.6214,AERO,,,34.2796,1027.7452,0.4449,0.6538,,,,,,,,,,7,,,,,,,,,,,,,,,,,True
8453:0x17f707cf3edbbd5d9251d4bcdf9ad70a247d7b84,Base,Aerodrome Slipstream,aerodromecl2,0x17f707cf3edbbd5d9251d4bcdf9ad70a247d7b84,TRUST/USDC,TRUST,USDC,0.065,Альт/мем (long-tail),288161.689,288161.689,17525.5521,215928.7939,235.3297,1.5916,4.2583,6.1717,,,4.2583,0.0,0,,,,1.0494,0,0.0608,0.107,,,,,,,,,,7,,,,,,,,,,,,,,,,,True
8453:0xfcda5ab6bbc1fe5b8e1a185e86bb5f24b12e2278,Base,Aerodrome Slipstream,aerodromecl2,0xfcda5ab6bbc1fe5b8e1a185e86bb5f24b12e2278,USDC/CBBTC,USDC,CBBTC,0.1592,Голубая фишка/стейбл,248430.9007,248430.9007,82859.3608,930753.5546,1422.6436,19.2398,29.8597,52.679,,,29.8597,33.5048,228.0447,AERO,,,17.6866,18.4598,0.3335,0.5352,,,,,,,,,,7,,,,,,,,,,,,,,,,,True
8453:0xd4dc229a997a73e86c13e3ce8019be02cd4827a6,Base,Aerodrome Slipstream,aerodromecl2,0xd4dc229a997a73e86c13e3ce8019be02cd4827a6,USDC/TOWER,USDC,TOWER,0.25,Альт/мем (long-tail),234601.986,234601.986,2760.2604,23487.5977,58.719,1.0736,1.3051,1.3764,,,1.3051,29.846,191.8337,AERO,,,1.0729,38.7539,0.0118,0.0143,,,,,,,,,,8,,,,,,,,,,,,,,,,доход держится на эмиссии,True
8453:0x99fb961b5f8d5bf137976ba50cf6999546b0503f,Base,Aerodrome Slipstream,aerodromecl2,0x99fb961b5f8d5bf137976ba50cf6999546b0503f,TGBP/USDC,TGBP,USDC,0.05,Альт/мем (long-tail),173067.458,173067.458,5678.4597,69076.6018,34.5383,0.5988,1.0406,1.7736,,,1.0406,0.2097,0.9944,AERO,,,0.7908,45.7811,0.0328,0.057,,,,,,,,,,8,,,,,,,,,,,,,,,,,True
8453:0x98637c29abc801001c63fb0e3b94f27a65b610ac,Base,Aerodrome Slipstream,aerodromecl2,0x98637c29abc801001c63fb0e3b94f27a65b610ac,WETH/USDL,WETH,USDL,0.05,Альт/мем (long-tail),170773.6103,170773.6103,36498.1534,443482.6271,221.7414,3.9004,6.7705,8.7411,,,6.7705,0.0,0,,,,,,0.2137,0.371,,,,,,,,,,8,,,,,,,,,,,,,,,,,True
8453:0x56aeaf4af2df4bdfd9d865830fefdd278b25e7ef,Base,Aerodrome Slipstream,aerodromecl2,0x56aeaf4af2df4bdfd9d865830fefdd278b25e7ef,WETH/USDC,WETH,USDC,2.0,Голубая фишка/стейбл,169626.1093,169626.1093,8180.3069,96377.9056,1927.5581,35.2046,59.2529,145.5289,,,59.2529,0.0,0,,,,42.3244,0,0.0482,0.0812,,,,,,,,,,7,,,,,,,,,,,,,,,,,True
8453:0xbe4c36b9542610df83ca690c8b5bc53bbbc5d542,Base,Aerodrome Slipstream,aerodromecl2,0xbe4c36b9542610df83ca690c8b5bc53bbbc5d542,USDC/LMTS,USDC,LMTS,0.05,Альт/мем (long-tail),161087.5522,161087.5522,215277.3013,1546141.1588,773.0706,24.3893,25.0237,29.3166,,,25.0237,0.0,0,,,,24.254,0,1.3364,1.3712,,,,,,,,,,8,,,,,,,,,,,,,,,,,True
8453:0x51663b8a28e7ea197c5ccf983afc084da0a8023d,Base,Aerodrome Slipstream,aerodromecl2,0x51663b8a28e7ea197c5ccf983afc084da0a8023d,RAVE/USDC,RAVE,USDC,0.3,Альт/мем (long-tail),152482.8688,152482.8688,19989.0638,523412.2753,1570.2368,14.3544,53.6956,79.4675,,,53.6956,32.61,136.2321,AERO,,,10.3921,20.7434,0.1311,0.4904,,,,,,,,,,8,,,,,,,,,,,,,,,,,True
8453:0x3083b87e8b9909cf659d96473bc61377a7603f77,Base,Aerodrome Slipstream,aerodromecl2,0x3083b87e8b9909cf659d96473bc61377a7603f77,PEPTAI/USDC,PEPTAI,USDC,1.0,Альт/мем (long-tail),117514.7034,117514.7034,10918.424,85425.1088,854.2511,33.9126,37.9043,37.5863,,,37.5863,0.0,0,,,,,,0.0929,0.1038,,,,,,,,,,8,,,,,,,,,,,,,,,,,True
8453:0x8c95437c3decd2d9d93dd5c53232426181e31214,Base,Aerodrome Slipstream,aerodromecl2,0x8c95437c3decd2d9d93dd5c53232426181e31214,EURC/0XOF,EURC,0XOF,0.01,Альт/мем (long-tail),86814.8348,86814.8348,3438.9517,36658.8213,3.6659,0.1446,0.2202,0.1541,,,0.1541,0.0,0,,,,,,0.0396,0.0603,,,,,,,,,,8,,,,,,,,,,,,,,,,,True
8453:0x6b67e830a098ccce0fd7d3297aaf4c1f6be38fcc,Base,Aerodrome Slipstream,aerodromecl2,0x6b67e830a098ccce0fd7d3297aaf4c1f6be38fcc,WETH/REKT,WETH,REKT,0.01,Альт/мем (long-tail),85697.407,85697.407,3681.9438,30763.2995,3.0763,0.1568,0.1872,0.2407,,,0.1872,0.0,0,,,,,,0.043,0.0513,,,,,,,,,,8,,,,,,,,,,,,,,,,,True
8453:0x80fc203337223d2e11a0aaf9bd02524245bd092b,Base,Aerodrome Slipstream,aerodromecl2,0x80fc203337223d2e11a0aaf9bd02524245bd092b,RBNT/USDC,RBNT,USDC,0.3,Альт/мем (long-tail),79004.1072,79004.1072,1230.5228,8384.3135,25.1529,1.7055,1.6601,1.2027,,,1.2027,0.0,0,,,,,,0.0156,0.0152,,,,,,,,,,8,,,,,,,,,,,,,,,,,True
8453:0xf5a6de837f49c526066464a7febe67f03e75ace1,Base,Aerodrome Slipstream,aerodromecl2,0xf5a6de837f49c526066464a7febe67f03e75ace1,USDC/IRWA,USDC,IRWA,0.3,Альт/мем (long-tail),44999.23,44999.23,1457.8191,14917.285,44.7519,3.5474,5.1856,4.6617,,,4.6617,0.0,0,,,,,,0.0324,0.0474,,,,,,,,,,8,,,,,,,,,,,,,,,,,True
8453:0x1c33aa5cc206ed3d9e29fb136796a8815e48af58,Base,Aerodrome Slipstream,aerodromecl2,0x1c33aa5cc206ed3d9e29fb136796a8815e48af58,USDC/BRLA,USDC,BRLA,0.05,Альт/мем (long-tail),44704.4733,44704.4733,2301.1607,68917.3418,34.4587,0.9394,4.0192,3.0995,,,3.0995,0.0,0,,,,,,0.0515,0.2202,,,,,,,,,,8,,,,,,,,,,,,,,,,,True
8453:0x71fe33676773df7cf9ce14f640cae06823f083cc,Base,Aerodrome Slipstream,aerodromecl2,0x71fe33676773df7cf9ce14f640cae06823f083cc,WETH/REPPO,WETH,REPPO,0.95,Альт/мем (long-tail),40657.6757,40657.6757,48495.4468,379131.4286,3601.7486,413.5946,461.9188,652.437,,,461.9188,819.0156,912.3088,AERO,,,253.7004,103.7924,1.1928,1.3321,,,,,,,,,,8,,,,,,,,,,,,,,,,высокий APR на микро-TVL,True
8453:0x7f31b371ac675bca3357fd9c26854fed067400c0,Base,Aerodrome Slipstream,aerodromecl2,0x7f31b371ac675bca3357fd9c26854fed067400c0,WETH/SERV,WETH,SERV,1.0,Альт/мем (long-tail),38710.1296,38710.1296,2409.2756,33024.5853,330.2459,22.7172,44.4844,55.5827,,,44.4844,0.0,0,,,,0.0018,0,0.0622,0.1219,,,,,,,,,,8,,,,,,,,,,,,,,,,,True
8453:0x587ac2d1f465099811fdd0c2072b4fd819092ad5,Base,Aerodrome Slipstream,aerodromecl2,0x587ac2d1f465099811fdd0c2072b4fd819092ad5,RETH/WSTETH,RETH,WSTETH,0.01,"Коррелир. (ETH/LST, BTC/BTC)",22355.4793,22355.4793,1886.1473,28848.7589,2.8849,0.308,0.6729,0.7841,,,0.6729,0.0,0,,,,,,0.0844,0.1844,,,,,,,,,,7,,,,,,,,,,,,,,,,,True
8453:0x5a7b4970b2610aee4776a6944d9f2171ee6060b0,Base,Aerodrome Slipstream,aerodromecl2,0x5a7b4970b2610aee4776a6944d9f2171ee6060b0,USDC/CHECK,USDC,CHECK,0.2565,Альт/мем (long-tail),21449.6863,21449.6863,21340.5515,60063.5402,158.2667,100.8934,38.4737,56.1045,,,38.4737,145.1354,85.2906,AERO,,,120.2888,112.6971,0.9949,0.4,,,,,,,,,,8,,,,,,,,,,,,,,,,высокий APR на микро-TVL,True
8453:0xcd1f9777571493aeacb7eae45cd30a226d3e612d,Base,Aerodrome Slipstream,aerodromecl2,0xcd1f9777571493aeacb7eae45cd30a226d3e612d,WETH/LITKEY,WETH,LITKEY,0.95,Альт/мем (long-tail),2439.4954,20711.2201,1527.7258,14884.7626,141.4052,217.151,302.2458,982.8296,,,302.2458,1114.7399,74.5042,AERO,,,,,0.6262,0.8717,,,,,,,,,,9,,,,,,,,,,,,,,,,цена альта не подтверждена; высокий APR на микро-TVL,True
8453:0x00d43aad1b34e7ba8d037e060517f7b5318c0b83,Base,Aerodrome Slipstream,aerodromecl2,0x00d43aad1b34e7ba8d037e060517f7b5318c0b83,THQ/USDC,THQ,USDC,0.26,Альт/мем (long-tail),20038.242,20038.242,14368.5311,46278.0128,120.3228,68.0486,31.31,18.6859,,,18.6859,17.946,9.8522,AERO,,,68.4323,105.9564,0.7171,0.3299,,,,,,,,,,8,,,,,,,,,,,,,,,,,True
8453:0xb1857b20d91c216f51656b63081f35c7cd0a489d,Base,Aerodrome Slipstream,aerodromecl2,0xb1857b20d91c216f51656b63081f35c7cd0a489d,UP/USDC,UP,USDC,1.0,Альт/мем (long-tail),18717.0038,18717.0038,1275.8439,17446.8425,174.4684,24.8802,48.6044,63.1407,,,48.6044,35.5127,18.2107,AERO,,,23.5373,381.0946,0.0682,0.1332,,,,,,,,,,8,,,,,,,,,,,,,,,,,True
8453:0xbb5eddb5ecc54061d7f5d46668d0395450895ef9,Base,Aerodrome Slipstream,aerodromecl2,0xbb5eddb5ecc54061d7f5d46668d0395450895ef9,MOVE/USDC,MOVE,USDC,0.05,Альт/мем (long-tail),955.7808,17357.6842,2221.022,2591.7548,1.2959,42.4089,7.0697,1.77,,,1.77,0.0,0,,,,,,2.3238,0.3874,,,,,,,,,,9,,,,,,,,,,,,,,,,цена альта не подтверждена; разовый всплеск объёма,True
8453:0x6133d984a2ea4d20c56db083fb0b0d093a9f5b42,Base,Aerodrome Slipstream,aerodromecl2,0x6133d984a2ea4d20c56db083fb0b0d093a9f5b42,PORTAL/USDC,PORTAL,USDC,0.3,Альт/мем (long-tail),16702.9219,16702.9219,33518.4423,73945.6139,221.8369,219.7382,69.2526,47.2844,,,47.2844,0.0,0,,,,212.7255,0,2.0067,0.6324,,,,,,,,,,8,,,,,,,,,,,,,,,,высокий APR на микро-TVL; разовый всплеск объёма,True
8453:0xc211e1f853a898bd1302385ccde55f33a8c4b3f3,Base,Pancake v3,pancakev3,0xc211e1f853a898bd1302385ccde55f33a8c4b3f3,WETH/CBBTC,WETH,CBBTC,0.01,ETH/BTC,6112991.4208,6112991.4208,24694115.9493,228586648.0517,15239.11,9.8297,12.9987,13.409,17.0163,9.7594,12.9987,6.6977,1121.7258,CAKE,,,,,4.0396,5.3419,0.2179,0.2507,0.5934,,,,-43.0498,True,-14.3499,3,0.4653,0.1248,9.6379,51.3497,2.5628,12.8009,-0.008,-0.1811,-6.1505,10.5601,0.0276,0.0332,90.0,6102479.9422,0.1722,,True
8453:0x72ab388e2e2f6facef59e3c3fa2c4e29011c2d38,Base,Pancake v3,pancakev3,0x72ab388e2e2f6facef59e3c3fa2c4e29011c2d38,WETH/USDC,WETH,USDC,0.01,Голубая фишка/стейбл,4969308.9576,4969308.9576,32800830.602,359448221.7382,23963.2149,16.0617,25.1446,24.7788,22.4857,13.8201,22.4857,14.6617,1996.1294,CAKE,,,,,6.6007,10.3334,0.5157,0.4702,3.3249,1.0315,24.377,0.3102,-58.5656,,-14.6414,4,0.4365,0.1031,19.3409,37.0526,10.4916,53.0917,-0.1243,-2.225,-8.4641,27.3966,1721.5486,2783.5822,90.0,4958626.3533,0.2154,,True
8453:0xb94b22332abf5f89877a14cc88f2abc48c34b3df,Base,Pancake v3,pancakev3,0xb94b22332abf5f89877a14cc88f2abc48c34b3df,USDC/CBBTC,USDC,CBBTC,0.01,Голубая фишка/стейбл,1762252.8506,1762252.8506,7071890.4022,62756149.8731,4183.7435,9.7649,12.3792,11.3501,11.1872,4.5084,11.1872,12.3933,598.3601,CAKE,,,,,4.013,5.0873,0.3984,0.3479,1.9836,,,,-37.1679,True,-9.292,4,0.5917,0.0541,11.9232,5.5119,-7.1734,-26.3115,-0.0692,-1.1541,-29.2739,22.4916,0.0,0.0,90.0,1763541.2813,-0.0731,,True
8453:0xb775272e537cc670c65dc852908ad47015244eaf,Base,Pancake v3,pancakev3,0xb775272e537cc670c65dc852908ad47015244eaf,WETH/USDC,WETH,USDC,0.05,Голубая фишка/стейбл,1219742.7714,1219742.7714,1677890.8667,15353655.1241,5117.885,16.7366,21.8785,24.1514,21.923,10.5628,21.8785,20.9137,698.8846,CAKE,,,,,1.3756,1.7982,0.5158,0.4703,3.3262,,,,-59.2053,True,-14.8013,4,0.442,0.1811,-14.4798,-31.9253,10.5213,53.1077,-0.125,-2.2261,-8.4896,27.6488,1721.5923,2782.8568,90.0,,,,True
8453:0x07c4bc0f5fb6cb069124df3e1ae0b8fd8148ccc4,Base,Pancake v3,pancakev3,0x07c4bc0f5fb6cb069124df3e1ae0b8fd8148ccc4,QUID/USDC,QUID,USDC,0.01,Альт/мем (long-tail),840797.2763,840797.2763,90842.5081,1128686.8821,75.2456,0.2629,0.4666,0.9358,1.0686,0.3772,0.4666,0.0,0,,,,,,0.108,0.1918,1.0082,1.3435,12.7068,,,,-113.0858,True,-12.5651,9,1.847,0.059,-0.9663,,-2.5336,,-0.0082,,-67.04,146.9483,0.0549,0.1665,61.875,,,,True
8453:0x8df6dd38d718bd726374521c2dcfe90eb9cb7d43,Base,Pancake v3,pancakev3,0x8df6dd38d718bd726374521c2dcfe90eb9cb7d43,SOL/CBBTC,SOL,CBBTC,0.05,Крупный альт,534559.3343,534559.3343,648394.6083,6022646.3483,2007.5488,14.7576,19.5824,21.9248,,,19.5824,17.7728,260.2914,CAKE; USDC,,,,,1.213,1.6095,,,,,,,,,,6,,,,,,,,,,,,,,,,,True
8453:0x2b75b90fb01e5fc87d4d263033841397b015ceeb,Base,Pancake v3,pancakev3,0x2b75b90fb01e5fc87d4d263033841397b015ceeb,VIRTUAL/OPG,VIRTUAL,OPG,1.0,Альт/мем (long-tail),520859.1509,520859.1509,31603.5499,199091.4999,1327.2767,14.7644,13.2873,26.5925,,,13.2873,0.0,0,,,,,,0.0607,0.0546,,,,,,,,,,7,,,,,,,,,,,,,,,,,True
8453:0xd974d59e30054cf1abeded0c9947b0d8baf90029,Base,Pancake v3,pancakev3,0xd974d59e30054cf1abeded0c9947b0d8baf90029,WETH/CBBTC,WETH,CBBTC,0.05,ETH/BTC,417886.7387,417886.7387,335023.9966,1578327.9221,526.1093,9.7541,6.5647,5.2912,,,5.2912,8.7802,100.5245,CAKE,,,,,0.8017,0.5396,,,,,,,,,,6,,,,,,,,,,,,,,,,,True
8453:0xab07de353e15b80fa3b4224d5c8fdf3ac9f50670,Base,Pancake v3,pancakev3,0xab07de353e15b80fa3b4224d5c8fdf3ac9f50670,SOL/WETH,SOL,WETH,0.05,Крупный альт,407697.4888,407697.4888,693487.9819,8010020.8845,2670.0069,20.6953,34.1483,20.2088,17.6309,9.7456,17.6309,3.1427,35.1038,CAKE,,,,,1.701,2.8067,0.2964,0.3165,1.098,,,,-11.6501,True,-2.33,5,0.9082,0.2672,80.5243,61.3731,6.5041,-2.8916,-0.0496,-0.0108,-18.5801,12.6339,0.0372,0.0458,90.0,,,,True
8453:0xf1cacd7e005b9337c58aae77bc88d93c635cdf4d,Base,Pancake v3,pancakev3,0xf1cacd7e005b9337c58aae77bc88d93c635cdf4d,USDC/PLAY,USDC,PLAY,0.01,Альт/мем (long-tail),405157.7823,405157.7823,81729.0844,1570692.7272,104.7129,0.4909,1.3476,4.9853,,,1.3476,0.0,0,,,,,,0.2017,0.5538,,,,,,,,,,7,,,,,,,,,,,,,,,,,True
8453:0x83f3aca29bc79b048b99c56013475570acc97ccf,Base,Pancake v3,pancakev3,0x83f3aca29bc79b048b99c56013475570acc97ccf,ELSA/USDC,ELSA,USDC,0.01,Альт/мем (long-tail),389821.5457,389821.5457,128328.0376,1743663.0477,116.2444,0.801,1.5549,2.2921,,,1.5549,0.0,0,,,,,,0.3292,0.639,,,,,,,,,,7,,,,,,,,,,,,,,,,,True
8453:0x26e263efdc91f0d3279e2ec2bd58a7ca5c2fce62,Base,Pancake v3,pancakev3,0x26e263efdc91f0d3279e2ec2bd58a7ca5c2fce62,USDC/CBBTC,USDC,CBBTC,0.05,Голубая фишка/стейбл,222121.401,222121.401,201931.5147,1839662.2334,613.2208,11.0608,14.3953,9.5883,,,9.5883,15.4698,94.142,CAKE,,,,,0.9091,1.1832,,,,,,,,,,7,,,,,,,,,,,,,,,,,True
8453:0x7feed89be48f937e131f764ef01a2ac02cec31f8,Base,Pancake v3,pancakev3,0x7feed89be48f937e131f764ef01a2ac02cec31f8,USDC/ACU,USDC,ACU,0.25,Альт/мем (long-tail),201574.1737,201574.1737,22457.3241,118383.5444,197.3059,6.7774,5.1039,9.0378,,,5.1039,4.6316,25.5783,CAKE,,,,,0.1114,0.0839,,,,,,,,,,8,,,,,,,,,,,,,,,,,True
8453:0x7cb770d0513c30e0cb45e4899e4a2cbeed6f9830,Base,Pancake v3,pancakev3,0x7cb770d0513c30e0cb45e4899e4a2cbeed6f9830,VIRTUAL/USDC,VIRTUAL,USDC,0.05,Крупный альт,185862.8468,185862.8468,742556.6271,7797782.0102,2599.2608,48.6081,72.9209,46.033,28.9781,9.5331,28.9781,10.6539,54.2513,CAKE,,,,,3.9952,5.9935,0.8636,0.9084,9.3216,,,,-219.5973,True,-31.371,7,0.7249,0.2617,65.5038,14.7176,27.9015,60.5977,-0.7523,-2.7412,-29.6933,41.0836,0.5176,0.8821,90.0,,,,True
8453:0x20cb8f872ae894f7c9e32e621c186e5afce82fd0,Base,Pancake v3,pancakev3,0x20cb8f872ae894f7c9e32e621c186e5afce82fd0,WETH/AERO,WETH,AERO,0.05,Крупный альт,177058.8872,177058.8872,1379054.3548,8416466.7884,2805.4888,94.7622,82.6201,69.6357,23.3147,7.4857,23.3147,2.6315,12.765,CAKE,,,,,7.7887,6.7907,0.913,0.8154,10.4195,,,,-254.5386,True,-28.2821,9,0.9764,0.1558,40.7129,-8.2084,-33.5897,4.5387,-2.0583,-0.0246,-45.7315,34.6112,2901.6282,5346.7968,90.0,,,,True
8453:0x03c33a2fc0d444a5b61e573f9e1a285357a694fc,Base,Pancake v3,pancakev3,0x03c33a2fc0d444a5b61e573f9e1a285357a694fc,CAKE/WETH,CAKE,WETH,1.0,Крупный альт,157045.0463,157045.0463,1551.7454,16428.1861,109.5212,2.4044,3.6364,6.8976,,,3.6364,1.8572,7.9909,CAKE,,,,,0.0099,0.0149,,,,,,,,,,7,,,,,,,,,,,,,,,,,True
8453:0xf9d4c71782ca272c20593f4ceb557e3b863aff4f,Base,Pancake v3,pancakev3,0xf9d4c71782ca272c20593f4ceb557e3b863aff4f,WETH/AUKI,WETH,AUKI,0.25,Альт/мем (long-tail),133168.4732,133168.4732,27879.1724,247591.1323,412.6519,12.7356,16.1576,19.2231,,,16.1576,0.0,0,,,,,,0.2094,0.2656,,,,,,,,,,8,,,,,,,,,,,,,,,,,True
8453:0x1ca42c7219f0cb1b67927e26502320cb98f725bd,Base,Pancake v3,pancakev3,0x1ca42c7219f0cb1b67927e26502320cb98f725bd,EURC/USDC,EURC,USDC,0.01,Стейбл/стейбл,131981.077,131981.077,12101.4625,92232.1099,6.1488,0.2231,0.2429,1.2301,,,0.2429,0.0,0,,,,,,0.0917,0.0998,,,,,,,,,,7,,,,,,,,,,,,,,,,,True
8453:0x64cfc444f30056302d4bfd20fd79783aa4b3fda3,Base,Pancake v3,pancakev3,0x64cfc444f30056302d4bfd20fd79783aa4b3fda3,FLETH/WETH,FLETH,WETH,0.01,Альт/мем (long-tail),124090.6018,124090.6018,4557.0454,32327.7259,2.1552,0.0894,0.0906,0.1581,,,0.0906,0.0,0,,,,,,0.0367,0.0372,,,,,,,,,,8,,,,,,,,,,,,,,,,,True
8453:0x5b3613ef9a535b48e82e2800acb77053dfec93b1,Base,Pancake v3,pancakev3,0x5b3613ef9a535b48e82e2800acb77053dfec93b1,WETH/CBBTC,WETH,CBBTC,0.25,ETH/BTC,113391.9833,113391.9833,8417.5574,50126.6625,83.5444,4.5159,3.8418,5.0345,,,3.8418,5.6605,17.5851,CAKE,,,,,0.0742,0.0632,,,,,,,,,,7,,,,,,,,,,,,,,,,,True
8453:0xbf1713b92f4212f0fac0078e2cea7e182d40078b,Base,Pancake v3,pancakev3,0xbf1713b92f4212f0fac0078e2cea7e182d40078b,CAKE/USDC,CAKE,USDC,0.25,Крупный альт,91880.538,91880.538,31844.2202,252513.5837,420.856,21.0838,23.8839,48.493,,,23.8839,1.2701,3.1973,CAKE,,,,,0.3466,0.3926,,,,,,,,,,7,,,,,,,,,,,,,,,,,True
8453:0x257fcbae4ac6b26a02e4fc5e1a11e4174b5ce395,Base,Pancake v3,pancakev3,0x257fcbae4ac6b26a02e4fc5e1a11e4174b5ce395,CBETH/WETH,CBETH,WETH,0.01,"Коррелир. (ETH/LST, BTC/BTC)",91438.206,91438.206,3824.9161,18554.5277,1.237,0.1018,0.0705,0.2633,,,0.0705,1.2739,3.1913,CAKE,,,,,0.0418,0.029,,,,,,,,,,7,,,,,,,,,,,,,,,,,True
8453:0xa79a2eafdfb8f71bad810ae12a89711fb6caf9ac,Base,Pancake v3,pancakev3,0xa79a2eafdfb8f71bad810ae12a89711fb6caf9ac,BIO/WETH,BIO,WETH,0.25,Альт/мем (long-tail),90307.314,90307.314,4529.8552,75934.2754,126.5571,3.0514,7.3073,3.4761,,,3.4761,0.0,0,,,,,,0.0502,0.1201,,,,,,,,,,8,,,,,,,,,,,,,,,,,True
8453:0xcba322cc0ba2cc9e155591d62188e4cd74382063,Base,Pancake v3,pancakev3,0xcba322cc0ba2cc9e155591d62188e4cd74382063,USDC/MWXT,USDC,MWXT,0.01,Альт/мем (long-tail),86666.4358,86666.4358,26129.0238,133679.848,8.912,0.7336,0.5362,0.7977,,,0.5362,0.0,0,,,,,,0.3015,0.2204,,,,,,,,,,8,,,,,,,,,,,,,,,,,True
8453:0x433fdee2ae9cea22a78499f8f8592ffd5d4e60c9,Base,Pancake v3,pancakev3,0x433fdee2ae9cea22a78499f8f8592ffd5d4e60c9,CAKE/WETH,CAKE,WETH,0.25,Крупный альт,77783.3107,77783.3107,22167.9632,211681.3208,352.8022,17.3373,23.6505,46.5,,,23.6505,2.2463,4.7869,CAKE,,,,,0.285,0.3888,,,,,,,,,,7,,,,,,,,,,,,,,,,,True
8453:0x5f433f47db8ac2a90d50e3cafb29a7039d5828d4,Base,Pancake v3,pancakev3,0x5f433f47db8ac2a90d50e3cafb29a7039d5828d4,USDC/AUDF,USDC,AUDF,0.01,Альт/мем (long-tail),74205.8294,74205.8294,2663.9894,15071.266,1.0048,0.0874,0.0706,0.0675,,,0.0675,0.0,0,,,,,,0.0359,0.029,,,,,,,,,,8,,,,,,,,,,,,,,,,,True
8453:0x953f8b29049520ebe5c406ba255e3a9ecd36adfc,Base,Pancake v3,pancakev3,0x953f8b29049520ebe5c406ba255e3a9ecd36adfc,TBTC/CBBTC,TBTC,CBBTC,0.01,"Коррелир. (ETH/LST, BTC/BTC)",72544.7315,72544.7315,8506.1553,119804.3436,7.987,0.2853,0.5741,0.8084,,,0.5741,0.0,0,,,,,,0.1173,0.2359,,,,,,,,,,7,,,,,,,,,,,,,,,,,True
8453:0x170b6bfc071426aab7c81ae12383219facbb6b6a,Base,Pancake v3,pancakev3,0x170b6bfc071426aab7c81ae12383219facbb6b6a,WETH/CBXRP,WETH,CBXRP,0.05,Альт/мем (long-tail),71071.9169,71071.9169,95114.2575,1141251.9293,380.4173,16.2824,27.9098,30.119,,,27.9098,10.6731,20.7824,CAKE,,,,,1.3383,2.294,,,,,,,,,,8,,,,,,,,,,,,,,,,,True
8453:0x077f7a989cd6865aa4eb7659d844bf4b47ecc5aa,Base,Pancake v3,pancakev3,0x077f7a989cd6865aa4eb7659d844bf4b47ecc5aa,USDC/PLAY,USDC,PLAY,0.25,Альт/мем (long-tail),1650.1519,65401.692,3572.1341,524902.2293,874.837,131.6878,2764.382,3573.874,,,2764.382,0.0,0,,,,,,2.1647,45.4419,,,,,,,,,,9,,,,,,,,,,,,,,,,цена альта не подтверждена; высокий APR на микро-TVL,True
8453:0xb4a43d89b5d356065646389fd677ca762efcd780,Base,Pancake v3,pancakev3,0xb4a43d89b5d356065646389fd677ca762efcd780,WETH/EURC,WETH,EURC,0.05,Голубая фишка/стейбл,53652.2896,53652.2896,22148.7038,257131.0995,85.7104,5.0226,8.3299,9.5057,,,8.3299,14.1117,20.7432,CAKE,,,,,0.4128,0.6846,,,,,,,,,,7,,,,,,,,,,,,,,,,,True
8453:0xf0c559af52bce48b3f3710604a59b4feaefd5555,Base,Pancake v3,pancakev3,0xf0c559af52bce48b3f3710604a59b4feaefd5555,EURC/USDT,EURC,USDT,0.01,Стейбл/стейбл,51659.2132,51659.2132,401223.3261,3360775.9921,224.0517,18.899,22.6149,11.0803,,,11.0803,18.0383,25.53,CAKE,,,,,7.7667,9.2938,,,,,,,,,,7,,,,,,,,,,,,,,,,,True
8453:0x31f207bccc4604a51fa099071c72cd025cc823e5,Base,Pancake v3,pancakev3,0x31f207bccc4604a51fa099071c72cd025cc823e5,WETH/AAVE,WETH,AAVE,0.05,Крупный альт,51396.5538,51396.5538,85939.4839,1366904.6807,455.6348,20.3437,46.2251,19.7764,,,19.7764,0.0,0,,,,,,1.6721,3.7993,,,,,,,,,,7,,,,,,,,,,,,,,,,,True
8453:0x04d25d8f94a2018f8ddde1e7941c625fa1a2c7ce,Base,Pancake v3,pancakev3,0x04d25d8f94a2018f8ddde1e7941c625fa1a2c7ce,SOL/USDC,SOL,USDC,0.05,Крупный альт,47169.1304,47169.1304,155672.6443,1451908.6045,483.9696,40.1538,53.5002,72.7135,,,53.5002,11.1124,14.3606,CAKE,,,,,3.3003,4.3973,,,,,,,,,,7,,,,,,,,,,,,,,,,,True
8453:0x415c88a05b75d1a65822d899f4a78b4c0d7cbefd,Base,Pancake v3,pancakev3,0x415c88a05b75d1a65822d899f4a78b4c0d7cbefd,SOL/CBBTC,SOL,CBBTC,0.01,Крупный альт,43841.6257,43841.6257,400767.1745,3305716.2753,220.3811,22.2437,26.2109,11.4727,,,11.4727,18.598,22.3388,CAKE,,,,,9.1412,10.7716,,,,,,,,,,7,,,,,,,,,,,,,,,,,True
8453:0x5f07bb9fee6062e9d09a52e6d587c64bad6ba706,Base,Pancake v3,pancakev3,0x5f07bb9fee6062e9d09a52e6d587c64bad6ba706,USDC/USDT,USDC,USDT,0.01,Стейбл/стейбл,38903.671,38903.671,22952.8988,211460.0601,14.0973,1.4357,1.8895,2.2012,,,1.8895,2.9997,3.1973,CAKE,,,,,0.59,0.7765,,,,,,,,,,7,,,,,,,,,,,,,,,,,True
8453:0x748bb91fc5f4200302d9a79185bc161260a1b461,Base,Pancake v3,pancakev3,0x748bb91fc5f4200302d9a79185bc161260a1b461,USDC/CBBTC,USDC,CBBTC,0.25,Голубая фишка/стейбл,31403.2527,31403.2527,1787.0186,17549.4899,29.2491,3.4618,4.8566,5.096,,,4.8566,5.5638,4.7869,CAKE,,,,,0.0569,0.0798,,,,,,,,,,7,,,,,,,,,,,,,,,,,True
8453:0xd5bdd66a87462a608edd28bdec91b88e16409f62,Base,Pancake v3,pancakev3,0xd5bdd66a87462a608edd28bdec91b88e16409f62,VIRTUAL/WETH,VIRTUAL,WETH,0.05,Крупный альт,29362.5384,29362.5384,13482.5663,76717.5864,25.5724,5.5866,4.5412,2.2573,,,2.2573,0.0,0,,,,,,0.4592,0.3733,,,,,,,,,,7,,,,,,,,,,,,,,,,,True
8453:0x69dec50977fc57ececa472105c26f188ff2012ec,Base,Pancake v3,pancakev3,0x69dec50977fc57ececa472105c26f188ff2012ec,USDC/GOOGLC,USDC,GOOGLC,0.05,Токенизир. акции,28698.5537,28698.5537,17500.6751,573810.6444,191.2702,7.4194,34.7522,37.5689,,,34.7522,79.146,62.2295,CAKE,,,,,0.6098,2.8563,,,,,,,,,,7,,,,,,,,,,,,,,,,,True
8453:0x6ef82e3597cba94e89559d050263f6b88262b4b4,Base,Pancake v3,pancakev3,0x6ef82e3597cba94e89559d050263f6b88262b4b4,TBTC01/USDC,TBTC01,USDC,0.01,Альт/мем (long-tail),26515.502,26515.502,15890.7065,112183.5563,7.4789,1.4583,1.4707,1.2927,,,1.2927,0.0,0,,,,,,0.5993,0.6044,,,,,,,,,,8,,,,,,,,,,,,,,,,,True
8453:0x13c9c9196f05989e28284f9ba5a97f24e87d3072,Base,Pancake v3,pancakev3,0x13c9c9196f05989e28284f9ba5a97f24e87d3072,CBXRP/CBBTC,CBXRP,CBBTC,0.25,Альт/мем (long-tail),23165.7216,23165.7216,1982.4101,78115.3677,130.1923,5.2058,29.3045,22.0402,,,22.0402,0.0,0,,,,,,0.0856,0.4817,,,,,,,,,,8,,,,,,,,,,,,,,,,,True
8453:0x6dc8dbb6b3857463566535783bc3de3fd66665de,Base,Pancake v3,pancakev3,0x6dc8dbb6b3857463566535783bc3de3fd66665de,AIUSD/USDC,AIUSD,USDC,0.01,Альт/мем (long-tail),16881.3918,16881.3918,10882.1855,77996.0093,5.1997,1.5686,1.6061,1.6759,,,1.6061,0.0,0,,,,,,0.6446,0.66,,,,,,,,,,8,,,,,,,,,,,,,,,,,True
8453:0xb06f0135355ce662df8bc0040c7648b7ce272720,Base,Pancake v3,pancakev3,0xb06f0135355ce662df8bc0040c7648b7ce272720,USDC/RIVER,USDC,RIVER,0.25,Альт/мем (long-tail),15149.5324,15149.5324,1037.0011,40840.984,68.0683,4.1641,23.4283,32.3925,,,23.4283,0.0,0,,,,,,0.0685,0.3851,,,,,,,,,,8,,,,,,,,,,,,,,,,,True
8453:0x29ed55b18af0add137952cb3e29fb77b32fce426,Base,Pancake v3,pancakev3,0x29ed55b18af0add137952cb3e29fb77b32fce426,USDC/USDBC,USDC,USDBC,0.01,Стейбл/стейбл,14932.0337,14932.0337,3656.7213,28703.1393,1.9135,0.5959,0.6682,2.0554,,,0.6682,0.0,0,,,,,,0.2449,0.2746,,,,,,,,,,7,,,,,,,,,,,,,,,,,True
8453:0x81057171115672ac7d08bbebb04481e19aa0bfeb,Base,Pancake v3,pancakev3,0x81057171115672ac7d08bbebb04481e19aa0bfeb,USDS/USDC,USDS,USDC,0.01,Стейбл/стейбл,12878.9355,12878.9355,6159.36,49936.2556,3.3291,1.1638,1.3479,1.5943,,,1.3479,0.0,0,,,,,,0.4783,0.5539,,,,,,,,,,7,,,,,,,,,,,,,,,,,True
8453:0xe9d76696f8a35e2e2520e3125875c3af23f1e69c,Base,Pancake v3,pancakev3,0xe9d76696f8a35e2e2520e3125875c3af23f1e69c,WETH/USDC,WETH,USDC,0.25,Голубая фишка/стейбл,12834.9338,12834.9338,1574.5114,14488.513,24.1475,7.4627,9.8101,14.1742,,,9.8101,0.0,0,,,,,,0.1227,0.1613,,,,,,,,,,7,,,,,,,,,,,,,,,,,True
8453:0xe4eff19c7ace186ba39fd3ed639b2d34171f7eff,Base,Pancake v3,pancakev3,0xe4eff19c7ace186ba39fd3ed639b2d34171f7eff,DAI/USDBC,DAI,USDBC,0.01,Стейбл/стейбл,11223.7886,11223.7886,9869.8719,22732.6936,1.5155,2.1398,0.7041,0.9351,,,0.7041,0.0,0,,,,,,0.8794,0.2893,,,,,,,,,,7,,,,,,,,,,,,,,,,,True
8453:0x29a857629e58c531f351bb7fbd86aa46ef6af0b7,Base,Pancake v3,pancakev3,0x29a857629e58c531f351bb7fbd86aa46ef6af0b7,USDC/AERO,USDC,AERO,0.05,Крупный альт,10571.0303,10571.0303,13355.835,102807.0646,34.269,15.3718,16.9036,12.135,,,12.135,0.0,0,,,,,,1.2634,1.3893,,,,,,,,,,7,,,,,,,,,,,,,,,,,True
8453:0xe526d8a854f7ec626998808fbfcb78e200ad1d8e,Base,Sushi v3,sushiv3,0xe526d8a854f7ec626998808fbfcb78e200ad1d8e,MACP/USDC,MACP,USDC,0.01,Альт/мем (long-tail),166035.0631,166035.0631,51933.8595,341935.1081,25.6451,0.8563,0.8054,0.7612,,,0.7612,0.0,0,,,,0,,0.3128,0.2942,,,,,,,,,,8,,,,,,,,,,,,,,,,,True
8453:0xc4babc64dabc4c540f3d99bdd6e2c1cb0f13bc44,Base,Sushi v3,sushiv3,0xc4babc64dabc4c540f3d99bdd6e2c1cb0f13bc44,USDC/FEPL,USDC,FEPL,0.01,Альт/мем (long-tail),143874.8353,143874.8353,135120.2672,535716.8651,40.1788,2.5709,1.4562,0.3398,,,0.3398,0.0,0,,,,0,,0.9392,0.5319,,,,,,,,,,8,,,,,,,,,,,,,,,,разовый всплеск объёма,True
8453:0x7644ecc6291fe415c2f93a5ec8b48daa377ec773,Base,Sushi v3,sushiv3,0x7644ecc6291fe415c2f93a5ec8b48daa377ec773,AXONE/USDC,AXONE,USDC,0.01,Альт/мем (long-tail),98141.1468,98141.1468,26282.4312,182778.1381,13.7084,0.7331,0.7283,1.6657,,,0.7283,0.0,0,,,,0,,0.2678,0.2661,,,,,,,,,,8,,,,,,,,,,,,,,,,,True
8453:0x57713f7716e0b0f65ec116912f834e49805480d2,Base,Sushi v3,sushiv3,0x57713f7716e0b0f65ec116912f834e49805480d2,WETH/USDC,WETH,USDC,0.05,Голубая фишка/стейбл,92921.6055,92921.6055,23287.5209,255236.9423,95.7138,3.4303,5.371,9.6616,,,5.371,0.0,0,,,,4.374,,0.2506,0.3924,,,,,,,,,,7,,,,,,,,,,,,,,,,,True
8453:0x2f58679116ffb64a755eb3615804b44c0d9b092e,Base,Sushi v3,sushiv3,0x2f58679116ffb64a755eb3615804b44c0d9b092e,USDC/SYBT,USDC,SYBT,0.01,Альт/мем (long-tail),91391.4557,91391.4557,39604.2589,291297.0767,21.8473,1.1863,1.2465,0.5467,,,0.5467,0.0,0,,,,0,,0.4333,0.4553,,,,,,,,,,8,,,,,,,,,,,,,,,,,True
8453:0x9128c6e572b575efe1e44de3c491ef95bb6875d1,Base,Sushi v3,sushiv3,0x9128c6e572b575efe1e44de3c491ef95bb6875d1,USDC/SBLB,USDC,SBLB,0.01,Альт/мем (long-tail),84145.8075,84145.8075,12294.1312,46924.4752,3.5193,0.4,0.2181,0.0509,,,0.0509,0.0,0,,,,0,,0.1461,0.0797,,,,,,,,,,8,,,,,,,,,,,,,,,,разовый всплеск объёма,True
8453:0xb796f54152f4372e4fdcc0c6415126ed635a6d35,Base,Sushi v3,sushiv3,0xb796f54152f4372e4fdcc0c6415126ed635a6d35,BCDB/USDC,BCDB,USDC,0.01,Альт/мем (long-tail),70994.8693,70994.8693,44182.6427,283274.464,21.2456,1.7036,1.5604,1.0753,,,1.0753,0.0,0,,,,0,,0.6223,0.57,,,,,,,,,,8,,,,,,,,,,,,,,,,,True
8453:0x702d107fdc8c822ea837abfff90c14a05086f74a,Base,Sushi v3,sushiv3,0x702d107fdc8c822ea837abfff90c14a05086f74a,THRQN/USDC,THRQN,USDC,0.01,Альт/мем (long-tail),56133.635,56133.635,37218.1242,257125.2001,19.2844,1.815,1.7913,1.7919,,,1.7913,0.0,0,,,,0,,0.663,0.6544,,,,,,,,,,8,,,,,,,,,,,,,,,,,True
8453:0x339b073007d7a61fcddbfa7bdeb20b4eb4cd7ccd,Base,Sushi v3,sushiv3,0x339b073007d7a61fcddbfa7bdeb20b4eb4cd7ccd,LATI/USDC,LATI,USDC,0.01,Альт/мем (long-tail),47926.1054,47926.1054,41324.537,290398.0081,21.7798,2.3604,2.3696,2.7714,,,2.3696,0.0,0,,,,0,,0.8623,0.8656,,,,,,,,,,8,,,,,,,,,,,,,,,,,True
8453:0x9ae052f3ded98d49b4335ded6ebfb011faa48ba2,Base,Sushi v3,sushiv3,0x9ae052f3ded98d49b4335ded6ebfb011faa48ba2,LOAMD/USDC,LOAMD,USDC,0.01,Альт/мем (long-tail),30613.8712,30613.8712,21025.6392,196041.6784,14.7031,1.8801,2.5043,1.7851,,,1.7851,0.0,0,,,,0,,0.6868,0.9148,,,,,,,,,,8,,,,,,,,,,,,,,,,,True
