key,chain,gen,dex,protocol,pair,category,fee_pct,hook,lp_fee_share,tvl,vol_tvl_7d_daily,fee_apr_7d,fee_apr_30d,fee_apr_sustained,reward_apr,fee_apr_fullrange,fee_apr_fullrange_30d,conc_eff,sigma,lvr_full_pct,R,apr_cv,tvl_chg_30d,hist_days,bt_std_width,bt_std_net,bt_std_income,bt_best_width,bt_best_net,bt_best_income,flags,kind
1:0x4e68ccd3e89f51c3074ca5072bbac773960dfa36,Ethereum,v3,Uniswap v3,uniswapv3,WETH/USDT,Голубая фишка/стейбл,0.3,,83.33333333136824,111209689.628573,0.23974104719487907,21.876370556016838,32.255762882385696,,0.0,1.3190927278481912,1.9449452156792142,16.584406914063816,0.4592693514808897,2.6366042151209625,0.5002998630902491,0.7645917428447514,2.0839783810175927,90.0,20.0,8.364068847271817; -117.30423251471409; 9.33663351118085,14.926547300892443,,0.7296147788441825; -9.477681447730236; 0.8144302233127867,1.898172755347877,,ETH/стейбл
1:0x88e6a0c2ddd26feeb64f039a2c41296fcb3f5640,Ethereum,v3,Uniswap v3,uniswapv3,USDC/WETH,Голубая фишка/стейбл,0.05,,75.00000006761604,98096685.971592,0.3653583774604792,5.000842795998805,8.498601551358506,,0.0,1.572710331503584,2.6727171815614703,3.179760885285065,0.4575853544188116,2.617304457232368,0.600889333740953,0.5587435304677876,-6.821918741116717,90.0,20.0,45.086793795683874; -104.04074400161039; 15.265340724493162,33.9044358982745,,3.9342688256989398; -7.804879947078519; 1.3322693866986355,3.7363596925606593,,ETH/стейбл
1:0x8ad599c3a0ff1de082011efddc58f1908eb6e6d8,Ethereum,v3,Uniswap v3,uniswapv3,USDC/WETH,Голубая фишка/стейбл,0.3,,83.33333332176784,47083024.465551,0.1468842776398473,13.40319033277589,14.240016210327544,,0.0,1.292494274870909,1.373190932080531,10.370019112165558,0.4775622997855003,2.8508218772052007,0.453376019457941,0.7362291963975167,53.461917304948074,90.0,20.0,3.3401319575127943; -120.78653064055385; 6.801141572732849,11.473269262306381,,0.29191654552242957; -10.288670092753694; 0.5937121440576811,1.4372679807723998,,ETH/стейбл
1:0xcbcdf9626bc03e24f779434178a73a0b4bad62ed,Ethereum,v3,Uniswap v3,uniswapv3,WBTC/WETH,ETH/BTC,0.3,,83.33333326104199,44924692.614965,0.009461005430579214,0.8633167447914293,1.2176936676925643,,0.0,0.3087534607446009,0.4354915345904659,2.7961362528841742,0.2332884001503078,0.6802934705586267,0.45385333551866425,1.0857434369801962,5.959448043593185,89.95833333333333,15.0,-1.861396782094185; 0.8785954740327877; 5.639291643338383,6.104867179654067,20.0,-1.4402052726450953; 0.6829425318550717; 4.370018751917456,4.731038283887005,,ETH/BTC
1:0x4585fe77225b41b697c938b018e2ac67ac5a20c0,Ethereum,v3,Uniswap v3,uniswapv3,WBTC/WETH,ETH/BTC,0.05,,74.99999997765602,41294731.962654,0.28766468214041324,3.9374103356238748,5.765489357968964,,0.0,0.32952848305927374,0.48252348632209924,11.948619127153375,0.20007078284095706,0.5003539768324174,0.6585907144086557,0.7774194310120898,16.42466593124723,90.0,15.0,0.9287430350025563; 3.183090059458897; 7.077453652008837,8.485801609978925,10.0,1.3447979940353858; 4.4810180238066915; 10.262940263323129,12.26080550341955,,ETH/BTC
1:0x3416cf6c708da44db2624d63ea0aaef7113527c6,Ethereum,v3,Uniswap v3,uniswapv3,USDC/USDT,Стейбл/стейбл,0.01,,75.00000037950745,34584662.780366,0.35787870702691166,0.9796929654435145,0.9290034862025617,,0.0,0.0006288389514906071,0.000596302718097265,1557.93937878886,0.0028132184634452498,9.892747653836564e-05,0.0628838951490607,0.7972085577577357,0.8410648538994758,90.0,0.1,0.9420957408553294; 0.9483714102743367; 1.1364029111100384,1.1151519439054631,0.1,0.9420957408553294; 0.9483714102743367; 1.1364029111100384,1.1151519439054631,,стейбл/стейбл
1:0xbafead7c60ea473758ed6c6021505e8bbd7e8e5d,Ethereum,v3,Uniswap v3,uniswapv3,AUSD/USDC,Стейбл/стейбл,0.01,,75.00000003863062,34038899.782759,0.11517331033027152,0.3152869371915147,0.4417914351591183,,0.0,4.198584094913157e-05,5.8832075615020195e-05,7509.363396424623,0.00037346830528285017,1.7434821881355523e-06,0.004198584094913157,0.860772360703877,-0.3720070421308508,90.0,0.1,0.04539949200251598; 0.08540110633613231; 0.10525161553611724,0.07903586660732673,0.05,0.09075577782121586; 0.17072424797347258; 0.21040794753998548,0.15799931812724438,,стейбл/стейбл
1:0x56534741cd8b152df6d48adf7ac51f75169a83b2,Ethereum,v3,Uniswap v3,uniswapv3,WBTC/USDT,Голубая фишка/стейбл,0.05,,75.00000003320856,27304809.284189,1.0800976684150498,14.78383684297699,12.864894049079453,,0.0,0.6900130830780429,0.6004493488775644,21.42544424959097,0.3753951198412995,1.7615187000082948,0.3917148782325125,0.6102607341879727,50.699881018101856,90.0,20.0,5.692673672942173; -81.68003922795052; -1.8820503484794031,5.958706045016655,,0.4967031563795353; -6.897729213715914; -0.16399370100056934,0.6461434193195579,,BTC/стейбл
1:0x9db9e0e53058c89e5b94e29621a205198648425b,Ethereum,v3,Uniswap v3,uniswapv3,WBTC/USDT,Голубая фишка/стейбл,0.3,,83.33333332428037,25613746.613347,0.06716992939530915,6.129256056656106,7.5406264906755505,,0.0,0.982969671116265,1.2093159549927117,6.235447783140343,0.4340444600789272,2.354932416565093,0.4174088666841767,0.6669089724151414,-5.456366474272811,90.0,20.0,7.127034657775652; -81.6488620786501; 4.867347396562118,8.653332231858638,,0.622093117322313; -6.903368581138233; 0.42527757094442675,0.8818686078879256,,BTC/стейбл
1:0x99ac8ca7087fa4a2a1fb6357269965a2014abc35,Ethereum,v3,Uniswap v3,uniswapv3,WBTC/USDC,Голубая фишка/стейбл,0.3,,83.33333333549704,22584346.204357,0.061473875546632945,5.609491143775904,5.294301090074503,,0.0,0.9641815763598895,0.9100054603733313,5.817878376139092,0.4940263200891048,3.050775061759783,0.3160447941395323,0.8856997050886702,6.621675900677126,90.0,20.0,6.185077503715775; -80.5679679025919; 2.636793316203481,8.132108701751537,,0.5399001982591852; -6.532518605724256; 0.23078576131058975,0.9324475234153853,,BTC/стейбл
1:0x4a25dbdf9629b1782c3e2c7de3bdce41f1c7f801,Ethereum,v3,Uniswap v3,uniswapv3,USDM/USDT,Стейбл/стейбл,0.05,,75.00000006512975,20089665.222677,0.011251172773153033,0.15400042746626563,0.13808413822551738,,0.0,7.734210638304711e-05,6.934862639124023e-05,1991.1589516783777,0.005594366965036348,0.00039121177174362493,0.007734210638304711,2.965471377653995,-0.015422745277315908,89.95833333333333,0.1,-0.05569043946808669; 0.2019922360046418; -0.02055912310845955,0.135399947571337,0.25,-0.022292927981659907; 0.08091772521081432; -0.008222396656633713,0.054237114235440365,,стейбл/стейбл
1:0x11b815efb8f581194ae79006d24e0d814b7697f6,Ethereum,v3,Uniswap v3,uniswapv3,WETH/USDT,Голубая фишка/стейбл,0.05,,75.00000004537712,10401514.980906,1.1953694789256548,16.36161975269415,15.686126105990175,,0.0,2.071783228724083,1.9862491294414908,7.8973608463712335,0.455615451716529,2.5948179980357096,0.7984310384360035,0.5513832306986057,23.35530039379914,90.0,20.0,18.545709950699127; -112.86022568229357; 11.867199229651218,20.774245626224854,,1.6202077269168877; -9.021304303895725; 1.0386197254561527,2.434549299874603,,ETH/стейбл
1:0xc275a7390966e4bcbf331b837cd7316c4a3efa83,Ethereum,v3,Uniswap v3,uniswapv3,USDT/USDF,Стейбл/стейбл,0.01,,75.00002730373906,10082485.747215,0.0010865312668439063,0.002974380425807559,0.012406481934234525,,0.0,0.00017028140060749313,0.0007102632541697944,17.467441630126416,0.010528950158988479,0.001385734893130794,0.017028140060749312,1.654486358482781,-0.035974829380258644,90.0,0.1,0.44545378114921425; 0.5419675021561791; 0.726429295298573,0.5808739074548501,0.1,0.44545378114921425; 0.5419675021561791; 0.726429295298573,0.5808739074548501,,стейбл/стейбл
1:0xe8f7c89c5efa061e340f2d2f206ec78fd8f7e124,Ethereum,v3,Uniswap v3,uniswapv3,WBTC/CBBTC,"Коррелир. (ETH/LST, BTC/BTC)",0.01,,75.00000049105103,9143341.935566,0.33857338176205876,0.9268446386420094,1.1816457624398347,,0.0,0.0017555445082985753,0.0022381655376945827,527.952799977872,0.006499674558793808,0.0005280721171278934,0.17555445082985752,0.7919826043608561,33.17907910734934,90.0,0.25,0.8030839746631864; 1.3778637281250317; 1.8691652297468009,1.4346293674101476,0.1,1.8530403273815013; 2.1582179956370964; 3.868789455826188,2.8357641915547536,,ETH/ETH или BTC/BTC
1:0xe0554a476a092703abdb3ef35c80e0d76d32939f,Ethereum,v3,Uniswap v3,uniswapv3,USDC/WETH,Голубая фишка/стейбл,0.01,,75.00000051575736,6887820.844587,8.962989520591567,24.536183981348977,21.481424830513188,,0.0,1.3644389056250785,1.1945660258046922,17.98261826175972,0.4579297083799845,2.6212452227122203,0.5205308125324056,0.43262659205932363,98.10100636794698,90.0,20.0,10.756873418643671; -117.73822598154578; 4.3711166333026625,14.422241106575461,,0.9409391280210214; -10.08257951970141; 0.38352012556001375,1.6832725493617344,,ETH/стейбл
1:0x109830a1aaad605bbf02a9dfa7b0b92ec2fb7daa,Ethereum,v3,Uniswap v3,uniswapv3,WSTETH/WETH,"Коррелир. (ETH/LST, BTC/BTC)",0.01,,75.0000001446319,6682143.127451,1.1830878100415847,3.2387028862344347,1.8891843599851224,,0.0,0.0003972260878763422,0.0002317079827802831,8153.298549823982,0.0018455383164459485,4.257514596837683e-05,0.03972260878763422,1.0208824133712406,5.905136354444829,90.0,0.25,-0.21878395066123932; -0.33569272562520985; -0.21204289724931183,0.1962840471967382,0.5,-0.10958228006829207; -0.16814947078127868; -0.10621109245363186,0.09833683577764758,,ETH/ETH или BTC/BTC
1:0x202a6012894ae5c288ea824cbc8a9bfb26a49b93,Ethereum,v3,Uniswap v3,uniswapv3,WETH/WEETH,"Коррелир. (ETH/LST, BTC/BTC)",0.01,,75.00000078755444,5006613.639388,0.2655976480797171,0.7270735692530258,0.27965011917888793,,0.0,0.0005641174787898338,0.00021697325669057705,1288.8690682174424,0.008983290754382587,0.0010087439097221959,0.05641174787898338,1.6246535324124394,-6.053887349510845,89.95833333333333,0.25,-0.5614334794993505; -0.045271819627191213; -0.2211908195224229,0.11522166712137367,0.5,-0.28101418597848865; -0.022640908867110756; -0.11072604764882878,0.05783229603288454,,ETH/ETH или BTC/BTC
1:0x5738df8073ad05d0c0fcf60e358033268ebf16cc,Ethereum,v3,Uniswap v3,uniswapv3,WBTC/SOLVBTC,"Коррелир. (ETH/LST, BTC/BTC)",0.05,,75.00000351907906,4873160.39636,0.0023628982209868993,0.032342170917286875,0.07407896592263769,,0.0,0.00015681584448587883,0.00035918292651127877,206.2430044828746,0.005268642367915604,0.0003469824050124418,0.015681584448587884,3.082874931345789,7.257166940903104,90.0,0.25,0.0834418754916667; 0.018219817886468908; 0.2102610705302527,0.18068726744419836,0.25,0.0834418754916667; 0.018219817886468908; 0.2102610705302527,0.18068726744419836,,ETH/ETH или BTC/BTC
1:0xc7bbec68d12a0d1830360f8ec58fa599ba1b0e9b,Ethereum,v3,Uniswap v3,uniswapv3,WETH/USDT,Голубая фишка/стейбл,0.01,,75.0000004358533,3936042.121347,3.0641635482906295,8.38814776219229,10.068891176131443,,0.0,1.8649407303495407,2.2386211826717886,4.49780930068492,0.45704824726028426,2.611163754046224,0.7142182206916949,0.38033952349290634,14.219779340317062,90.0,20.0,26.053261991151054; -108.05899817993809; 12.47510059543604,25.24408830420023,,2.2988555817000664; -8.705877766411046; 1.1035189896100654,2.8092989334612724,,ETH/стейбл
1:0x3a32f5040bc4d8417e78e236eb2c48c90e003fda,Ethereum,v3,Uniswap v3,uniswapv3,UNIBTC/WBTC,"Коррелир. (ETH/LST, BTC/BTC)",0.05,,74.99999959443795,3754936.746932,0.0037218508068622863,0.05094283264345449,0.029872379502570438,,0.0,0.0023159160053613887,0.0013580305259511588,21.996839490517306,0.015407441772413523,0.0029673657746289144,0.23159160053613886,2.0139357880736495,5.521950815336174,90.0,0.25,0.33714840611545516; 0.055960344581212636; 0.8365545979243239,0.8047328573137134,0.5,0.2131176018569635; 0.07595356983300376; 0.4460474748836679,0.4428313304642476,,ETH/ETH или BTC/BTC
1:0xc2e9f25be6257c210d7adf0d4cd6e3e881ba25f8,Ethereum,v3,Uniswap v3,uniswapv3,DAI/WETH,Голубая фишка/стейбл,0.3,,83.3333331963793,3673556.939384,0.04015512119006572,3.664154802571648,6.7794942866459,,0.0,1.2228904830304475,2.2626170261911174,2.9963065813477407,0.5765124722606687,4.154582883401354,0.2943473550416372,0.861723978616863,3.584613035375517,90.0,20.0,8.460630501932402; -118.5882096681239; 14.028152206792699,15.614783825982087,,0.7583767056662287; -9.801741031214616; 1.246002644059327,1.9115969569152667,,ETH/стейбл
1:0x73a38006d23517a1d383c88929b2014f8835b38b,Ethereum,v3,Uniswap v3,uniswapv3,TBTC/WBTC,"Коррелир. (ETH/LST, BTC/BTC)",0.01,,75.00000343524579,3208117.384164,0.12579574125452203,0.3443658574573382,1.0689557982870215,,0.0,0.00011051052870641522,0.00034303885787260877,3116.136186192615,0.006855864392436938,0.0005875359570935588,0.011051052870641521,1.3802460804406855,-25.183379080648216,90.0,0.25,0.39169927992386305; 0.40847636347822197; 0.15807758757496534,0.40088977177413077,0.1,0.9142191157094455; 0.5671926992041834; 0.38423498167301656,0.823784579244539,,ETH/ETH или BTC/BTC
1:0x36c060cc4b088c830a561e959a679a58205d3f56,Ethereum,v3,Uniswap v3,uniswapv3,FRXETH/FRAX,Голубая фишка/стейбл,1.0,,83.33333386811927,2717456.854972,0.0018185742891349917,0.5531496831616934,1.0555125853554308,,0.0,0.8726805486654853,1.665236969578168,0.6338512804113456,0.7159029956548292,6.4064637398444795,0.1362187603182579,1.0486353108862738,2.1919853605578465,89.95833333333333,20.0,-0.5487473119188995; -116.4649810853582; 0.8916887030447826,8.536765691368954,,-0.007918999870865466; -10.540930248089712; 0.17572030921831483,0.9632602692924975,,ETH/стейбл
1:0x95dbb3c7546f22bce375900abfdd64a4e5bd73d6,Ethereum,v3,Uniswap v3,uniswapv3,EURC/USDC,Стейбл/стейбл,0.05,,75.0000001313458,2477267.543289,0.4974532875524696,6.808891885298686,7.446689092489113,,0.0,0.0835098253767387,0.09133229257044534,81.53402135116035,0.05107175991625236,0.03260405826179152,2.5613322337423043,0.749795591387133,-24.757774316642976,90.0,0.1,9.134016483145215; -0.9768201022773185; -12.17074195967774,8.696054225818475,0.1,9.134016483145215; -0.9768201022773185; -12.17074195967774,8.696054225818475,,стейбл/стейбл
1:0xcc6d2f26d363836f85a42d249e145ec0320d3e55,Ethereum,v3,Uniswap v3,uniswapv3,RLUSD/USDC,Стейбл/стейбл,0.01,,74.99999889899713,2471935.261387,0.2988267767755658,0.8180382894142779,0.942706961353618,,0.0,0.00017523571564650612,0.00020194156087244533,4668.216672590101,0.002332638710420888,6.80150419169253e-05,0.017523571564650613,0.9783497705838949,-13.51758462786915,90.0,0.1,0.8694001346316084; 0.6981346847304727; 0.364261180877138,0.6527700768089482,0.05,1.7357155123329995; 1.362368483794659; 0.7270324391537603,1.2927083424559587,,стейбл/стейбл
1:0xe6d7ebb9f1a9519dc06d557e03c522d53520e76a,Ethereum,v3,Uniswap v3,uniswapv3,USDE/USDC,Стейбл/стейбл,0.01,,74.99999961818297,2426994.894597,0.8677402823119009,2.375439010735721,2.626555656680111,,0.0,0.0005580175954634821,0.0006170077468912566,4256.924925033435,0.003356333937878178,0.00014081221878191045,0.05580175954634821,1.6291868353159293,3.9393010974871467,90.0,0.1,-0.29983766397071426; 1.3388882784790075; 1.1790488599671,0.8641084345361993,0.25,0.19445710574751196; 0.5368103535401284; 0.4727294117148873,0.4514211509844408,,стейбл/стейбл
1:0x04708077eca6bb527a5bbbd6358ffb043a9c1c14,Ethereum,v3,Uniswap v3,uniswapv3,WETH/METH,"Коррелир. (ETH/LST, BTC/BTC)",0.05,,74.9999985141623,1839729.972719,0.020718815668029706,0.2835887838379311,0.1526488116744915,,0.0,0.00020327056865574394,0.00010941550767194763,1395.1295837530367,0.005056244740112034,0.0003195701358988826,0.020327056865574393,2.2516625379562636,9.101511225573699,89.91666666666667,0.25,-0.2442898074314798; -0.6553338780345178; -0.034101628378111856,0.057040222054486625,0.5,-0.12234278386354334; -0.3281879549457896; -0.016987541730856415,0.028645973404702783,,ETH/ETH или BTC/BTC
1:0xc63b0708e2f7e69cb8a1df0e1389a98c35a76d52,Ethereum,v3,Uniswap v3,uniswapv3,FRAX/USDC,Стейбл/стейбл,0.05,,74.99997938294337,1557793.32458,0.002625436105058488,0.03593564680948847,0.06433144132070229,,0.0,0.0010952205056665473,0.0019606468770979194,32.81133490795825,0.017203605466292154,0.003699550512997966,0.10952205056665473,1.706793535991743,-0.05538038092245401,90.0,0.1,-0.010433608030938325; 2.6507275449854055; 2.5340346101807185,1.9231886499303186,0.25,1.2586871239892141; 1.9029008920296693; 1.2580916667960171,1.552740089099602,,стейбл/стейбл
1:0x5777d92f208679db4b9778590fa3cab3ac9e2168,Ethereum,v3,Uniswap v3,uniswapv3,DAI/USDC,Стейбл/стейбл,0.01,,75.00000072429688,1433337.390577,0.8501564873003157,2.3273034064600617,2.389225101388318,,0.0,0.00017590270959527343,0.0001805828874742633,13230.62852081613,0.0009295663805177587,1.0801170697361082e-05,0.017590270959527345,0.8621332838868311,7.869182657155704,90.0,0.1,0.32040873832506805; 0.40829630357766294; 0.358056163955589,0.3642490932132821,0.05,0.6399492814578146; 0.8154210575252787; 0.7150723177542506,0.7274701062231341,,стейбл/стейбл
1:0x1e4dbb639ebbf725fd243a6190df5440ee38740e,Ethereum,v3,Uniswap v3,uniswapv3,BOLD/USDC,Стейбл/стейбл,0.05,,75.00000191518028,1410958.388892,0.029233686721642997,0.40013609722025845,0.49193051073608124,,0.0,0.003881343060773997,0.004771754129389327,103.09217478458743,0.010184307040465586,0.0012965013736809612,0.3881343060773997,1.0914336363134471,-0.2953524440284294,90.0,0.1,-0.3147342142656877; 0.5583097979157688; -1.7277573692855426,0.7506667570880934,0.25,0.28384593592853885; 0.29867320189867613; -1.2651438103958812,0.6029080744094445,,стейбл/стейбл
1:0x48da0965ab2d2cbf1c17c09cfb5cbe67ad5b1406,Ethereum,v3,Uniswap v3,uniswapv3,DAI/USDT,Стейбл/стейбл,0.01,,75.0000007415311,1250455.243049,1.3187708008213617,3.6101351029421767,3.2931487933520036,,0.0,0.0013207550535637267,0.0012047867425826395,2733.3873099339135,0.002750920621165787,9.459455329943948e-05,0.13207550535637266,0.795332286510691,-14.702918886624428,90.0,0.1,3.484227558602094; 2.7688770782454046; 2.1557927139813455,2.9006774258354593,0.05,6.779654500438327; 2.9661216008153404; 2.9047052887609395,4.37161150534241,,стейбл/стейбл
1:0x60594a405d53811d3bc4766596efd80fd545a270,Ethereum,v3,Uniswap v3,uniswapv3,DAI/WETH,Голубая фишка/стейбл,0.05,,75.0000008796097,1119206.630733,0.151028363132051,2.0672007446143463,6.25993747489368,,0.0,1.3051933496920944,3.952411870499696,1.5838272123452173,0.45866939952363506,2.6297202257421497,0.4963240336046576,1.4882651066219574,6.230695770208694,90.0,20.0,11.456221823360885; -114.52905738103316; 25.97519643240564,22.842957295455466,,1.1401723964093857; -9.365107469588322; 2.4705545657633836,2.6755540209469473,,ETH/стейбл
1:0x553e9c493678d8606d6a5ba284643db2110df823,Ethereum,v3,Uniswap v3,uniswapv3,RETH/WETH,"Коррелир. (ETH/LST, BTC/BTC)",0.01,,74.99999997067628,990571.804319,1.3105503196568073,3.5876314986578084,2.1867691215874956,,0.0,0.0006917110834219088,0.0004216186748423731,5186.604038364865,0.010468629762726193,0.0013699026138629584,0.06917110834219088,0.8709911510025223,58.516371812962035,90.0,0.25,0.03940059588748833; 0.25544365950593295; 0.38759623391724746,0.32431985458758095,0.25,0.03940059588748833; 0.25544365950593295; 0.38759623391724746,0.32431985458758095,,ETH/ETH или BTC/BTC
1:0x7bea39867e4169dbe237d55c8242a8f2fcdcc387,Ethereum,v3,Uniswap v3,uniswapv3,USDC/WETH,Голубая фишка/стейбл,1.0,,83.33333273082388,865664.575946,0.0074408885346393195,2.2632702462557592,3.411372982951736,,0.0,1.3855898386928533,2.0884663459827544,1.6334345006390183,0.6019214999196472,4.528868650818973,0.3059461303745896,0.9072681744906851,5.11365332222351,90.0,20.0,1.404518191243814; -115.75091492416618; 5.5057432315799595,11.534945648380198,,0.20367831900223815; -10.058026445516095; 0.6334553544246895,1.4104907169392769,,ETH/стейбл
1:0x0b599ebf4e05af48b56d38e2dde520570c366460,Ethereum,v3,Uniswap v3,uniswapv3,WBTC/LBTC,"Коррелир. (ETH/LST, BTC/BTC)",0.01,,74.99999736843245,823789.309237,0.45544150023774427,1.2467710631546598,1.6701347990292725,,0.0,0.0009660228036257008,0.0012940533740884279,1290.6228077383346,0.009394087562222578,0.0011031110140838117,0.09660228036257008,1.1129553419141542,3.4800764219740543,89.83333333333333,0.25,0.9703437634889676; 0.2489330544594698; 0.07425913265979034,0.8052256120228636,0.5,0.48876035341163215; 0.12627025695639227; 0.15052804956531265,0.4425594956547715,,ETH/ETH или BTC/BTC
1:0x15aa01580ae866f9ff4dbe45e06e307941d90c7b,Ethereum,v3,Uniswap v3,uniswapv3,WETH/CBBTC,ETH/BTC,0.3,,83.33333323410692,823294.876148,0.08874732465272135,8.098193364918167,6.198794229838984,,0.0,0.31442696775646023,0.24067936953419605,25.755403306215868,0.23258779540579438,0.6762135321465959,0.4649817739647006,0.8529666432788408,295.19092532951856,90.0,15.0,-3.43717015049368; -2.841852677761272; 4.583823585868382,3.9449735570263673,20.0,-2.6373542310437434; -2.178645171395925; 3.5634355872082533,3.0762152023813893,,ETH/BTC
1:0xe6ff8b9a37b0fab776134636d9981aa778c4e718,Ethereum,v3,Uniswap v3,uniswapv3,WBTC/WETH,ETH/BTC,0.01,,75.00000120157753,613956.278302,5.743847442963893,15.723782627024907,25.155709429813783,,0.0,0.9462828280804527,1.5139115330112094,16.616366862453596,0.1993931438869152,0.4969703228638509,1.9041032925817074,1.3184537689201936,37.51798236656769,90.0,15.0,0.8795574014206886; 10.246799372026146; 8.09746148445485,11.18553064454941,15.0,0.8795574014206886; 10.246799372026146; 8.09746148445485,11.18553064454941,,ETH/BTC
1:0x7858e59e0c01ea06df3af3d20ac7b0003275d4bf,Ethereum,v3,Uniswap v3,uniswapv3,USDC/USDT,Стейбл/стейбл,0.05,,75.00000034267946,596764.049839,0.2205217580285178,3.0183915768065472,1.9996343332795283,,0.0,0.004441084289686805,0.0029421446477933995,679.6519453179329,0.005428511826060519,0.0003683592580709864,0.44410842896868047,1.7388438819739829,-3.1601287539071876,90.0,0.1,2.392044266401093; 1.3195973870725202; 5.204861992065232,3.134816741751242,0.1,2.392044266401093; 1.3195973870725202; 5.204861992065232,3.134816741751242,,стейбл/стейбл
1:0x6c6bc977e13df9b0de53b251522280bb72383700,Ethereum,v3,Uniswap v3,uniswapv3,DAI/USDC,Стейбл/стейбл,0.05,,74.99999946442159,499745.566283,0.12077207669590996,1.6530677879706352,0.5510165446001423,,0.0,0.0009748226186359664,0.00032493730434265413,1695.7626509361392,0.003960027127036377,0.00019602268558579973,0.09748226186359664,2.9325740642804656,-4.038665361960336,90.0,0.1,0.26172412961419417; 0.044989697947723006; 0.6005868514955636,0.3073329132769176,0.05,0.36423002767887974; 0.0876034214832433; 1.1744616638352028,0.5518934068786802,,стейбл/стейбл
1:0x9a772018fbd77fcd2d25657e5c547baff3fd7d16,Ethereum,v3,Uniswap v3,uniswapv3,WBTC/USDC,Голубая фишка/стейбл,0.05,,74.99999931173967,387421.74572,2.7126954100255096,37.13001808398925,17.793447682353808,,0.0,6.807281548083418,3.262185539766941,5.454456058812957,0.37889737025856735,1.7945402148607232,3.7933290609548926,1.9364249982546275,-28.72059262584592,90.0,20.0,10.338656088426815; -75.90015029777243; 21.783082786491256,17.412098361724567,,0.9368089205210648; -5.3967381125156075; 2.022127595542721,2.03307921988214,,BTC/стейбл
1:0x97944213d2caeea773da1c9b11b0525f25b749cc,Ethereum,v3,Uniswap v3,uniswapv3,TBTC/WETH,ETH/BTC,0.3,,83.33333360661065,310164.485606,0.02322124527363762,2.118938638168127,3.1610429043389217,,0.0,0.15428633754848903,0.23016510424564451,13.733806063691079,0.241925040198385,0.7315965634373776,0.21088991564364487,0.8708764386597845,9.430243260214265,88.70833333333333,15.0,-3.64343568740493; -4.220200843084665; 2.4050526229677294,1.9994297962161005,20.0,-2.748749533932783; -3.2312630161719724; 1.8858474821463915,1.5936627426191068,,ETH/BTC
1:0xe63e32b2ae40601662f760d6bf5d771057324fbd97784fe1d3717069f7b75d45,Ethereum,v4,Uniswap v4,uniswapv4,PYUSD/USDS,Стейбл/стейбл,0.0006,0x0000000000000000000000000000000000000000,83.33333353458762,100123036.266889,0.40824086355157785,0.07450395777809384,0.06724518343031134,,0.0,5.003711956604893e-05,4.516210123447575e-05,1488.9737543694682,0.0016561868953452576,3.4286937903917044e-05,0.005003711956604893,0.7791665970829695,0.005585784780048897,90.0,0.1,0.13382837746480922; 0.13997704744370518; 0.07696843639615508,0.12547102698618742,0.05,0.2675190705503458; 0.2798097154644438; 0.15385519879793416,0.25081440383896486,,стейбл/стейбл
1:0x3b1b1f2e775a6db1664f8e7d59ad568605ea2406312c11aef03146c0cf89d5b9,Ethereum,v4,Uniswap v4,uniswapv4,USDT/USDS,Стейбл/стейбл,0.0006,0x0000000000000000000000000000000000000000,83.33333414255448,50038969.280081,1.8652544648283698,0.3404089431367709,0.3223314058456673,,0.0,0.00017026125854531225,0.00016121947420727134,1999.3329430615986,0.0031026908619597717,0.00012033363231110838,0.017026125854531223,0.4901051832707067,-0.2890149204960446,90.0,0.1,0.2676852536283847; 0.11156072104326388; 0.31079945251746716,0.32073624401866907,0.1,0.2676852536283847; 0.11156072104326388; 0.31079945251746716,0.32073624401866907,,стейбл/стейбл
1:0xdce6394339af00981949f5f3baf27e3610c76326a700af57e4b3e3ae4977f78d,Ethereum,v4,Uniswap v4,uniswapv4,ETH/USDC,Голубая фишка/стейбл,0.3499,0x0000000000000000000000000000000000000000,85.73878252866433,37518350.848582,0.10114419693750995,11.075289567160224,15.891843822550852,,0.0,1.3592966933592592,1.9504438803502964,8.147808805294467,0.4594461479052103,2.6386345353117053,0.5151515585687897,0.7141137712418693,4.397036392841702,90.0,20.0,11.46328849594365; -120.82367670974917; 10.387365357996392,15.474761244596047,,1.000747560793637; -10.104550930856409; 0.90669982106551,1.8604387323858769,,ETH/стейбл
1:0x50b00c1a5a8e582ec808e97e71598cd135206a9f9c548eab2ed73659e7ee5fa8,Ethereum,v4,Uniswap v4,uniswapv4,ETH/USDT,Голубая фишка/стейбл,0.3499,0x0000000000000000000000000000000000000000,85.73878250746759,30921451.782684,0.19253132600428965,21.082180197022005,29.481515408699817,,0.0,1.1405166961918742,1.5949090766907388,18.484762447945133,0.46745899801529545,2.7314739353183,0.41754624909461907,1.0010052812547785,65.3886304437832,90.0,20.0,-3.063359657554859; -120.06661418981956; 8.294210592704616,9.58753075328933,,-0.2660462489315614; -10.437844351863735; 0.7238466109623852,1.182112894870642,,ETH/стейбл
1:0x9035721b23481db3888fd201b9c2b26dbc3af60258bca65e669f2ed98dc8eb4f,Ethereum,v4,Uniswap v4,uniswapv4,RLUSD/USDS,Стейбл/стейбл,0.0006,0x0000000000000000000000000000000000000000,83.33333486326713,30000971.260309,0.5005646458096955,0.09135304953743881,0.11396168334300741,,0.0,4.566163080102667e-05,5.6962261649944334e-05,2000.6523624947883,0.002428704207333848,7.373255158401417e-05,0.0045661630801026665,1.272917279792047,50.016772758977844,43.791666666666664,,,,,,,,стейбл/стейбл
1:0x54c72c46df32f2cc455e84e41e191b26ed73a29452cdd3d82f511097af9f427e,Ethereum,v4,Uniswap v4,uniswapv4,ETH/WBTC,ETH/BTC,0.3499,0x0000000000000000000000000000000000000000,85.73878254942619,15158593.466563,0.024989357346953858,2.736334630772437,4.124893573877686,,0.0,0.26503630751575097,0.3995295565905914,10.324376521921693,0.2094078511866205,0.5481456017324725,0.48351442879059053,0.954092202857013,3.8817646383612514,90.0,15.0,3.0362274754417227; 6.143540140926597; 5.949214151275494,9.55624427699472,10.0,4.393361606549606; 8.16802123682385; 8.623408763476782,13.607356693296994,,ETH/BTC
1:0x2f92b371aef58f0abe9c10c06423de083405991f2839638914a1031e91d9a723,Ethereum,v4,Uniswap v4,uniswapv4,WBTC/CBBTC,"Коррелир. (ETH/LST, BTC/BTC)",0.0125,0x0000000000000000000000000000000000000000,79.99999970244784,14363567.716425,0.03191991447985256,0.11650768741812292,0.3142048470373545,,0.0,0.0001526223034893126,0.0004116008873324247,763.3726182509188,0.0050968360875135125,0.00032472172628725065,0.01526223034893126,1.4214604387926328,6.164453828171146,90.0,0.25,0.2773932913028633; 0.44368641838034817; 0.29689787108027604,0.43102303180039403,0.25,0.2773932913028633; 0.44368641838034817; 0.29689787108027604,0.43102303180039403,,ETH/ETH или BTC/BTC
1:0x90512722b19945c7ec2746e34f45c301a5dadc830bb669056fa5fd5ad943e06e,Ethereum,v4,Uniswap v4,uniswapv4,LBTC/CBBTC,"Коррелир. (ETH/LST, BTC/BTC)",0.0252,0x0000000000000000000000000000000000000000,79.3650790039263,11727669.258623,0.03393476634789089,0.24772379321232924,0.7315701817470398,,0.0,0.001721577797151776,0.005084109869391867,143.893464252484,0.007964260696882906,0.0007928681055989224,0.1721577797151776,1.6926861222278138,7.430599420571005,49.0,,,,,,,,ETH/ETH или BTC/BTC
1:0x20c3a15e34e5d88aeba004b0753af69e4f6bea80eae2263f7a92e919cd33cc56,Ethereum,v4,Uniswap v4,uniswapv4,WBTC/USDT,Голубая фишка/стейбл,0.3499,0x0000000000000000000000000000000000000000,85.73878249445143,11057502.828143,0.09787691242067977,10.717521908209786,7.921964300490054,,0.0,0.4727514224539321,0.3494389770098928,22.67052281424742,0.37503752862358125,1.7581643484510439,0.26888920985710446,0.9870646075986172,91.29041716479622,90.0,20.0,2.7770700433380777; -82.76688503714261; -3.083529697801602,3.5644641559414634,,0.24251666533469993; -6.995901188780997; -0.268650682367379,0.43318217822944755,,BTC/стейбл
1:0x599326d9cd5e1ea0893305c87d5ec3199e7f05e94d72159f35dea381479a615e,Ethereum,v4,Uniswap v4,uniswapv4,ETH/WBTC,ETH/BTC,0.0625,0x0000000000000000000000000000000000000000,79.99999982849023,10023244.903925,0.19486785342279733,3.5563383173417167,5.67092356377773,,0.0,0.29462854143678197,0.4698135523406019,12.070583182467388,0.1999974398240307,0.4999871992020848,0.5892721691814734,0.9495807308976391,12.885607937555466,90.0,15.0,9.484096824722755; 5.917440876462584; 7.10985049477363,12.258535444005304,10.0,13.73290761386631; 8.423472707012811; 10.30433679164558,17.716240360515357,,ETH/BTC
1:0xb98437c7ba28c6590dd4e1cc46aa89eed181f97108e5b6221730d41347bc817f,Ethereum,v4,Uniswap v4,uniswapv4,WBTC/USDC,Голубая фишка/стейбл,0.3499,0x0000000000000000000000000000000000000000,85.73878252656554,9345465.796592,0.06948658391479262,7.608780940203033,7.821736287263477,,0.0,1.040294878960893,1.0694107595119775,7.314061708929227,0.38047325951808386,1.80949876510394,0.574907758448311,0.7173383776378452,-4.8203522214262495,90.0,20.0,16.611424804246752; -76.57602270671912; 3.754801551469691,12.709035227678768,,1.4525703523212452; -6.258805540789386; 0.3290145825633317,1.3016387272047603,,BTC/стейбл
1:0x9c25d738109ff9ad10516f5f97ef24b9af51a9aa3db4b3b5728edf18a2d3f11c,Ethereum,v4,Uniswap v4,uniswapv4,BTC.B/CBBTC,"Коррелир. (ETH/LST, BTC/BTC)",0.0125,0x0000000000000000000000000000000000000000,80.00000121034586,8570422.280802,0.007247264390026129,0.026452515423804026,0.022059089562812297,,0.0,2.649805546079283e-06,2.2097065979744126e-06,9982.81381927961,0.0006788277248532744,5.7600885003684105e-06,0.0002649805546079283,2.930352749866161,329.2218718778138,53.916666666666664,,,,,,,,ETH/ETH или BTC/BTC
1:0x21c67e77068de97969ba93d4aab21826d33ca12bb9f565d8496e8fda8a82ca27,Ethereum,v4,Uniswap v4,uniswapv4,ETH/USDC,Голубая фишка/стейбл,0.0625,0x0000000000000000000000000000000000000000,80.00000004351804,6341794.236026,1.428372024373465,26.06778945899597,18.115849850463725,,0.0,1.7840902866438664,1.239856252612066,14.611250144763293,0.4566335273625077,2.6064272288940757,0.6844964888587615,0.9304340343281766,11.019776386348411,90.0,20.0,-0.6606762794118368; -120.67006887055199; 0.2961728801782677,8.158577352443196,,-0.05622335200424155; -10.782052505404156; 0.027509109279693196,0.9834220994675937,,ETH/стейбл
1:0x8aa4e11cbdf30eedc92100f4c8a31ff748e201d44712cc8c90d189edaa8e4e47,Ethereum,v4,Uniswap v4,uniswapv4,USDC/USDT,Стейбл/стейбл,0.0012,0x0000000000000000000000000000000000000000,83.33333798319528,5914261.422535,2.6183806228689988,0.9557089806741593,0.8549872087520848,,0.0,0.0003127535920814628,0.000279792621109716,3055.788981714481,0.0030785244593348007,0.00011846641058403285,0.031275359208146274,0.8330992242646309,-2.646696608870469,90.0,0.1,0.3328200745166638; 0.49868943474239436; 0.535991897408973,0.5421600700175058,0.05,0.6061768149622759; 0.3628651119050391; 0.8743549427946374,0.7585576730717175,,стейбл/стейбл
1:0x72331fcb696b0151904c03584b66dc8365bc63f8a144d89a773384e3a579ca73,Ethereum,v4,Uniswap v4,uniswapv4,ETH/USDT,Голубая фишка/стейбл,0.0625,0x0000000000000000000000000000000000000000,79.99999991560264,5362084.331193,0.34827737952956317,6.3560621697090935,13.815306472527073,,0.0,1.9196142958770523,4.172404092107791,3.311114208391052,0.45385774154434466,2.5748356194966644,0.7455288723449862,1.0003779480311374,-60.316795373663254,90.0,20.0,26.61102610420485; -117.38597542614704; 26.6300799559493,26.97104039672528,,2.327153899282496; -10.001208823074471; 2.3424888646935504,2.7885002917372987,,ETH/стейбл
1:0xbf8fc52a30d6500e86c681f082d3524e35fb4ceb21ded8c13c6ce3968690adc6,Ethereum,v4,Uniswap v4,uniswapv4,WBTC/CBBTC,"Коррелир. (ETH/LST, BTC/BTC)",0.0063,0x0000000000000000000000000000000000000000,79.36507841304713,4938779.727517,0.4026591458679906,0.7348529323940766,1.1571719305462103,,0.0,0.0003224161905221872,0.0005077083443219332,2279.2060510481942,0.005194130272086807,0.0003372373660426071,0.032241619052218715,0.8665868026411949,-1.613226166281112,90.0,0.25,0.5759881292139137; 0.4597435423820116; 0.40438606789605724,0.5631886882800499,0.1,1.3500651903976086; 0.8179927393412495; 0.8171045017418145,1.2005281817423659,,ETH/ETH или BTC/BTC
1:0xeda62d2906d0edf26d40c793d581609552a44a87f618a98ff76ebe8dde4b7edb,Ethereum,v4,Uniswap v4,uniswapv4,USDC/USDG,Стейбл/стейбл,0.01,0x0000113dcf4add69999fad8f20f2b63f979bfcc0,51.658256033784724,3859499.608561,3.1222781542457043,5.887137716976185,4.137842889773221,,0.0,0.00033652497497517676,0.0002365304740394914,17493.910273406724,0.0015424640457580598,2.9739941655704025e-05,0.033652497497517676,0.6210582357072297,,25.083333333333332,,,,,,,,стейбл/стейбл
1:0x2b21c65d9a7dc6926ee330a1c6e5a8037fd81774f3dc066536f800128e39f634,Ethereum,v4,Uniswap v4,uniswapv4,USDC/USDT,Стейбл/стейбл,0.0023,0x0000113dcf4add69999fad8f20f2b63f979bfcc0,33.48680562630473,3852008.759127,22.75977326084563,6.398266907075103,6.2411719854790455,,0.0,0.0017359576781595997,0.0016933351775191533,3685.7274734130137,0.004014676397781668,0.00020147033223631483,0.17359576781595995,0.39250782532733214,,25.125,,,,,,,,стейбл/стейбл
1:0x395f91b34aa34a477ce3bc6505639a821b286a62b1a164fc1887fa3a5ef713a5,Ethereum,v4,Uniswap v4,uniswapv4,USDC/USDT,Стейбл/стейбл,0.001,0x0000000000000000000000000000000000000000,80.00000327100949,3832812.571979,6.260770409734144,1.8281450343908643,1.55759931286809,,0.0,0.0006734014866925826,0.0005737453392510545,2714.792097311538,0.003065974744969382,0.00011750251420987584,0.06734014866925826,0.7090050407998858,-5.774764590717374,90.0,0.1,1.0236210011679518; 0.9750908147518627; 1.0933795979895724,1.1181244467920635,0.1,1.0236210011679518; 0.9750908147518627; 1.0933795979895724,1.1181244467920635,,стейбл/стейбл
1:0x0fb0e40cec3bb23e13abc585958a93c796fbea56955e19a23727a716a0423239,Ethereum,v4,Uniswap v4,uniswapv4,USDC/USDT,Стейбл/стейбл,0.0009,0x0000000000000000000000000000000000000000,77.77778093490471,3546031.584177,13.630612894035098,3.482621735791262,4.290374180902184,,0.0,0.0016181573875996061,0.0019934696338234736,2152.2144647236228,0.0030986227789849712,0.00012001828908055683,0.1618157387599606,0.5819557106875816,-54.55145866490418,90.0,0.1,1.8385286671055867; 1.5799648374778188; 2.957117583167683,2.2122741842553157,0.1,1.8385286671055867; 1.5799648374778188; 2.957117583167683,2.2122741842553157,,стейбл/стейбл
1:0x7067a500ad68cf5129b957fa62c97042cddccaa15d16cb91e3720d97971109bb,Ethereum,v4,Uniswap v4,uniswapv4,USDC/CBBTC,Голубая фишка/стейбл,0.3499,0x0000000000000000000000000000000000000000,85.73878250740327,3488774.164505,0.10677793565326427,11.692183953775366,16.078035840622725,,0.0,1.1443904648345888,1.5736624553650018,10.216953315375067,0.3728925499168242,1.7381106722933903,0.6584105851698133,0.9649273336271456,-57.53321050175888,90.0,20.0,8.255724784819822; -78.34904576766598; 2.3836724207389732,9.135857790819887,,0.7208782181436012; -6.395319058893769; 0.20966269621778946,0.9996672686076921,,BTC/стейбл
1:0xe500210c7ea6bfd9f69dce044b09ef384ec2b34832f132baec3b418208e3a657,Ethereum,v4,Uniswap v4,uniswapv4,USDC/WETH,Голубая фишка/стейбл,0.0,0x0000000aa232009084bd71a5797d089aa4edfad4,,3330944.786564,2.735295319083471,3.505044453031397,5.967783076971575,,0.0,0.1756125583545892,0.2990026711204204,19.958962422004948,0.45685688524996365,2.6089776700037306,0.06731087060409302,1.0061476412945247,3.5281513567170686,90.0,20.0,-4.5231019079986465; -121.53192008184494; -11.327960803314308,2.635869693755623,,-0.39369674778909935; -11.055313553770153; -0.9874398879784924,0.4322413337496867,,ETH/стейбл
1:0x5d0ed52610c76d7bf729130ce7ddc0488b2f4bd0a0db1f12adbe6a32deaff893,Ethereum,v4,Uniswap v4,uniswapv4,BOLD/USDC,Стейбл/стейбл,0.0625,0x0000000000000000000000000000000000000000,80.00000035867957,3063430.152601,0.09400472190348251,1.7155861824303773,1.4247085862050204,,6.500781036281003,0.0012858051717495572,0.0010677969356125644,1334.2504915391107,0.007504723341295769,0.0007040109053673691,0.12858051717495572,1.222308633568927,-7.026999037194004,90.0,0.1,-0.5269520065147754; 0.37065462634167184; -1.8754977885391626,0.5891081508394397,0.25,0.14205584633452112; 0.17880407130038292; -1.5104879440706434,0.45111843841685145,,стейбл/стейбл
1:0xb3ec039dd452a0c23404fec0bcaf6a6e4e1111469f2bfe7b7b5f41a0e366c03c,Ethereum,v4,Uniswap v4,uniswapv4,GHO/USDC,Стейбл/стейбл,0.0625,0x0000000000000000000000000000000000000000,79.99999994562381,3000088.721713,0.09282501048416306,1.6940564401845215,1.1617670360017085,,0.0,0.0014979776054297542,0.001027298123826089,1130.8957050119013,0.004252186390601825,0.00022601361375524222,0.14979776054297542,1.4102353044267324,0.030057233048630394,90.0,0.1,1.6815493160264756; 0.795777206817514; 1.8904317587901338,1.5456270915089008,0.05,2.1765622715809965; 1.118061646038938; 1.035605572881747,1.6158518888218991,,стейбл/стейбл
1:0xb2b92b56988a4edbe255989792c6ea239b25eaf66b42093145cbf8f630db3a17,Ethereum,v4,Uniswap v4,uniswapv4,EURC/USDC,Стейбл/стейбл,0.0379,0x0000000000000000000000000000000000000000,79.1556728494282,2757396.886866,1.209147724492599,13.240167587577902,12.021002916827289,,0.0,0.07946842442829904,0.07215091165043239,166.60916185048993,0.04624177371736711,0.026728770456602293,2.9731417895681576,0.6200988686664732,24.207737368913907,90.0,0.1,26.774562218723574; 6.467358790200578; -8.088754680532595,18.400506109569,0.25,34.94365365118124; 6.422285172931256; -6.392300333802858,21.223347040017885,,стейбл/стейбл
1:0x90078845bceb849b171873cfbc92db8540e9c803ff57d9d21b1215ec158e79b3,Ethereum,v4,Uniswap v4,uniswapv4,WETH/USDT,Голубая фишка/стейбл,0.0,0x0000000aa232009084bd71a5797d089aa4edfad4,,2302324.505894,3.3090473198922172,4.531299666957561,7.893693914429191,,0.0,0.18039194548544893,0.3142495325732045,25.119190631064356,0.45439946968630934,2.5809859756399893,0.06989264846381754,1.047778987703335,-3.7405549575857067,90.0,20.0,-4.370553256648779; -120.76988522751893; -11.298734287614975,2.7730125746863066,,-0.38010982866616355; -10.890201151207615; -0.9848042237854466,0.46967844001063913,,ETH/стейбл
1:0x5459f9d1f649b9f1353a50fd0c8d796b4feb11926bec295cb0614a135febdf9a,Ethereum,v4,Uniswap v4,uniswapv4,TBTC/CBBTC,"Коррелир. (ETH/LST, BTC/BTC)",0.0125,0x0000000000000000000000000000000000000000,79.99999916863332,2167155.451971,0.18276698651163498,0.6670994938349141,1.9765217702484648,,0.0,7.726490093263073e-05,0.00022892501070796476,8633.92673494237,0.006040936730563213,0.000456161457283347,0.0077264900932630725,1.296142064446311,-37.78180241906542,90.0,0.25,0.2503333795273466; 0.42442227138474964; 0.15049946368641332,0.27622508390493616,0.1,0.6198874392639209; 0.9528600523753993; 0.36551677767736085,0.6489350045888339,,ETH/ETH или BTC/BTC
1:0x58299b9ad89104f189f5efcdf4910615cb9e3296afb0c5a1d1d3befdd1bf7ae4,Ethereum,v4,Uniswap v4,uniswapv4,WBTC/WSTETH,ETH/BTC,0.2899,0x0000000000000000000000000000000000000000,86.23663304703348,2063154.252017,0.1149254795429562,10.486949974877042,15.086169246420233,,0.0,0.30495230692388303,0.43869400782508544,34.38881994585014,0.20809263715330256,0.5412818204677005,0.5633891540277219,0.8773503660878897,7.687463649264492,90.0,15.0,2.186927146398481; 4.176037097132633; 8.019395116487598,9.768152802629764,10.0,3.1417157393444537; 5.440448237290301; 11.613154107881783,13.945824933428897,,ETH/BTC
1:0x00b9edc1583bf6ef09ff3a09f6c23ecb57fd7d0bb75625717ec81eed181e22d7,Ethereum,v4,Uniswap v4,uniswapv4,ETH/USDC,Голубая фишка/стейбл,0.0125,0x0000000000000000000000000000000000000000,79.99999798530608,1748562.85618,3.218948154478348,11.74916046795894,6.023722715375503,,0.0,2.086488013292646,1.0697296436885757,5.631070196956378,0.45663025846655975,2.6063899118404645,0.800527965449077,0.4331168649582992,204.7660665975116,90.0,20.0,26.46440147404141; -113.99524530414975; 6.155794496870579,21.34988336284751,,2.3816752862969737; -9.809501903561594; 0.5804482290778197,2.3021531422877595,,ETH/стейбл
1:0x4a24fcf3c1cbebd80d09537c7aa15adf2d228aa1b9ba1b0e5fb82e66dc96c0d2,Ethereum,v4,Uniswap v4,uniswapv4,WBTC/USDT,Голубая фишка/стейбл,0.0625,0x0000000000000000000000000000000000000000,79.99999945164195,1532335.560733,0.5471992184106873,9.986385667543608,7.416228550551446,,0.0,0.39915821312044586,0.29642842114058804,25.018615023537595,0.3738957535841928,1.7474754318536427,0.22841992845475195,1.347239081214557,107.68122351679006,90.0,20.0,0.030902039256631417; -84.17254244298725; -3.979005483533671,2.3915218495761943,,0.0028268247759024234; -7.086586229945363; -0.3446461725098197,0.3446551945489111,,BTC/стейбл
1:0x3ea74c37fbb79dfcd6d760870f0f4e00cf4c3960b3259d0d43f211c0547394c1,Ethereum,v4,Uniswap v4,uniswapv4,WBTC/USDC,Голубая фишка/стейбл,0.0625,0x0000000000000000000000000000000000000000,80.00000032998805,1489016.180067,0.6705155302953628,12.236908478365791,34.625797047605,,0.0,2.101293997774086,5.945862848685195,5.823510889636779,0.37372100004680014,1.745842323449755,1.2035989559595304,1.1031658774582778,27.941517981177853,90.0,20.0,16.730474387264447; -74.85235696487163; 21.193714847304072,19.7243843987568,,1.476642436949011; -3.991350461115432; 1.871796756933912,2.634671775263991,,BTC/стейбл
1:0x034ccdd486fef2d354315b8a9efa2221bf3c2173e59c247516de4d890d3a80f1,Ethereum,v4,Uniswap v4,uniswapv4,WSTETH/WEETH,"Коррелир. (ETH/LST, BTC/BTC)",0.0125,0x0000000000000000000000000000000000000000,80.00000169700895,1354556.624318,0.24653494081134775,0.899852553049642,0.23714461229092776,,0.0,0.000898957555005583,0.00023690874702228987,1000.9955954417153,0.0017223405154054964,3.708071063759089e-05,0.0898957555005583,2.957356511378011,9.70561723552883,45.5,,,,,,,,ETH/ETH или BTC/BTC
1:0x56fc29b86900aa0afa6e20b020429bffba1105cfb45070492c67529b46eb48c1,Ethereum,v4,Uniswap v4,uniswapv4,USDE/USDC,Стейбл/стейбл,0.0031,0x0000000000000000000000000000000000000000,80.64516206037041,1149227.378071,5.287502116078834,4.824845726992423,8.83769974496366,,0.0,0.00042415332928115684,0.0007769242753281205,11375.23955115344,0.002018990407398058,5.09540283145672e-05,0.04241533292811568,0.6428253859955246,64.32548047120355,79.83333333333333,,,,,,,,стейбл/стейбл
1:0x70946c979da3e5587a00b3a750cc76902d187894501ba9e8be9efd1849b6e0b7,Ethereum,v4,Uniswap v4,uniswapv4,ETH/RETH,"Коррелир. (ETH/LST, BTC/BTC)",0.0125,0x0000000000000000000000000000000000000000,79.99999951895343,999621.648579,0.21135740721721666,0.7714545317040213,0.993291669181169,,0.0,0.0015336008517622167,0.001974598485460701,503.03475693663387,0.00992612798356336,0.0012316002093259956,0.15336008517622168,1.4409458200668745,10.865023958540675,90.0,0.25,2.806605243000161; 7.336428013119499; 2.0180601574953405,4.166825093926977,0.1,3.6894122756876153; 11.11030025371833; 3.4571176958328396,6.356453885668834,,ETH/ETH или BTC/BTC
1:0xb20351bcf606dcc3525d2ed36760a86a5dec7423b77d41125bd4a416ba93448b,Ethereum,v4,Uniswap v4,uniswapv4,SUSDE/USDT,Стейбл/стейбл,0.0101,0x0000000000000000000000000000000000000000,79.20792058089309,788708.980424,2.043664263848608,5.967499634527239,9.834583542373434,,0.0,0.0007783831657330693,0.0012827942589367968,7666.532239179582,0.0037510824819395297,0.00017588274732892027,0.07783831657330693,0.707627936322481,-9.909332378165258,90.0,0.1,-2.36672972815342; -0.8471130725536263; -1.7601232869805,0.3382851634164503,0.25,-1.6300928309212543; 0.19635446185633254; -1.3645332856177264,0.6077314066947306,,стейбл/стейбл
1:0xf6e8088529094bc485561fa2a03e3d19c9a60f5d99a997e8fe16ab4ca2db277a,Ethereum,v4,Uniswap v4,uniswapv4,DAI/USDT,Стейбл/стейбл,0.0086,0x0000000000000000000000000000000000000000,79.06976206070462,694626.506522,0.6458634453985087,1.6030329623834092,1.4727966663059262,,0.0,0.0006027512312702519,0.0005537815034737224,2659.5266491702396,0.00280992180427643,9.869575682685135e-05,0.06027512312702519,1.1217176861089089,-35.11225677067563,90.0,0.1,2.7338386199751006; 1.3358700324518122; 1.0092096692129295,1.7966943842092507,0.05,4.9702859564455615; 1.0806977722456423; 1.5740974265717036,2.705972349596384,,стейбл/стейбл
1:0x1d5b2949ece8754c2d736991c62c5162bd144f497b2212182401b9bae77e2d76,Ethereum,v4,Uniswap v4,uniswapv4,ETH/WSTETH,"Коррелир. (ETH/LST, BTC/BTC)",0.0125,0x0000000000000000000000000000000000000000,79.99999617154874,589356.311151,0.3059897738131188,1.116862620969705,0.7183036786465659,,0.0,0.000646576768547869,0.00041584207641589724,1727.347277691464,0.001458588369424886,2.6593500392769346e-05,0.06465767685478689,1.0522148809868923,26.866071184750307,90.0,0.25,0.8614928548993794; 0.21517307976223493; 0.17038221499202033,0.8656162072459501,0.25,0.8614928548993794; 0.21517307976223493; 0.17038221499202033,0.8656162072459501,,ETH/ETH или BTC/BTC
1:0xbc21dd4a44766fadfd6447f4b222a6185dcc2e6a3b15eb79e0cc637e30e7e97f,Ethereum,v4,Uniswap v4,uniswapv4,ETH/STETH,"Коррелир. (ETH/LST, BTC/BTC)",0.0966,0x0000000000000000000000000000000000000000,82.81573417308715,487858.027091,0.012740606242832268,0.372025698622539,0.956164229133385,,0.0,0.00039674880713900357,0.001019706484638726,937.6857395117443,0.0014583776865290398,2.658581845707243e-05,0.03967488071390036,1.190427298694548,-52.40590766683493,90.0,0.25,0.8614445932314903; 1.103359950948655; 0.6573758251700776,0.8859771363419051,0.1,2.01190738954494; 2.6192710415862375; 1.6030819918942503,2.107845896595376,,ETH/ETH или BTC/BTC
1:0xe018f09af38956affdfeab72c2cefbcd4e6fee44d09df7525ec9dba3e51356a5,Ethereum,v4,Uniswap v4,uniswapv4,USDC/USDT,Стейбл/стейбл,0.0125,0x0000000000000000000000000000000000000000,80.00000624428246,462697.982451,0.3834434957471023,1.3995688687182068,1.477537786265146,,0.0,0.0014022077193006838,0.0014803236452071845,998.1180744149713,0.002864264848926585,0.0001025501640599554,0.14022077193006838,1.6525143959131856,-35.33159533842082,90.0,0.1,2.074270356795681; 3.07961266392265; 2.3124690315187943,2.5909188705039154,0.1,2.074270356795681; 3.07961266392265; 2.3124690315187943,2.5909188705039154,,стейбл/стейбл
1:0xe74394bc421835aa4d15dadbae183f7263f890ca7e8c0e35dd57709adfd660db,Ethereum,v4,Uniswap v4,uniswapv4,ETH/USDC,Голубая фишка/стейбл,0.0417,0x47f1c7c7d5bd2039d9d3a997d91569869edf1080,96.67085921215921,453780.284419,0.0565909200903741,0.8326668080870449,0.7443821753938754,,0.0,0.5065018457473908,0.4527992975301137,1.6439561179848556,0.5200907494837489,3.3811798462320954,0.14980032674447177,1.4643395790794889,8.068505920835168,52.875,,,,,,,,ETH/стейбл
1:0xfeb8ab4feb81ae866a71165366c04902fbdcb2b521f1abd398d643077af4f6bc,Ethereum,v4,Uniswap v4,uniswapv4,ETH/EURC,Голубая фишка/стейбл,1.099,0x0000000000000000000000000000000000000000,90.99181159704233,434986.980912,0.019145943871296135,6.988269579072686,11.084761909633935,,0.0,1.3882188119650425,2.201986462455461,5.033982769028101,0.463210317570519,2.682047478797263,0.5175966581276089,1.1329251253248662,2.019558479355199,90.0,20.0,17.904800151749846; -104.76684442568944; -4.670481296220108,20.460613974416308,,1.7244212714868745; -7.62184746913574; -0.26262606650151005,2.659307764679489,,ETH/стейбл
1:0x3d8a4e3c8985f514808a901424724c9bc03b7a5b5ac3ca8b679d4681690d1e7f,Ethereum,v4,Uniswap v4,uniswapv4,ETH/WBTC,ETH/BTC,0.0125,0x0000000000000000000000000000000000000000,79.999996796156,410940.273142,1.9784812572845905,7.221456299883501,4.760998654924413,,0.0,0.18198763147668348,0.11998173674295413,39.681027997821516,0.1999256178823187,0.4996281585703363,0.3642461465691465,0.6462017436167863,635.0210000918322,90.0,15.0,-1.6942935811480704; -0.08106619986382915; 3.545495327045958,5.3069098228665395,20.0,-1.2381957721043393; 0.02135446882218882; 2.7680534804509715,4.171025489908011,,ETH/BTC
1:0x4eceeb5adaa1cabd56451c1f1ea82b33effb6de62097a19734936f574e9a2de2,Ethereum,v4,Uniswap v4,uniswapv4,GHO/USDT,Стейбл/стейбл,0.0125,0x0000000000000000000000000000000000000000,79.9999994918747,397810.954595,0.8905946825481592,3.250670570653933,7.949399324241433,,0.0,0.0008616519140826675,0.002107139125501163,3772.6029705564624,0.004242486952606939,0.00022498369428800138,0.08616519140826674,0.9110529374454311,31.947499148506186,90.0,0.1,3.94201411756421; 3.608942809911438; 4.111969537027699,3.9222426109061512,0.05,6.953036275355062; 5.03040060369882; 4.754338522954212,5.648264155604436,,стейбл/стейбл
1:0x042a5b2c816d473338d6d1fff7d4e2f74a4bf6d9517e74538f3778d0693aef69,Ethereum,v4,Uniswap v4,uniswapv4,ETH/DAI,Голубая фишка/стейбл,0.3499,0x0000000000000000000000000000000000000000,85.73878146911868,375464.603295,0.04208802959291334,4.60863918451271,7.159652422959748,,0.0,1.2386771267657644,1.9243202465742661,3.7206137781409203,0.4657584094866375,2.711636200094029,0.45680063082312145,0.7240633505126176,3.3861454014130654,90.0,20.0,18.65498386261524; -116.15650655002283; 7.646681344346506,18.13836871996433,,1.7680467597569076; -9.64587595814729; 0.8167742412982077,2.185265087959708,,ETH/стейбл
1:0x2287a9620adcbf6250dc71be9ee9b2d3a1ec85a464fc6f5c06669e8d07b61bba,Ethereum,v4,Uniswap v4,uniswapv4,ETH/USDT,Голубая фишка/стейбл,0.0125,0x0000000000000000000000000000000000000000,80.00000376492903,326666.674437,4.82112845289165,17.59711968120332,18.38174944505412,,0.0,1.6697919720253869,1.7442455476346792,10.538510171335153,0.45376144777755106,2.57374314361474,0.6487795707850696,0.5052445356945716,-6.838680650216123,90.0,20.0,16.543626955710554; -117.36805004673651; 5.45943674675232,16.526554717028777,,1.4790147336227981; -9.662823431189478; 0.5331173023499074,2.0141125834023184,,ETH/стейбл
1:0x63bb22f47c7ede6578a25c873e77eb782ec8e4c19778e36ce64d37877b5bd1e7,Ethereum,v4,Uniswap v4,uniswapv4,USDE/USDT,Стейбл/стейбл,0.0057,0x0000000000000000000000000000000000000000,78.94736914166596,323387.521326,0.8068236465521803,1.3252078515581471,3.058324325135765,,0.0,0.0002746364066454262,0.0006338078981527454,4825.317472453964,0.003386041573416469,0.00014331596921130847,0.027463640664542616,1.0702285788063193,-58.96306036542691,90.0,0.1,-0.2908539141710844; 1.1808482993184406; 0.7532278224506657,0.7704400182913924,0.25,0.31617285026876435; 0.4925403908669189; 0.30321998283431334,0.46264404551035354,,стейбл/стейбл
1:0x695a5fbc047543cd09e00cbfe239becc9bfbffd41f6ac4b6f1a36caf4829d75e,Ethereum,v4,Uniswap v4,uniswapv4,ETH/BOLD,Голубая фишка/стейбл,0.3499,0x0000000000000000000000000000000000000000,85.73878252847193,300749.398895,0.13162466299950187,14.41290060167026,20.68628903939631,,0.0,1.2557229416334599,1.8022914638723335,11.477771189655725,0.4616490840693388,2.6639984602757427,0.47136774302169965,1.044409330896235,129.58644608355158,90.0,20.0,1.5410766841519365; -119.12459841046001; 2.6653402507239665,10.503638097697364,,0.21099307048573485; -10.541949029631152; 0.2777367342283469,1.253385142740843,,ETH/стейбл
42161:0xc6962004f452be9203591991d15f6b388e09e8d0,Arbitrum,v3,Uniswap v3,uniswapv3,WETH/USDC,Голубая фишка/стейбл,0.05,,75.00000011901669,36951817.435086,1.0897800861191853,14.916364952426967,18.66710920667182,,0.0,1.2757768051113303,1.5965729599876304,11.69198631975857,0.5475227370728234,3.7472643451464513,0.3404555130367965,0.6202959593251525,2.2740472772446063,90.0,20.0,9.048280994216059; -119.3296382894547; 4.5518687298263645,13.362035223284431,,0.7895964296610902; -10.394059972548513; 0.39742621955742435,1.5361827034904594,,ETH/стейбл
42161:0x2f5e87c9312fa29aed5c179e456625d79015299c,Arbitrum,v3,Uniswap v3,uniswapv3,WBTC/WETH,ETH/BTC,0.05,,74.99999992944879,36282558.496986,0.4140174512998302,5.666863859335705,8.517213843047916,,0.0,0.24643533342664192,0.3703887168243302,22.99533829235814,0.23416139622789012,0.6853944935424369,0.3595525434599711,0.7645495914988691,-5.413318930623056,90.0,15.0,0.0544659144160111; 1.131783093089495; 4.743030930538001,6.699424337198994,10.0,0.07781111912026366; 1.5728195438355062; 6.878323628363765,9.692949763531153,,ETH/BTC
42161:0x0e4831319a50228b9e450861297ab92dee15b44f,Arbitrum,v3,Uniswap v3,uniswapv3,WBTC/USDC,Голубая фишка/стейбл,0.05,,75.00000009577494,8132242.179616,1.139212553137084,15.592971840976052,17.24900292785072,,0.0,0.8788086961908261,0.9721414191091989,17.743306260581384,0.4126504210697604,2.128504625113132,0.4128761036373678,0.6717519058357643,-15.311787806347454,90.0,20.0,8.627564081820395; -84.37689091850189; 2.381720776737577,8.051083450669454,,0.7531194950894828; -7.135945934093016; 0.2084669940576313,0.8398595937086234,,BTC/стейбл
42161:0x641c00a822e8b671738d32a431a4fb6074e5c79d,Arbitrum,v3,Uniswap v3,uniswapv3,WETH/USD₮0,Голубая фишка/стейбл,0.05,,74.99999997273127,6412735.936033,0.6283339107765601,8.600320400627234,11.294304303237379,,0.0,1.2116559341238702,1.591197791866019,7.097988924426796,0.547664569844716,3.7492060132899727,0.32317667522906474,0.7291381163227786,-2.880356597562117,90.0,20.0,8.08925190741701; -118.02666980678664; 3.3266022772232917,12.739325472713233,,0.7092390268672122; -10.187575625287709; 0.2939196813319904,1.4987125229406024,,ETH/стейбл
42161:0xc473e2aee3441bf9240be85eb122abb059a3b57c,Arbitrum,v3,Uniswap v3,uniswapv3,WETH/USDC,Голубая фишка/стейбл,0.3,,83.33333332802746,5705535.911889,0.13108288182988057,11.961312966215019,21.045106323847833,,0.0,1.2642948257001991,2.224439667008464,9.460857327791826,0.6529926427964305,5.329992394328334,0.23720387050562028,1.0753655860177076,9.61281520867907,90.0,20.0,7.533038788775924; -121.84637264739531; 14.615589917728155,15.543395763420904,,0.660114477075406; -10.594092682897259; 1.2799590473655884,1.7411926813172558,,ETH/стейбл
42161:0x5969efdde3cf5c0d9a88ae51e47d721096a97203,Arbitrum,v3,Uniswap v3,uniswapv3,WBTC/USD₮0,Голубая фишка/стейбл,0.05,,75.0000002300604,4152027.434144,0.7188605536279723,9.839403857964967,12.172371033588089,,0.0,0.7847459031272572,0.9708127075423028,12.538330966436883,0.4127932589078989,2.1299784324975457,0.36842903719315545,0.6699935258971271,-9.68430021572313,90.0,20.0,11.301918017000977; -82.33861767517772; 1.7246431100789015,9.194922613316747,,0.9868834074212555; -6.874205387084068; 0.15225129055301262,0.9648592740906935,,BTC/стейбл
42161:0x9b42809aaae8d088ee01fe637e948784730f0386,Arbitrum,v3,Uniswap v3,uniswapv3,WBTC/CBBTC,"Коррелир. (ETH/LST, BTC/BTC)",0.01,,75.00000029121648,1279025.483014,0.7369655393340674,2.017443171760512,2.88114787776059,,0.0,0.0011597881222173874,0.0016563148512691946,1739.4928721147642,0.011874881884939464,0.001762660247265793,0.11597881222173874,0.9042690980826814,18.446178046715577,90.0,0.25,1.4876863456113611; 0.8501434002706355; 1.4624909777590285,1.398995157670534,0.1,3.108825333036572; 0.9049025046461369; 1.7593781433634252,2.2212524416773167,,ETH/ETH или BTC/BTC
42161:0xbe3ad6a5669dc0b8b12febc03608860c31e2eef6,Arbitrum,v3,Uniswap v3,uniswapv3,USDC/USD₮0,Стейбл/стейбл,0.01,,75.00000248821014,1158426.223017,1.1654355882261622,3.1903800286135944,4.072853713214642,,0.0,0.0004163649931131222,0.0005315334515149561,7662.459816228596,0.0032152555772779257,0.0001292233553402101,0.04163649931131222,0.8579564906142083,-13.469260293703677,90.0,0.1,0.7393121325355605; 0.6925338201867877; 0.9892041159905421,0.8940600959301573,0.05,1.3408654026871105; 1.0106859491197366; 1.5837947563241597,1.455644327851151,,стейбл/стейбл
42161:0xc31e54c7a869b9fcbecc14363cf510d1c41fa443,Arbitrum,v3,Uniswap v3,uniswapv3,WETH/USDC,Голубая фишка/стейбл,0.05,,75.00000495009449,1115804.180372,0.19985980034207448,2.7355811977339393,4.40295382796209,,0.0,1.1630307109439024,1.8719131879652473,2.3521143268123783,0.5493471868562952,3.772279146336567,0.3083098216825695,0.6567318326330963,0.5085724157785743,90.0,20.0,18.042128161794185; -117.15754279036472; 6.42456046517898,17.80753633362675,,1.6974159735724328; -9.939319318975096; 0.6361638617893148,2.0814506863495486,,ETH/стейбл
42161:0x35218a1cbac5bbc3e57fd9bd38219d37571b3537,Arbitrum,v3,Uniswap v3,uniswapv3,WSTETH/WETH,"Коррелир. (ETH/LST, BTC/BTC)",0.01,,74.99999677371747,990431.074166,0.425196884136291,1.1639764202522038,0.7245777574217347,,0.0,0.002024721995360607,0.00126039367918035,574.8820938969932,0.003043758071907009,0.00011580579000373842,0.2024721995360607,1.1173140975275968,-5.450582434700202,90.0,0.25,1.4387361532053033; 1.641919557653195; 1.0637845273979138,1.786795040070271,0.25,1.4387361532053033; 1.641919557653195; 1.0637845273979138,1.786795040070271,,ETH/ETH или BTC/BTC
42161:0x149e36e72726e0bcea5c59d40df2c43f60f5a22d,Arbitrum,v3,Uniswap v3,uniswapv3,WBTC/WETH,ETH/BTC,0.3,,83.33333174850279,833248.336691,0.035233437538666375,3.2150511142595706,4.995812868933502,,0.0,0.2912048342014734,0.4524982050042495,11.040514224551643,0.3258414051393835,1.327157766290098,0.21941990741274098,1.0428599052848626,9.839836139857727,90.0,15.0,-3.3855841975119807; -3.0904439903620333; 6.278730773849288,4.334246868498068,20.0,-2.609559536348354; -2.378913868676633; 4.8856930509786585,3.3742428800058097,,ETH/BTC
42161:0xe9e6b9aaafaf6816c3364345f6ef745ccfc8660a,Arbitrum,v3,Uniswap v3,uniswapv3,WBTC/TBTC,"Коррелир. (ETH/LST, BTC/BTC)",0.05,,75.00000627163452,482093.471314,0.013320592942418759,0.1823256311457518,0.3937401255562028,,0.0,0.0006874587278977836,0.001484597004470524,265.2168395669293,0.007822510538786858,0.0007648958891178933,0.06874587278977835,1.6503269582737066,11.423797708174721,90.0,0.25,1.9937091085142946; -0.6089779899548847; 0.8552956487462274,1.125187875212669,0.5,1.046227818733699; -0.2852548540570419; 0.4495290543187526,0.593110786625543,,ETH/ETH или BTC/BTC
42161:0xc82819f72a9e77e2c0c3a69b3196478f44303cf4,Arbitrum,v3,Uniswap v3,uniswapv3,WETH/USD₮0,Голубая фишка/стейбл,0.3,,83.3333333266684,365516.326739,0.11076580271469326,10.10737949690738,15.502753595240742,,0.0,1.4606380391870502,2.240334561523186,6.919838608703399,0.7001990248828759,6.128483430586628,0.23833596936840143,1.1184939561720764,31.29717322032168,90.0,20.0,1.872100362701802; -119.60950072279644; 14.89404039355606,13.974826596974212,,0.2114104232459235; -10.156641250913102; 1.4196643043443737,1.7224462803152445,,ETH/стейбл
42161:0x864abca0a6202dba5b8868772308da953ff125b0f95015adbf89aaf579e903a8,Arbitrum,v4,Uniswap v4,uniswapv4,ETH/USDC,Голубая фишка/стейбл,0.0625,0x0000000000000000000000000000000000000000,79.99999983917255,7079185.938171,0.7828557905388585,14.287118148612155,17.80122831640749,,0.0,1.4150973173478782,1.76315966411269,10.096208913312429,0.4601948110366083,2.6472408013127455,0.5345555707082419,1.8572927035602875,3.9197031467393284,90.0,20.0,11.507959183605658; -117.50678591079485; 6.531186431361247,15.295577918221742,,1.0126560164677934; -7.53382527094552; 0.5725812660112084,2.6004048292766133,,ETH/стейбл
42161:0x80c735c5a0222241f211b3edb8df2ccefad94553ec18f1c29143f0399c78f500,Arbitrum,v4,Uniswap v4,uniswapv4,WBTC/USDC,Голубая фишка/стейбл,0.0625,0x0000000000000000000000000000000000000000,80.00000028163406,3527345.372864,0.8338864691647397,15.218428115831845,19.65482213273942,,0.0,0.7722207596777971,0.9973343871753989,19.70735430912478,0.3676204438003068,1.6893098837491813,0.4571220278211856,0.7760203878080341,19.305287906050484,90.0,20.0,5.467029634072905; -83.26448844965229; 3.697048926780356,7.243426215498741,,0.478053971192033; -6.822633547563236; 0.3243217042647757,0.8343610455725277,,BTC/стейбл
42161:0x03df2300e83353309c1069ae3ea89c31b361a009f9c36a1de5c8f0afcc45bde8,Arbitrum,v4,Uniswap v4,uniswapv4,ETH/USDC,Голубая фишка/стейбл,0.3499,0x0000000000000000000000000000000000000000,85.73878249306868,3106098.588685,0.08622673511291573,9.441827493078108,17.015300096905523,,0.0,1.5556994439862672,2.803556082699172,6.06918484773943,0.4721933036034971,2.787081449599805,0.558182267766035,0.974452657113308,0.31171510029857075,90.0,20.0,62.316617634382865; -104.50590003180362; 18.453969265076186,40.31190384551361,,5.524874504613035; -7.697516029603335; 1.6252534586835339,4.376907504882272,,ETH/стейбл
42161:0x8b3781471ab98774c59775df9cc505ce20b36afffd297aef2dc17daafce3b140,Arbitrum,v4,Uniswap v4,uniswapv4,ETH/WBTC,ETH/BTC,0.0625,0x0000000000000000000000000000000000000000,80.00000057063248,1292071.971853,0.20057787851933712,3.6605463090882346,4.943266249717338,,0.0,0.31583944722993784,0.4265151559331081,11.589895882838471,0.1988223657326568,0.4941291639441293,0.639183983209802,0.6626619789932731,3.2318162976103126,90.0,15.0,3.6980797539364905; 2.9011562888056655; 5.862094761757304,8.890758801779658,10.0,5.254853129887517; 3.9594482764131924; 8.454349199470679,12.759797048251103,,ETH/BTC
42161:0xe88bba0ec2fc9091d68344b32b504abcc59f0aa9e1ae2ef048b69bc7ec3f4df8,Arbitrum,v4,Uniswap v4,uniswapv4,ETH/USD₮0,Голубая фишка/стейбл,0.0625,0x0000000000000000000000000000000000000000,80.0000004234628,923974.81035,0.6863236676366451,12.525407000669322,13.912885281162396,,0.0,1.1240046827752694,1.2485141765138648,11.143554108460615,0.4594200731980358,2.638335045716107,0.4260280302914249,0.8971233979189569,8.29683355316233,90.0,20.0,-2.9933855076735716; -121.29572412919782; 0.0017012701769817792,6.86382467304555,,-0.25504139323287744; -10.892229556542807; 0.014628818894922612,0.8506890740439055,,ETH/стейбл
42161:0xab05003a63d2f34ac7eec4670bca3319f0e3d2f62af5c2b9cbd69d03fd804fd2,Arbitrum,v4,Uniswap v4,uniswapv4,USDC/USD₮0,Стейбл/стейбл,0.001,0x0000000000000000000000000000000000000000,80.00002279703014,583698.063781,9.812430907079984,2.8652306413514896,3.237391424845161,,0.0,0.0012917680419579963,0.00145955397850669,2218.0689940343455,0.0032047338588761715,0.00012837898882784196,0.12917680419579963,0.6645095146385165,-3.0360539501858685,90.0,0.1,0.986606590308232; 1.7409945624603553; 2.7417917580314954,1.9091016840660946,0.05,1.69402001008841; 1.382712413778845; 4.3321639379259,2.613884708362382,,стейбл/стейбл
42161:0x9576c70b482e79544a9c6afc322e450d7a035b8a4114ede9039a112e7c14c8a8,Arbitrum,v4,Uniswap v4,uniswapv4,WBTC/CBBTC,"Коррелир. (ETH/LST, BTC/BTC)",0.0048,0x0000000000000000000000000000000000000000,79.16666802456082,548584.322979,1.01218520257662,1.403900900053967,3.0226862519124693,,0.0,0.0006987537654074745,0.001504460464472993,2009.1496741134408,0.009012256581005799,0.0010152596085235292,0.06987537654074745,5.89790244617986,263.1379564703937,69.83333333333333,,,,,,,,ETH/ETH или BTC/BTC
42161:0x44d1592a3ac6c42c77d6543544c3b1543a44bd9c4057335da7a1d48051999d16,Arbitrum,v4,Uniswap v4,uniswapv4,WBTC/CBBTC,"Коррелир. (ETH/LST, BTC/BTC)",0.0125,0x0000000000000000000000000000000000000000,80.00000106109684,395823.817424,0.5286437464975864,1.9295497003091786,1.463697998696708,,0.0,0.0013077000922089614,0.0009919817082478144,1475.5292224915206,0.009622671329564628,0.0011574475439603137,0.13077000922089613,1.2008306729569407,28.758701171725697,90.0,0.25,1.4580932144623875; 1.203870482287657; 0.9268545642889483,1.3199223387774293,0.1,2.835419467848672; 0.9409780968590803; 1.6070910560951324,2.076699283517706,,ETH/ETH или BTC/BTC
42161:0x13fd8faf63c1b0dbd44157df1a390224d734bdcf1f60451fb84a8b48dd3d388a,Arbitrum,v4,Uniswap v4,uniswapv4,USDC/USD₮0,Стейбл/стейбл,0.0001,0x4440854b2d02c57a0dc5c58b7a884562d875c0c4,100.0014296180852,333337.071401,0.9764108055147299,0.03563950390279699,0.026070894785693483,,1.394856349297743,1.7731652154080084e-05,1.2971000913659107e-05,2009.9370094284345,0.0031940548917447054,0.0001275248331434785,0.0017731652154080084,0.5345582054316204,103.48886592025868,90.0,0.1,0.03235407905483953; -0.18632586008970672; 0.026133773288953915,0.03878543591342205,0.25,0.014016060633754627; -0.07372356055515714; 0.010744617056025163,0.016274872147341062,,стейбл/стейбл
42161:0x70bf44c3a9b6b047bf60e5a05968225dbf3d6a5b9e8a95a73727e48921e889c1,Arbitrum,v4,Uniswap v4,uniswapv4,WBTC/USDC,Голубая фишка/стейбл,0.3499,0x0000000000000000000000000000000000000000,85.73878234415211,326144.691652,0.16912385600621077,18.51906219701164,15.65076566210006,,0.0,0.900516309823939,0.7610412228232502,20.564938130473532,0.3750314750761169,1.7581075912221011,0.5122077365003409,0.8826602965633621,42.71390784937501,90.0,20.0,7.667050241068761; -79.46847027211544; 2.3730608840609966,8.114608124935986,,0.6820003538538609; -6.606105438468828; 0.22514206784829183,0.8749322871140379,,BTC/стейбл
8453:0x6c561b446416e1a00e8e93e221854d6ea4171372,Base,v3,Uniswap v3,uniswapv3,WETH/USDC,Голубая фишка/стейбл,0.3,,83.33333333425746,162978412.659769,0.4133376314054864,37.7170588661689,44.197909174985675,,0.0,1.3095906016127883,1.5346150576553723,28.80064870633582,0.46141117723096625,2.661253430920827,0.4920954112813125,0.646861444939541,39.757735907914736,90.0,20.0,13.754247505795886; -118.62076459638568; 7.91781364919682,16.083617083775458,,1.1996722475447585; -9.742055686499468; 0.6906155467036781,1.9640318584256016,,ETH/стейбл
8453:0x7aea2e8a3843516afa07293a10ac8e49906dabd1,Base,v3,Uniswap v3,uniswapv3,WETH/CBBTC,ETH/BTC,0.05,,74.99999999525131,14488544.127364,0.9524291652472827,13.036374198496775,18.681244546523754,,0.0,0.28704016841400815,0.4113312105934925,45.41655013138772,0.20182246427737596,0.5091538385874087,0.5637592151133919,0.7202122167363639,60.270496552268085,90.0,15.0,4.9409511948837; 13.425945238564548; 8.126356036082765,13.54054726978962,10.0,7.156943641283946; 19.33341045040424; 11.783963530596896,19.58844109823174,,ETH/BTC
8453:0x8c7080564b5a792a33ef2fd473fba6364d5495e5,Base,v3,Uniswap v3,uniswapv3,WETH/CBBTC,ETH/BTC,0.3,,83.33333331996525,11624834.499727,0.0984389681353942,8.982555840913765,12.570462764812893,,0.0,0.34379556571001413,0.4811180062784768,26.127608197513524,0.21814910021399564,0.594862874052199,0.5779408678979792,0.8413054424353738,-3.0296128232574326,90.0,15.0,3.7642052862462965; 5.363399112792798; 6.501269768618628,9.708127487054728,10.0,5.45457604678174; 7.252277705529265; 9.426495057341928,13.902153368844292,,ETH/BTC
8453:0xd0b53d9277642d899df5c87a3966a349a798f224,Base,v3,Uniswap v3,uniswapv3,WETH/USDC,Голубая фишка/стейбл,0.05,,74.9999981976964,10090507.228279,1.5143138443256707,20.72717024611889,24.508256795259857,,0.0,1.2724634200902887,1.5045884166453878,16.289010684997276,0.45785160760812016,2.6203511823667505,0.4856079706617705,0.6092782263088724,14.25538687225334,90.0,20.0,6.730838808832565; -118.8846357949481; 4.511325733253324,12.536384445119046,,0.5880182927977209; -10.173861675664153; 0.3946888863230712,1.5106274576494438,,ETH/стейбл
8453:0xfbb6eed8e7aa03b138556eedaf5d271a5e1e43ef,Base,v3,Uniswap v3,uniswapv3,USDC/CBBTC,Голубая фишка/стейбл,0.05,,74.99999996484925,8644408.321767,0.9954155320193606,13.624750088129398,14.511865778402406,,0.0,0.8907467039527037,0.9487437587261245,15.295874829139796,0.3754934320699681,1.7624414690960468,0.5054049848302572,0.6055007284051257,14.596181304304178,90.0,20.0,10.295769252795814; -82.09297400597326; 2.839298896012548,9.142013794519368,,0.8988700002798636; -6.64150547575858; 0.24856264528830552,1.0272806026460968,,BTC/стейбл
8453:0xec558e484cc9f2210714e345298fdc53b253c27d,Base,v3,Uniswap v3,uniswapv3,USDC/CBBTC,Голубая фишка/стейбл,0.3,,83.33333334164567,1801523.030019,0.19424107541012642,17.724498132942017,19.59080396579776,,0.0,1.04759683250099,1.1579038247956863,16.919197904242683,0.4419662512726235,2.4416770907996974,0.42904806554820946,0.7682996695489529,-17.39518670092496,90.0,20.0,5.554683838816451; -82.81489479208021; 3.536738228571721,7.352959011227893,,0.48564865653727185; -6.9608000762366675; 0.311619336930471,0.789148536903659,,BTC/стейбл
8453:0x0b1c2dcbbfa744ebd3fc17ff1a96a1e1eb4b2d69,Base,v3,Uniswap v3,uniswapv3,WETH/USDC,Голубая фишка/стейбл,1.0,,83.33333315734748,765329.11066,0.02978684945830218,9.060166691100045,19.041649374616775,,0.0,1.234654739538085,2.594859835425229,7.338218856625198,0.6689123840375109,5.5930472189843305,0.2207481344601078,1.1226793381915021,-12.091503720832819,90.0,20.0,24.03238142203833; -107.02400036599589; 11.343182948080553,23.768065690307953,,2.1531272891909965; -8.494135578782009; 1.0351346737830984,2.6943374814709715,,ETH/стейбл
8453:0xb4cb800910b228ed3d0834cf79d697127bbb00e5,Base,v3,Uniswap v3,uniswapv3,WETH/USDC,Голубая фишка/стейбл,0.01,,74.99999768354625,698340.484708,10.785940095138233,29.526510098483634,21.318318412990834,,0.0,0.9372657249559029,0.676711507575654,31.50281645034316,0.4587665401268987,2.630834229250067,0.35626179503642663,0.5961199668312761,108.7463242792205,90.0,20.0,2.2834050917567827; -117.12053402453316; -2.1973680306678793,9.34785932553553,,0.21568904297469393; -10.1037695685689; -0.18246803243922233,1.2095349898319485,,ETH/стейбл
8453:0xd960b78f53e8a346c577f2c7b3f0a2394e73afb9,Base,v3,Uniswap v3,uniswapv3,WBTC/CBBTC,"Коррелир. (ETH/LST, BTC/BTC)",0.01,,75.0000180203324,362262.573542,0.2860270220319737,0.7829991609445518,1.7707889931614114,,0.0,0.00044985483916984865,0.0010173676262454846,1740.559604492595,0.005625824520256989,0.0003956237691590598,0.04498548391698486,0.9568362268471593,37.31987103542358,90.0,0.25,4.112440353210864; 1.4857614597778441; 0.982572907760062,2.249029677348716,0.1,9.56076062569445; 3.332083031041705; 1.9655645359601446,5.0912424077167415,,ETH/ETH или BTC/BTC
8453:0xdf5bde0fc414fcd1f803c9d1b52ebbb4db5982d8dca5316ae06b467e06fc429a,Base,v4,Uniswap v4,uniswapv4,USDC/OUSD,Стейбл/стейбл,0.0125,0x0000000000000000000000000000000000000000,80.00005175877274,10006936.348916,0.009646970850077282,0.03521146638404591,0.008216008822944047,,0.0,1.1312373198844779e-05,2.639553746397115e-06,3112.6507024752077,6.444568138254607e-06,5.191557311075806e-10,0.0011312373198844778,2.1481555727771022,,5.125,,,,,,,,стейбл/стейбл
8453:0xe070797535b13431808f8fc81fdbe7b41362960ed0b55bc2b6117c49c51b7eb9,Base,v4,Uniswap v4,uniswapv4,ETH/USDC,Голубая фишка/стейбл,0.3499,0x0000000000000000000000000000000000000000,85.7387823256162,4554183.747121,0.10661452175484647,11.674290107146675,26.90141552266803,,0.0,1.4956883857808654,3.4465594386495697,7.805295687344519,0.461911359587771,2.667026301452789,0.56080751245915,0.7319548987137748,-15.506849796146426,90.0,20.0,41.29941731288155; -110.2878481351466; 21.974419009054895,32.521561112806346,,3.625657680342547; -7.698477102350368; 1.9248306006546347,3.8393319891166113,,ETH/стейбл
8453:0x12d76c5c8ec8edffd3c143995b0aa43fe44a6d71eb9113796272909e54b8e078,Base,v4,Uniswap v4,uniswapv4,USDC/CBBTC,Голубая фишка/стейбл,0.0625,0x0000000000000000000000000000000000000000,79.99999997808871,3274360.641807,0.9704155229617684,17.710083289201638,19.161834948473448,,0.0,1.116115743158301,1.207607288150493,15.867604590082179,0.3755136960880609,1.7626316993714573,0.6332098438694258,0.7290653796358633,1.8958492923150994,90.0,20.0,16.100128856667805; -80.14488807177251; 4.354753969328354,12.271786781796102,,1.4069887242177872; -6.163179244120662; 0.3821282881182409,1.405169153399402,,BTC/стейбл
8453:0x2fbe93bf7177596c5d04675bdcef7bacaf98bd954dc26829fcda39f122239459,Base,v4,Uniswap v4,uniswapv4,ETH/CBBTC,ETH/BTC,0.0625,0x0000000000000000000000000000000000000000,79.99999987311574,1979326.683309,0.5911202779968937,10.787945056333054,16.77348568753182,,0.0,0.2755881715468039,0.4284944191831697,39.145167210127916,0.20064648351786976,0.5032376418510848,0.5476302816559863,0.6429645795131369,-27.319492662113387,90.0,15.0,9.172754796181591; 2.4273654061631347; 4.8050519353874135,10.188564599343103,10.0,13.271808167093328; 3.401120109797178; 6.962453083743444,14.724329969311249,,ETH/BTC
8453:0xf97db19953c4309b3af2ceb9cce172939e8868321a24656667d44cccb31c9ddc,Base,v4,Uniswap v4,uniswapv4,USDC/CBBTC,Голубая фишка/стейбл,0.1762,0x0000000000000000000000000000000000000000,85.1305346325475,1322480.988767,0.16809646366710893,9.203281509868113,3.813930032964715,,0.0,0.4827717242423749,0.2000653328032926,19.063422830554213,0.3781220303158633,1.7872033726273828,0.2701269098058203,1.376776215140109,2841.1044521538956,90.0,20.0,12.74161302412049; -81.05216754889315; -0.8860013303745229,9.037818407548981,,1.1470238287425307; -6.462898662500917; 0.05288098342471736,1.1050384448425492,,BTC/стейбл
8453:0xb24f7fcd75c3a001b74be4c60f181c024154c4d7c33097777e3950979042b073,Base,v4,Uniswap v4,uniswapv4,TBTC/USDC,Голубая фишка/стейбл,0.3499,0x0000000000000000000000000000000000000000,85.73878222578679,975572.411047,0.24850226361783218,27.210997776177464,16.834308810463195,,0.0,1.0330171396595609,0.6390845965507024,26.341283925981195,0.40220119576398644,2.022072523424757,0.5108704696258637,1.74231870021703,,90.0,20.0,-0.26352911253068967; -84.67402884889262; 3.0971693269943343,3.790294418494102,,-0.011861090840014488; -7.4776136855838615; 0.2764799349643823,0.34816818790890647,,BTC/стейбл
8453:0x64f978ef116d3c2e1231cfd8b80a369dcd8e91b28037c9973b65b59fd2cbbb96,Base,v4,Uniswap v4,uniswapv4,USDC/CBBTC,Голубая фишка/стейбл,0.3,0x5cd525c621afca515bf58631d4733fba7b72aae4,99.99999163041001,660548.545007,0.008449690264537412,0.9252410065279616,0.8924426182440326,,0.0,0.7372809977831373,0.7111455063068166,1.2549367328196224,0.37821273759577023,1.7880609359960868,0.4123354987185687,0.7517900740667854,3.6419405035306607,90.0,20.0,4.102691613326181; -82.77019667496303; -0.5808501267155073,5.093011296091487,,0.398596493970502; -6.940061135273217; 0.03570147753036811,0.6324722472415631,,BTC/стейбл
8453:0x96d4b53a38337a5733179751781178a2613306063c511b78cd02684739288c0a,Base,v4,Uniswap v4,uniswapv4,ETH/USDC,Голубая фишка/стейбл,0.0625,0x0000000000000000000000000000000000000000,79.99999821992799,434344.324241,0.9709857959376379,17.72049038156502,20.665677889468416,,0.0,2.1758017997233656,2.537425216583516,8.144349537636208,0.45707500906801757,2.611469548931604,0.8331714228157562,0.739947198585417,-5.043251541382898,90.0,20.0,28.51565039698735; -110.65405755436231; 14.402326099456408,25.776047000381638,,2.5970415377202274; -7.94851297386218; 1.335821782762126,3.2277795000136886,,ETH/стейбл
8453:0xaf15cd1f9c3874bbcfddfc2b544544612c9de8c8bae28ba21c129c6b286c1e19,Base,v4,Uniswap v4,uniswapv4,ETH/USDC,Голубая фишка/стейбл,0.009,0x4440854b2d02c57a0dc5c58b7a884562d875c0c4,100.00001685208417,365722.811064,0.5870662200090557,1.928512857724303,2.1209755995985464,,1.2377959873024738,0.3993605366665152,0.43921612983788055,4.829002068711415,0.45908578717387954,2.634496999813258,0.151588913061895,0.7277898114883193,4.763114501760501,90.0,20.0,-4.061065701334385; -122.14617866280597; -10.014311139918712,2.9778071856998523,,-0.32439074538964635; -11.483031534750921; -0.8461240548336959,0.3504879835102018,,ETH/стейбл
8453:0x8356320a0db330746136ba9e748a5d07c0f97eab2e50b4ded222569ff3da3b8e,Base,v4,Uniswap v4,uniswapv4,ETH/CBETH,"Коррелир. (ETH/LST, BTC/BTC)",0.0063,0x0000000000000000000000000000000000000000,79.3650857469051,351990.787221,1.2362542534190633,2.2561641939102044,3.232305463255379,,0.0,6.416507527126864e-05,9.19264315555257e-05,35161.87247302199,0.0020683706923753814,5.3476966513467676e-05,0.006416507527126863,1.203111382122588,207.99619875410355,45.916666666666664,,,,,,,,ETH/ETH или BTC/BTC
8453:0x1d8c55f347727c0fb4f5e1b65cdb93639e0c7102580a7d345e1144cd5a718f54,Base,v4,Uniswap v4,uniswapv4,WETH/USDC,Голубая фишка/стейбл,0.3499,0x0000000000000000000000000000000000000000,85.73878383011272,341387.958595,0.0988027674972675,10.818903207618318,16.05025492443829,,0.0,1.5182620113293963,2.2523995137296104,7.125847269369036,0.4640276721001737,2.691521005933829,0.5640907159863061,0.7364077996244958,4.566245557951931,90.0,20.0,41.44767309522382; -112.53988340565033; 11.83668187288515,28.50576197310975,,3.9224197154634535; -8.642454782864165; 1.1328253966179211,3.365793528014627,,ETH/стейбл
8453:0xe6195a1f1c8f5d0bcf0a880db26738a1df4f6863017700a8f6377a72d45366f2,Base,v4,Uniswap v4,uniswapv4,ETH/CBBTC,ETH/BTC,0.3499,0x0000000000000000000000000000000000000000,85.73877906046471,319961.418527,0.028441093894675588,3.114299656194953,4.312562055509913,,0.0,0.3360703763441733,0.4653772960221819,9.266808012276467,0.21276145520338136,0.5658429602532556,0.5939287045185779,0.9012772200708771,-15.141991521592457,90.0,15.0,9.932440932911115; 6.672158299759018; 5.4219904823353104,11.804222834971865,10.0,13.82317833919256; 8.629209846510639; 7.668236054318838,16.511675086794163,,ETH/BTC
8453:0xf272fa039c68a79015b721df554f3bcb8a54016df9075e67a654b4d63e6afc51,Base,v4,Uniswap v4,uniswapv4,WBTC/USDC,Голубая фишка/стейбл,0.3499,0x0000000000000000000000000000000000000000,85.73878420954921,316375.801906,0.053387744037177456,5.845958088000422,3.084211398137362,,0.0,0.5142394001178042,0.27130249573122445,11.368164490432285,0.38370827784418404,1.8404005310768694,0.27941711134853264,2.0473797624606394,4.1822766725629235,90.0,20.0,0.3055457994898886; -85.10354032675961; -5.2242427597620615,1.3338976088927046,,0.029398867473061422; -7.532313099011774; -0.44849231485318336,0.13282628323345133,,BTC/стейбл
8453:0xc211e1f853a898bd1302385ccde55f33a8c4b3f3,Base,v3,Pancake v3,pancakev3,WETH/CBBTC,ETH/BTC,0.01,,66.66666689628059,6188774.378376,5.062314808496181,12.318299409767503,13.326993303146239,,6.479502572853966,0.3183280503747647,0.3443945998084941,38.69687071329492,0.20199160995015372,0.510007631128188,0.6241633084402897,0.4711909149574451,4.059347559294357,90.0,15.0,3.507974171135259; 4.527903436426514; 5.012559189568757,9.024417639200603,10.0,5.079788582858152; 6.479740324253186; 7.267110553485569,13.055809491763602,,ETH/BTC
8453:0x72ab388e2e2f6facef59e3c3fa2c4e29011c2d38,Base,v3,Pancake v3,pancakev3,WETH/USDC,Голубая фишка/стейбл,0.01,,66.66666682348803,5011743.465559,9.611316450310113,23.387536750769588,24.758154787718095,,14.238343594675742,0.9918072901075894,1.0499317935764616,23.580726804531306,0.4587527561980388,2.630676141491215,0.37701611173824584,0.4712514194027754,19.339650056840064,90.0,20.0,4.6194431527067294; -117.94710343400408; -1.59036400825548,10.030534167855492,,0.4044023206176856; -10.468858331095495; -0.13756281766658202,1.164005303317499,,ETH/стейбл
8453:0xb94b22332abf5f89877a14cc88f2abc48c34b3df,Base,v3,Pancake v3,pancakev3,USDC/CBBTC,Голубая фишка/стейбл,0.01,,66.66666815406134,1763393.541516,4.9684762750085625,12.089959205592276,11.527417437864337,,12.130341102480392,0.5536464515870153,0.527885466932245,21.836966842172792,0.37452597908781343,1.7533713626460656,0.31576108939722314,0.6413055280539945,13.261440594708462,90.0,20.0,5.498445423501738; -83.59297196147001; -2.577807261373785,5.181028660512352,,0.48116173804237095; -7.002692313311942; -0.22316155606061025,0.6052025020922714,,BTC/стейбл
8453:0xb775272e537cc670c65dc852908ad47015244eaf,Base,v3,Pancake v3,pancakev3,WETH/USDC,Голубая фишка/стейбл,0.05,,66.66666620539183,1228629.364509,1.6889368780829404,20.548731874496582,24.18098093591704,,20.33500163736074,1.0509667659428281,1.2367384754816415,19.55221852906281,0.45756343831765933,2.6170537510634806,0.40158394359143423,0.4786027297308741,-10.807625294403545,90.0,20.0,8.72251294878508; -117.80709886749993; -1.5102473021387928,11.52930318349391,,0.7656020985101591; -10.362947955214365; -0.1267906585513477,1.3293772073710457,,ETH/стейбл
8453:0xd974d59e30054cf1abeded0c9947b0d8baf90029,Base,v3,Pancake v3,pancakev3,WETH/CBBTC,ETH/BTC,0.05,,66.66666596769481,417262.803784,0.5508792712473187,6.702364396570916,5.364609923930392,,8.612353837703369,0.16751765341353111,0.13408206608335704,40.009899016586495,0.2065345774328641,0.5332066459421467,0.3141702277876463,0.7823479753581276,55.45172981801241,90.0,15.0,-3.0830378265944027; -0.5427414130609334; 1.6785651000499484,4.0414565744154185,20.0,-2.3789835922282263; -0.4035470609793022; 1.305782102088527,3.141303334286256,,ETH/BTC
4663:0x52e65b17fb6e5ba00ed806f37afcd2daa50271ca,Robinhood,v3,Uniswap v3,uniswapv3,WETH/USDG,Голубая фишка/стейбл,0.01,,75.00000014678663,24304166.443943,12.015805932781685,32.89326880536709,47.6246198995836,,0.0,1.4400559400435364,2.084989399640349,22.841660445755082,0.48510776540173356,2.941619300663292,0.4895453125830474,0.5130143560679475,-17.243475838166024,82.375,,,,,,,,ETH/стейбл
4663:0x69bfaf19c9f377bb306a89aed9f6b07e2c1a8d9a,Robinhood,v3,Uniswap v3,uniswapv3,WETH/USDG,Голубая фишка/стейбл,0.05,,74.99999995327869,5647439.267376,2.289035382134884,31.33117177345345,45.329977490031666,,0.0,1.3794702308943578,1.9958192105535018,22.71246676569481,0.4816042418875836,2.8992830725514267,0.4757970147704124,0.5854555553010857,9.210863194559593,82.375,,,,,,,,ETH/стейбл
4663:0xa9188730fe85be88ad499d7d52b099e800fb0334,Robinhood,v3,Uniswap v3,uniswapv3,WETH/USDG,Голубая фишка/стейбл,0.3,,83.33333309503365,1373536.735512,0.32044189685339536,29.24032300425681,46.88973905904244,,0.0,1.4123000866958197,2.2647623464552478,20.70404390660819,0.48849400708219565,2.9828299369402527,0.47347656975192437,0.9136303525586364,-26.720472753414626,82.33333333333333,,,,,,,,ETH/стейбл
4663:0xd30e44aae604b42a63f6f9a8109fd0408f35b9fb,Robinhood,v3,Uniswap v3,uniswapv3,WETH/CBBTC,ETH/BTC,0.3,,83.3333333780643,1289195.151779,0.20726574897911187,18.912999604495923,26.837979342300606,,0.0,0.30369612487838027,0.4309517525652138,62.276064971424724,0.17425992431569898,0.3795815152814142,0.8000814387740298,2.9353246006570823,298.143575919802,37.166666666666664,,,,,,,,ETH/BTC
4663:0xbac3aa3b91584a53a579b3c999a56756e954e59247e497bad1d25a4334bde551,Robinhood,v4,Uniswap v4,uniswapv4,ETH/USDG,Голубая фишка/стейбл,0.07,0x06a889870c8f83640d6816319f72e2aa579b6080,134.69013789498317,28294515.805762,2.503730333269306,86.16169877109317,75.29651925791774,,0.0,1.5279144996549687,1.3352411244045677,56.39170175461393,0.40254543470690646,2.025535337542154,0.7543262619693353,0.5526084441311926,172.63725917572955,46.458333333333336,,,,,,,,ETH/стейбл
4663:0xa5f23cae4e5c3388c5a8a6b08a83f53e56df8f1a63757e606b362994b68a2361,Robinhood,v4,Uniswap v4,uniswapv4,USDE/USDG,Стейбл/стейбл,0.0125,0x0000000000000000000000000000000000000000,79.99998667061993,998964.903894,0.06832038239048711,0.24936935417603476,0.4992164937654143,,0.0,0.0006118282698362647,0.0012248287872559007,407.58063409324006,0.0027919849730101195,9.743975111892898e-05,0.06118282698362647,1.016381750287006,-1.3721431051507582,82.375,,,,,,,,стейбл/стейбл
4663:0x54f7883914619af9105355bf83ed678bcf9f63560218ac61c9963b9503d0ba32,Robinhood,v4,Uniswap v4,uniswapv4,ETH/USDG,Голубая фишка/стейбл,0.0577,0x0000000000000000000000000000000000000000,79.7227039811398,805323.466343,1.7683461486296383,29.690531962720506,49.31919892499052,,0.0,1.9402994584492308,3.2230481786403358,15.30203589627883,0.4777280241197365,2.8528008128668443,0.6801384273651337,1.0638593439343451,-53.465279567817035,82.375,,,,,,,,ETH/стейбл
4663:0x94c62eebf6454231b2fcd0259ede448ae3c6ad8617718cd88dab20b30cfae48a,Robinhood,v4,Uniswap v4,uniswapv4,USDG/CBBTC,Голубая фишка/стейбл,0.1762,0x0000000000000000000000000000000000000000,85.1305332498822,706453.372995,0.34049323706461826,18.642004677872265,58.136862272731136,,0.0,1.1664229003084245,3.637600605662455,15.982200514875833,0.39462591355072496,1.946620145571803,0.5992041657237641,0.9854204650872898,-37.94199293456305,37.25,,,,,,,,BTC/стейбл
4663:0xd313d79d9d6a714e7bdf02fc42a2c27ede7e51928ffd605126fe9e1192630cf8,Robinhood,v4,Uniswap v4,uniswapv4,ETH/USDG,Голубая фишка/стейбл,0.3499,0x0000000000000000000000000000000000000000,85.73878381553304,443843.93382,0.13446921277656354,14.724379023362077,11.295552901183806,,0.0,1.7216827944514215,1.3207592016565393,8.55231815687262,0.4822360493847245,2.9068950915773306,0.5922755174206191,0.9778719886840801,738.6409935599563,80.08333333333333,,,,,,,,ETH/стейбл
4663:0x24107d152f14a76d292123265ae3f3c71f863fc2f4ef7ba49d64e78d28ea379e,Robinhood,v4,Uniswap v4,uniswapv4,ETH/USDG,Голубая фишка/стейбл,0.0125,0x0000000000000000000000000000000000000000,80.00000204441389,410658.944217,8.405522849412067,30.68015918439082,102.45461095197126,,0.0,1.4978656693047356,5.002035468088718,20.482583861229447,0.47099200792767,2.7729183941467292,0.5401766140924074,1.087876779435757,-37.81289156854566,82.375,,,,,,,,ETH/стейбл
4663:0x84bd4e2d8be11aeb0afc1195b38f587b61e90068548f1063fdbe448fb8cad0b6,Robinhood,v4,Uniswap v4,uniswapv4,WETH/USDG,Голубая фишка/стейбл,0.0252,0x0000000000000000000000000000000000000000,79.36508561793318,303690.214395,3.1816154571475037,23.225794667043118,58.11952946594712,,0.0,1.9878071114373026,4.9742286816017796,11.684128974792474,0.4785627873347845,2.8627792677704775,0.6943626893684332,0.9904025133212746,-46.744354550158995,81.20833333333333,,,,,,,,ETH/стейбл
56:0x813c0decbb1097fff46d0ed6a39fb5f6a83043f4,Binance Smart Chain,v3,Uniswap v3,uniswapv3,USDT/BTCB,Голубая фишка/стейбл,0.05,,74.99999937797934,1280488.894521,0.7130835190437129,9.760330585962457,21.323542286588104,,0.0,1.0286706489213644,2.247352370706997,9.48829501084421,0.3792504943985902,1.7978867187696888,0.5721554301403893,0.6498757944529804,-23.087406622377372,90.0,20.0,20.74387697237806; -74.37869785252695; 12.367572867572619,18.07537890663671,,1.8185138241233862; -5.43946971877679; 1.0923968572255005,1.9860638024584851,,BTC/стейбл
56:0x3fb2623567e21f8c50f0ae86f54ef4849b4eb47b,Binance Smart Chain,v3,Uniswap v3,uniswapv3,ETH/BTCB,ETH/BTC,0.3,,83.33333280524118,581123.630158,0.23564861727993422,21.502936190527606,28.041963513115736,,0.0,0.31637212266838,0.41258065604741984,67.96722798824757,0.21174736186149193,0.5604618156912701,0.56448470495384,0.7667462360704281,30.607168045029255,90.0,15.0,-3.386985180260032; 0.5697135495303034; 6.0013062144973315,5.584471040540644,20.0,-2.6220395943398827; 0.4502890795628264; 4.654656992451542,4.3315092964946835,,ETH/BTC
56:0x2c3c320d49019d4f9a92352e947c7e5acfe47d68,Binance Smart Chain,v3,Uniswap v3,uniswapv3,USDT/USDC,Стейбл/стейбл,0.01,,75.00001637815436,303523.984707,0.38762633580718814,1.0611273259962224,1.6839766737656832,,0.0,0.00026807548123220735,0.000425427605287355,3958.315475621854,0.0028563134403809106,0.00010198158087125793,0.026807548123220733,0.7086335449297994,-7.727659137777754,90.0,0.1,0.38377411491216057; 0.41888256582621275; 0.7775651949335072,0.6173057814491689,0.1,0.38377411491216057; 0.41888256582621275; 0.7775651949335072,0.6173057814491689,,стейбл/стейбл
56:0x628ea54a6450645d2bb7b2911c8c6f3d7f3944c2f4703c259a1b85bf5569870b,Binance Smart Chain,v4,Uniswap v4,uniswapv4,USDT/USDC,Стейбл/стейбл,0.0003,0x0000000000000000000000000000000000000000,66.66688025629874,579266.927662,35.46884724968016,2.5892341447035987,2.9877169895899556,,0.0,0.0006424740136445321,0.0007413506923899904,4030.0994121392896,0.0031412518467276887,0.00012334328955712645,0.06424740136445321,0.7626173672406675,28.597231567981996,90.0,0.1,0.671861081462342; 1.8722242161773557; 1.6526729906917745,1.4867844978640707,0.05,1.2598187958083296; 1.4129168876555014; 2.718277710606153,1.9416787073048851,,стейбл/стейбл
56:0xee47ca9aa3dc46e1f16b0198e82de6dd66c555a5d71577c78b6fb6d5ccbaf5c1,Binance Smart Chain,v4,Uniswap v4,uniswapv4,USDT/BTCB,Голубая фишка/стейбл,0.0625,0x0000000000000000000000000000000000000000,80.00016212553892,553779.703492,0.007156267995602941,0.13060215559352803,1.277002060880964,,0.0,0.9867503187049077,9.648249562456368,0.13235582813384955,0.3743205688307387,1.7514486031220977,0.563390965025149,2.1986417358592987,7.673410720894447,90.0,20.0,0.8292498901936415; -75.9896143528291; 36.00616193810698,18.895091272788402,,0.8268229254483472; 15.33672101783224; 8.8495968010489,11.178847045425565,,BTC/стейбл
56:0x4f31fa980a675570939b737ebdde0471a4be40eb,Binance Smart Chain,v3,Pancake v3,pancakev3,USDT/USDC,Стейбл/стейбл,0.05,,66.66667793431772,39967900.600208,0.0302881450669008,0.368505827263542,0.37653952740013213,,0.0,0.001946086845621711,0.0019885129811148313,189.3573393667416,0.001807854841812048,4.085423911329082e-05,0.1946086845621711,1.0307119040498487,-3.5504468873944206,90.0,0.1,1.7200646089388223; 2.566648103864657; 3.926797378667546,2.8579199044446244,0.05,3.429610976302438; 1.992145576499876; 6.417646444818226,4.135845851305056,,стейбл/стейбл
56:0x92b7807bf19b7dddf89b706143896d05228f3121,Binance Smart Chain,v3,Pancake v3,pancakev3,USDT/USDC,Стейбл/стейбл,0.01,,66.66666133989551,30174700.22918,1.0385249482000483,2.527077172036008,1.2360352940039498,,0.011380787659587372,0.0015400966012509706,0.0007532867521366708,1640.8562748488275,0.0029856916398857277,0.00011142943210604408,0.15400966012509706,1.7514936314901828,3.4960533824376583,90.0,0.1,0.48863207662237074; 0.3796107300502808; 1.4880058731562986,0.8954172530347054,0.1,0.48863207662237074; 0.3796107300502808; 1.4880058731562986,0.8954172530347054,,стейбл/стейбл
56:0x46cf1cf8c69595804ba91dfdd8d6b960c9b0a7c4,Binance Smart Chain,v3,Pancake v3,pancakev3,USDT/BTCB,Голубая фишка/стейбл,0.05,,66.66666793787336,23936171.094769,1.7206383536522656,20.934433701949114,13.574454187842894,,1.4203512331147172,1.0859839425127793,0.7041814212055902,19.276927477869013,0.38327468108539153,1.8362435145138574,0.5914160806717903,0.6703184917641523,42.23890866580982,90.0,20.0,7.62738208275081; -82.53201946723168; 0.7042772249116327,7.114748068951942,,0.6655143843800821; -6.929156004041208; 0.061668334232160005,0.763459811672487,,BTC/стейбл
56:0x24618d12b5ea15bb6fe3c81bbb9e011b5d5b107c,Binance Smart Chain,v3,Pancake v3,pancakev3,USDT/USDF,Стейбл/стейбл,0.01,,66.66662406033812,10980878.958466,0.0021957966142315136,0.005343101679878649,0.010344316621918353,,0.0,0.00028912558006428496,0.000559751006600476,18.48021084364327,0.00916731118993255,0.0010504949306632818,0.028912558006428495,1.2859878119538448,-0.05330513434830264,90.0,0.1,0.05447272126769955; 0.3579612831146126; 0.7967879196807189,0.5237796695148094,0.25,0.061331611138017855; 0.181740158126798; 0.3973519038865409,0.2618110966976104,,стейбл/стейбл
56:0xbe141893e4c6ad9272e8c04bab7e6a10604501a5,Binance Smart Chain,v3,Pancake v3,pancakev3,ETH/USDT,Голубая фишка/стейбл,0.05,,66.66667264588044,5433374.900291,2.2489663410230896,27.362426269867633,14.885600426429345,,3.623704353705743,3.367454523139077,1.8319494766742026,8.125551832058866,0.4573741546430563,2.61488896669313,1.2878001957374368,1.3666337590338555,4.690938030365488,90.0,20.0,10.760455651668453; -117.63570662741142; 6.721144623973604,14.689941598886353,,0.9441804655410821; -10.682441838353766; 0.5909113843115452,1.4815473787961753,,ETH/стейбл
56:0x9c4ee895e4f6ce07ada631c508d1306db7502cce,Binance Smart Chain,v3,Pancake v3,pancakev3,USDT/USD1,Стейбл/стейбл,0.01,,66.66666043523584,5305509.618515,0.11267253241067622,0.2741698032389239,0.28302288376970064,,0.0,0.0004664767573579707,0.0004815395259409384,587.745903551049,0.002985917478259989,0.00011144628983723116,0.04664767573579707,0.8681007551818756,0.5042749244670963,90.0,0.1,1.0850334093506715; 1.2229750330106526; 0.9761664131564732,1.243167297025781,0.1,1.0850334093506715; 1.2229750330106526; 0.9761664131564732,1.243167297025781,,стейбл/стейбл
56:0x4bba1018b967e59220b22ca03f68821a3276c9a6,Binance Smart Chain,v3,Pancake v3,pancakev3,ETH/BTCB,ETH/BTC,0.05,,66.66666597567774,4313935.006218,0.5937969208426842,7.2245291287049485,8.318120756264967,,0.0,0.2822240284255617,0.32494485203691054,25.598561430110337,0.20367490947450545,0.5185433593680999,0.5442631234724163,0.6225582220586996,10.054309563083885,90.0,15.0,-0.5100936535831928; 1.2402315804874342; 4.462674342332784,6.430854454011621,20.0,-0.3928873896839619; 0.9633843019979789; 3.458502953184618,4.983826125521951,,ETH/BTC
56:0x247f51881d1e3ae0f759afb801413a6c948ef442,Binance Smart Chain,v3,Pancake v3,pancakev3,USDT/BTCB,Голубая фишка/стейбл,0.01,,66.66667685169281,2026259.142427,3.174169633874882,7.723813955770741,6.7174636520342945,,1.7795473495956882,0.7491634629893361,0.6515535408906449,10.309918111797565,0.388971690140715,1.8912371966365547,0.3961234816667501,0.5524998169200166,113.55626789766342,90.0,20.0,6.9842785903097; -79.24357428169562; 1.1628959846036317,8.302738927514543,,0.6163704283347609; -6.577593129629555; 0.10877760947252985,0.8935462051801522,,BTC/стейбл
56:0x9f599f3d64a9d99ea21e68127bb6ce99f893da61,Binance Smart Chain,v3,Pancake v3,pancakev3,ETH/USDT,Голубая фишка/стейбл,0.01,,66.66669546953071,1564515.344268,2.203018714359409,5.3606811876514655,6.90009905993233,,0.0,1.017615649306869,1.309842637411341,5.267883990682336,0.46172127674756264,2.6648317175174916,0.3818686345623585,0.6133129384413897,2.801156556467954,90.0,20.0,8.152008455119587; -112.62251652218067; 0.36784626389623853,13.483943063941387,,0.735740640723637; -9.680466598844923; 0.05032081679666589,1.5766436143614246,,ETH/стейбл
56:0xd4dca84e1808da3354924cd243c66828cf775470,Binance Smart Chain,v3,Pancake v3,pancakev3,ETH/BTCB,ETH/BTC,0.25,,66.6666674747754,1322900.995145,0.011483293707353301,0.6985670423317644,0.968168583279737,,0.6052647884751471,0.17783703709975535,0.24647059169700425,3.928130234985372,0.22433242776759252,0.6290629768512764,0.2827014840229577,0.9937321331085383,13.271783100524793,90.0,15.0,-4.724462176424599; -3.264228209693196; 2.8831140739791286,2.8805329989039725,20.0,-3.6425538800326196; -2.5054139319499047; 2.2561457763691823,2.25251032854116,,ETH/BTC
56:0xd881d9d0e0767719701305c614903f555d589586,Binance Smart Chain,v3,Pancake v3,pancakev3,TUSD/USDT,Стейбл/стейбл,0.01,,66.66684431493215,993302.565509,0.03603124726216739,0.08767626863704048,0.13100074245754845,,0.0,0.00022080479524132316,0.000329913585106428,397.0759264590103,0.006868728753580071,0.0005897429336282204,0.022080479524132314,3.908083037357002,0.030289230839342096,90.0,0.1,-1.3436107803041653; -1.5574689388409153; 0.5730713395053589,0.22218543282762493,0.25,-0.8768441424790989; -1.075150267638553; 0.24267885292276634,0.11913668319670577,,стейбл/стейбл
56:0xb3f27fe82bd1e5d7458e02b543cf0c6610ffad83,Binance Smart Chain,v3,Pancake v3,pancakev3,USDC/USD1,Стейбл/стейбл,0.01,,66.66666747692845,350482.185426,1.312690672930069,3.194214009618744,2.4151545640663583,,2.286262408818446,0.0005049222787377388,0.0003817732131660737,6326.149873212165,0.0035397546319047104,0.00015662328567613566,0.05049222787377388,0.625216866073829,2.3376685885599047,90.0,0.1,0.7523978832149562; 0.9794173499068195; 0.7176538336174568,0.8648303885473753,0.05,1.424198588481783; 1.7135779528220092; 1.2133347978120914,1.5411044870794424,,стейбл/стейбл
56:0x3c2c41b2711bf990822e25135eab4effe9bd33c8d016fd19dc131d7c9e2a432d,Binance Smart Chain,v4,Pancake Infinity,pancakev4,USDT/USDC,Стейбл/стейбл,0.04,0x1e9c64cad39ddd36fb808e004067cffc710eb71d,24.641966731301377,1036983.486179,0.07077192168135078,0.2546180635789885,0.31577987798043744,,0.0,0.0001377582354714752,0.00017084914627232524,1848.2964935458306,0.0022269978758973656,6.199399424064222e-05,0.01377582354714752,0.6845370990875067,-0.0721607420116066,90.0,0.1,0.2805182206941845; 0.13432660811843256; 0.3096050618476996,0.35700253540052873,0.1,0.2805182206941845; 0.13432660811843256; 0.3096050618476996,0.35700253540052873,,стейбл/стейбл
137:0x50eaedb835021e4a108b7290636d62e9765cc6d7,Polygon,v3,Uniswap v3,uniswapv3,WBTC/WETH,ETH/BTC,0.05,,75.0000004346595,1514647.910945,0.3126618752057737,4.279559441681044,4.274282528892014,,0.0,0.3544769255980033,0.354039837657622,12.072885800567747,0.20625607641589988,0.5317696132310191,0.6665986863074221,0.5302420822448669,8.671911377050945,90.0,15.0,-0.7639010147969081; 0.08548859911742511; 5.105408603148328,6.211245191218618,20.0,-0.5781837890849602; 0.08165000507713255; 3.9646041248540134,4.82447604673066,,ETH/BTC
137:0x31083a78e11b18e450fd139f9abea98cd53181b7,Polygon,v3,Uniswap v3,uniswapv3,USDC/USDT0,Стейбл/стейбл,0.01,,75.00000177824082,1393540.545209,1.6564388069391192,4.5345013415083075,5.77542751264581,,0.0,0.0007300303956071844,0.0009298128535683692,6211.387044695379,0.003254886107996633,0.0001324285447003684,0.07300303956071844,0.7476672011995359,45.83976749210643,90.0,0.1,1.6719676531083798; 3.211900290120511; 2.170309930301646,2.4538356807029817,0.05,2.96228962756402; 2.1907520163473295; 3.241502396046647,2.962747629808235,,стейбл/стейбл
137:0xdac8a8e6dbf8c690ec6815e0ff03491b2770255d,Polygon,v3,Uniswap v3,uniswapv3,USDC/USDT0,Стейбл/стейбл,0.01,,75.0000050508094,1052749.719211,1.8603092110125916,5.092596808103424,6.713459053778631,,0.0,0.0010351427131494208,0.0013646060117085991,4919.705025608694,0.003343754013351165,0.00013975863627252528,0.10351427131494208,0.919744310681539,-8.801424417708004,90.0,0.1,3.7857353805049323; 3.1411499810642547; 2.3689847568709137,3.209941721866837,0.05,6.9617989832178955; 2.394337751031623; 3.3657802198434457,4.415806102169494,,стейбл/стейбл
137:0x45dda9cb7c25131df268515131f647d726f50608,Polygon,v3,Uniswap v3,uniswapv3,USDC/WETH,Голубая фишка/стейбл,0.05,,75.00000156656931,709795.488865,1.7868033768348752,24.45687173127247,16.52565301557018,,0.0,4.470076156510914,3.0204569221833797,5.471242742844478,0.45829430820485234,2.625420911662052,1.7026131454407751,1.4355520009345304,2.1580856465424736,90.0,20.0,3.8691404228288686; -120.03071973167945; 19.54370482333856,16.28368421515716,,0.3751879459855202; -11.041883641761025; 1.7881910769617113,1.62689479809678,,ETH/стейбл
137:0xeef1a9507b3d505f0062f2be9453981255b503c8,Polygon,v3,Uniswap v3,uniswapv3,WBTC/USDC,Голубая фишка/стейбл,0.05,,75.00000024753292,651115.818391,1.5458582521478286,21.15893489610718,20.143546907673763,,0.0,0.9504205050005146,0.9048111409433525,22.26270875342249,0.36787849597840266,1.6916823475416454,0.5618197212861308,0.5590654824503117,4.111784648199612,90.0,20.0,7.434711261959483; -81.70873101990314; 1.6650526223878204,7.784348021024533,,0.6545672200657827; -6.836346264652827; 0.15244582775424836,0.8347608283118974,,BTC/стейбл
137:0x4ccd010148379ea531d6c587cfdd60180196f9b1,Polygon,v3,Uniswap v3,uniswapv3,WETH/USDT0,Голубая фишка/стейбл,0.3,,83.3333338026467,607814.841327,0.12873444188698407,11.747017888343688,11.177887274666025,,0.0,1.4848650045968563,1.412924862909216,7.911168929146542,0.5632689221695557,3.9658984835256628,0.3744082231970848,0.7811819296803202,-1.022711113970609,90.0,20.0,0.3443109031260726; -116.12771842619497; 2.0845222183794467,8.873505328439,,0.051524120162293616; -10.279299743820077; 0.21189959278147857,1.0426852811003422,,ETH/стейбл
137:0xa4d8c89f0c20efbe54cba9e7e7a7e509056228d9,Polygon,v3,Uniswap v3,uniswapv3,USDC/WETH,Голубая фишка/стейбл,0.05,,75.00000039614734,425543.8316,1.0244724190109225,14.022466309278169,18.56923914036474,,0.0,1.3091949100513556,1.7337002514319726,10.710755290614529,0.45425729864252695,2.579371167125074,0.5075635979565374,0.58851499279131,-3.8308626749574914,90.0,20.0,7.63824404867398; -118.55336213491232; 4.493356255965,12.95489162098307,,0.6989418022663327; -10.151327471622027; 0.4313681959759136,1.5720915337389536,,ETH/стейбл
137:0xbb98b3d2b18aef63a3178023a920971cf5f29be4,Polygon,v3,Uniswap v3,uniswapv3,WETH/USDT0,Голубая фишка/стейбл,0.05,,75.00000157369553,423015.851857,2.4127730393642843,33.0248316692457,66.22738164800032,,0.0,1.9310784867442754,3.8725487903986373,17.101755260566495,0.4541125689681576,2.5777278161857464,0.7491397945969659,0.6828953016193652,-26.828762543617135,90.0,20.0,11.73187196912065; -115.02820751809261; 17.693394016742975,19.695941056749334,,1.0520318375364663; -9.009090691030671; 1.5744845381012327,2.426922014658937,,ETH/стейбл
137:0xe6ba22265aefe9dc392f544437acce2aedf8ef36,Polygon,v3,Uniswap v3,uniswapv3,WBTC/USDC,Голубая фишка/стейбл,0.3,,83.33333499161424,314590.404462,0.13903513731386974,12.686956532353062,20.15703594809623,,0.0,1.2220673910209676,1.941620613973765,10.381552298645193,0.43771651481396784,2.3949468417610817,0.5102691089888,0.8343809967597873,-29.004616716778052,90.0,20.0,4.826881577476233; -81.75897499736453; 8.891808471585714,8.794879300755554,,0.4450466734781699; -6.956182810492377; 0.8199185337574803,0.8959395065399702,,BTC/стейбл
137:0xe3f907c3512aea11d4cf0c2990970016b5ee5b1f83368c388287001f419052a4,Polygon,v4,Uniswap v4,uniswapv4,USDC/USDC,Стейбл/стейбл,0.0016,0x0000000000000000000000000000000000000000,81.25000118658528,1537466.022756,20.528342337078886,9.740698581198323,5.867047701329847,,0.0,0.0005307568407777633,0.0003196871021818622,18352.46921532739,0.0005096914413478776,3.2473170672909613e-06,0.05307568407777633,0.7984903021365808,48.519866020151746,90.0,0.1,0.6479405034247974; 0.6043692171590099; 0.7616316333941298,0.6716139148519285,0.05,1.2901416376769035; 1.2070830379381188; 1.521379806621932,1.340134862896884,,стейбл/стейбл
137:0xe1882ad75ae55f11733eb6a8b969fceabf23def0dd9fc8242395ef03f3fd49ff,Polygon,v4,Uniswap v4,uniswapv4,DAI/USDT0,Стейбл/стейбл,0.0025,0x0000000000000000000000000000000000000000,80.00000958286927,756845.051239,6.137359933829006,4.480273288368526,5.003242542954222,,0.0,0.010411522744538512,0.011626829476596386,430.31873418503613,0.0029943043410774017,0.00011207323108743716,1.041152274453851,0.4254258427111723,75.02721309080044,90.0,0.1,32.10553787095732; 39.399066190820584; 24.091074223076138,31.93831907024838,0.05,59.13452782878665; 36.81043127177671; 35.55708600060097,43.956127629425104,,стейбл/стейбл
137:0xa37d3e6da98dfeb7dc8103a6614f586916a6e04d41ea0a929bc19a029de1a399,Polygon,v4,Uniswap v4,uniswapv4,USDC/USDT0,Стейбл/стейбл,0.001,0x0000000000000000000000000000000000000000,80.00004448098433,597024.206093,13.437956314115125,3.923885425448981,4.614879146771954,,0.0,0.0022913944268100036,0.0026949075242442885,1712.4443437316343,0.003257770810401786,0.00013266338316382387,0.22913944268100034,0.4180558948638679,4.5348540544715155,90.0,0.1,7.055070890711988; 4.586537566743961; 5.432703866195488,5.77999340371397,0.05,13.177919095101567; 5.163242598994238; 7.620575988843031,8.797507073098691,,стейбл/стейбл
137:0x6da799cefb9ea6ceb8e45b37585c4cd7844b3aec34aa999c266beff925af1829,Polygon,v4,Uniswap v4,uniswapv4,USDC/DAI,Стейбл/стейбл,0.0063,0x0000000000000000000000000000000000000000,79.36508918655315,456465.729115,2.113282131972593,3.8567403681237415,6.007934094892561,,0.0,0.0002739014722240929,0.00042667689202448224,14080.758079928624,0.0011581461420036377,1.6766281077973876e-05,0.02739014722240929,0.7412870691432684,-13.856265052236171,90.0,0.1,1.345975478857208; 1.1646225985003276; 0.7167201330736983,1.0827040155887746,0.05,2.6760586731313927; 2.323908840062392; 1.4291498342419862,2.1568964794543817,,стейбл/стейбл
137:0xebc6eba1c4392ad3b9e9c07cc7a21cafa70b19d269b1496bcca5de0e5b2d9f9a,Polygon,v4,Uniswap v4,uniswapv4,WBTC/USDT0,Голубая фишка/стейбл,0.0625,0x0000000000000000000000000000000000000000,80.00000019453736,320343.867832,0.689908239947657,12.590825409662065,12.84290935438667,,0.0,0.9402959278848759,0.9591218188806961,13.39027963035442,0.37180781847765954,1.7280131735139526,0.5441485876943656,1.0740068782261054,10.278624105951884,90.0,20.0,2.099467610412272; -82.79319183117855; 2.161931043603994,5.616167324347214,,0.19026523711646404; -6.672448335870353; 0.2144518341844893,0.7353965466274766,,BTC/стейбл
10:0xc1738d90e2e26c35784a0d3e3d8a9f795074bca4,Optimism,v3,Uniswap v3,uniswapv3,USDC/WETH,Голубая фишка/стейбл,0.3,,83.33333406821346,6045341.267072,0.3016027701395508,27.521253017931873,47.21382984232904,,0.0,1.3476311569327686,2.3119161068788463,20.421947709023524,0.6762255799217933,5.716012936757071,0.23576418945219096,0.8219272061875837,21.18093768088405,90.0,20.0,12.128435627868612; -116.22176112034577; 17.08969184262111,18.041315631453084,,1.060385712177838; -9.590191967108396; 1.4931066532870392,2.0717807456705573,,ETH/стейбл
10:0x73b14a78a0d396c521f954532d43fd5ffe385216,Optimism,v3,Uniswap v3,uniswapv3,WETH/WBTC,ETH/BTC,0.3,,83.33333457517661,805823.071119,0.05554015643426079,5.068039350150823,9.683977644172721,,0.0,0.30254029087917356,0.5780920807665473,16.751617893349817,0.2585605316369754,0.8356693565049419,0.36203348671836144,1.082274274653666,5.136395173536434,89.58333333333333,15.0,-2.5739836764361765; -0.5737488058166395; 7.767331904216762,6.86385054040876,20.0,-1.9771887840273703; -0.4259639045852641; 6.035726775208999,5.335122434387229,,ETH/BTC
10:0xc858a329bf053be78d6239c4a4343b8fbd21472b,Optimism,v3,Uniswap v3,uniswapv3,WETH/USDT,Голубая фишка/стейбл,0.05,,75.00005913628407,443453.255157,0.33848725825679277,4.633048000470207,7.3244160197055415,,0.0,1.4106507644995634,2.2301070605488786,3.2843338103700015,0.4548608457724873,2.5862298627107814,0.5454467852370154,0.8333467831573365,3.55071839374439,90.0,20.0,21.669788410050852; -110.87931826591651; 9.70010467449557,21.76330206082849,,2.145786071168595; -8.432813641940525; 1.0102536502609594,2.7976461306764246,,ETH/стейбл
10:0x03af20bdaaffb4cc0a521796a223f7d85e2aac31,Optimism,v3,Uniswap v3,uniswapv3,WETH/DAI,Голубая фишка/стейбл,0.3,,100.0000025947527,355949.503249,0.021350181684052217,2.337844955065011,4.2055235913228906,,0.0,1.6081401759846428,2.8928656853848085,1.4537569485406208,0.7381083639507532,6.810049461675718,0.23614221673933847,0.7559564108535064,2.974416783906464,90.0,20.0,8.957482106229108; -119.22499764496419; 15.304335506938049,15.531890763443712,,1.2009620378281094; -9.812261484010143; 1.8189535129151915,2.185729627271778,,ETH/стейбл
10:0xadab76dd2dca7ae080a796f0ce86170e482afb4a,Optimism,v3,Uniswap v3,uniswapv3,USDC/WBTC,Голубая фишка/стейбл,0.3,,83.3333337447622,332483.325381,0.08917409205158644,8.137135939881494,10.786299923090972,,0.0,1.1615506461154073,1.5397104997908335,7.00540778578588,0.5147798557312212,3.3124787483332114,0.35065904851461516,1.2849039390644246,8.49143508237431,90.0,20.0,4.714707837722493; -81.6823811269826; 8.754530849860016,8.944715209976529,,0.43595292190814805; -6.909281791607482; 0.8319740318712684,0.9369388653084207,,BTC/стейбл
